#if defined(LV_LVGL_H_INCLUDE_SIMPLE)
#include "lvgl.h"
#else
#include "lvgl/lvgl.h"
#endif


#ifndef LV_ATTRIBUTE_MEM_ALIGN
#define LV_ATTRIBUTE_MEM_ALIGN
#endif

#ifndef LV_ATTRIBUTE_IMG__18_54X206
#define LV_ATTRIBUTE_IMG__18_54X206
#endif

const LV_ATTRIBUTE_MEM_ALIGN LV_ATTRIBUTE_LARGE_CONST LV_ATTRIBUTE_IMG__18_54X206 uint8_t _18_54x206_map[] = {
#if LV_COLOR_DEPTH == 1 || LV_COLOR_DEPTH == 8
  /*Pixel format: Red: 3 bit, Green: 3 bit, Blue: 2 bit*/
  0x00, 0x00, 0x00, 0x00, 0x00, 0x00, 0x00, 0x00, 0x00, 0x00, 0x00, 0x00, 0x00, 0x00, 0x00, 0x00, 0x00, 0x00, 0x00, 0x00, 0x00, 0x00, 0x00, 0x00, 0x00, 0x00, 0x00, 0x00, 0x00, 0x00, 0x00, 0x00, 0x00, 0x00, 0x00, 0x00, 0x00, 0x00, 0x00, 0x00, 0x00, 0x00, 0x00, 0x00, 0x00, 0x00, 0x00, 0x00, 0x00, 0x00, 0x00, 0x00, 0x00, 0x00, 
  0x00, 0x00, 0x00, 0x00, 0x00, 0x00, 0x00, 0x00, 0x00, 0x00, 0x00, 0x00, 0x00, 0x00, 0x00, 0x00, 0x00, 0x00, 0x00, 0x00, 0x00, 0x00, 0x00, 0x00, 0x00, 0x00, 0x00, 0x00, 0x00, 0x00, 0x00, 0x00, 0x00, 0x00, 0x00, 0x00, 0x00, 0x00, 0x90, 0x00, 0x00, 0x00, 0x00, 0x00, 0x00, 0x00, 0x00, 0x00, 0x00, 0x00, 0x00, 0x00, 0x00, 0x00, 
  0x00, 0x00, 0x00, 0x00, 0x00, 0x00, 0x00, 0x00, 0x00, 0x00, 0x00, 0x00, 0x00, 0x00, 0x00, 0x00, 0x00, 0x00, 0x00, 0x00, 0x00, 0x00, 0x00, 0x00, 0x00, 0x00, 0x00, 0x00, 0x00, 0x00, 0x00, 0x00, 0x00, 0x00, 0x00, 0x00, 0x00, 0x00, 0x49, 0x00, 0x00, 0x00, 0x00, 0x00, 0x00, 0x00, 0x00, 0x00, 0x00, 0x00, 0x00, 0x00, 0x00, 0x00, 
  0x00, 0x00, 0x00, 0x00, 0x00, 0x00, 0x00, 0x00, 0x00, 0x00, 0x00, 0x00, 0x00, 0x00, 0x00, 0x00, 0x00, 0x00, 0x00, 0x00, 0x00, 0x00, 0x00, 0x00, 0x00, 0x00, 0x24, 0x24, 0x20, 0x24, 0x24, 0x24, 0x24, 0x24, 0x24, 0x24, 0x24, 0x00, 0x8d, 0x92, 0x00, 0x00, 0x00, 0x00, 0x00, 0x00, 0x00, 0x00, 0x00, 0x00, 0x00, 0x00, 0x00, 0x00, 
  0x00, 0x00, 0x00, 0x00, 0x00, 0x00, 0x00, 0x00, 0x00, 0x00, 0x00, 0x00, 0x00, 0x00, 0x00, 0x00, 0x00, 0x00, 0x00, 0x00, 0x00, 0x00, 0x00, 0x00, 0x00, 0x24, 0x20, 0x24, 0x24, 0x24, 0x24, 0x24, 0x24, 0x24, 0x24, 0x24, 0x24, 0x00, 0x6d, 0x92, 0x00, 0x00, 0x00, 0x00, 0x00, 0x00, 0x00, 0x00, 0x00, 0x00, 0x00, 0x00, 0x00, 0x00, 
  0x00, 0x00, 0x00, 0x00, 0x00, 0x00, 0x00, 0x00, 0x00, 0x00, 0x00, 0x00, 0x00, 0x00, 0x00, 0x00, 0x00, 0x00, 0x00, 0x00, 0x00, 0x00, 0x00, 0x00, 0x00, 0x20, 0x00, 0x24, 0x24, 0x24, 0x24, 0x24, 0x24, 0x24, 0x24, 0x24, 0x24, 0x00, 0x8d, 0x6d, 0x00, 0x00, 0x00, 0x00, 0x00, 0x00, 0x00, 0x00, 0x00, 0x00, 0x00, 0x00, 0x00, 0x00, 
  0x00, 0x00, 0x00, 0x00, 0x00, 0x00, 0x00, 0x00, 0x00, 0x00, 0x00, 0x00, 0x00, 0x00, 0x00, 0x00, 0x00, 0x00, 0x00, 0x00, 0x00, 0x00, 0x00, 0x00, 0x00, 0x24, 0x24, 0x24, 0x24, 0x24, 0x24, 0x24, 0x24, 0x24, 0x24, 0x24, 0x24, 0x00, 0x8d, 0x89, 0x00, 0x00, 0x00, 0x00, 0x00, 0x00, 0x00, 0x00, 0x00, 0x00, 0x00, 0x00, 0x00, 0x00, 
  0x00, 0x00, 0x00, 0x00, 0x00, 0x00, 0x00, 0x00, 0x00, 0x00, 0x00, 0x00, 0x00, 0x00, 0x00, 0x00, 0x00, 0x00, 0x00, 0x00, 0x00, 0x00, 0x00, 0x00, 0x00, 0x00, 0x24, 0x24, 0x24, 0x24, 0x24, 0x24, 0x24, 0x24, 0x24, 0x24, 0x24, 0x00, 0x8d, 0x6d, 0x00, 0x00, 0x00, 0x00, 0x00, 0x00, 0x00, 0x00, 0x00, 0x00, 0x00, 0x00, 0x00, 0x00, 
  0x00, 0x00, 0x00, 0x00, 0x00, 0x00, 0x00, 0x00, 0x00, 0x00, 0x00, 0x00, 0x00, 0x00, 0x00, 0x00, 0x00, 0x00, 0x00, 0x00, 0x00, 0x00, 0x00, 0x00, 0x00, 0x24, 0x20, 0x24, 0x24, 0x24, 0x24, 0x24, 0x24, 0x24, 0x24, 0x24, 0x24, 0x00, 0x6d, 0x6e, 0x00, 0x00, 0x00, 0x00, 0x00, 0x00, 0x00, 0x00, 0x00, 0x00, 0x00, 0x00, 0x00, 0x00, 
  0x00, 0x00, 0x00, 0x00, 0x00, 0x00, 0x00, 0x00, 0x00, 0x00, 0x00, 0x00, 0x00, 0x00, 0x00, 0x00, 0x00, 0x00, 0x00, 0x00, 0x00, 0x00, 0x00, 0x00, 0x00, 0x20, 0x00, 0x24, 0x24, 0x24, 0x24, 0x24, 0x24, 0x24, 0x24, 0x24, 0x24, 0x00, 0x6d, 0x6d, 0x00, 0x00, 0x00, 0x00, 0x00, 0x00, 0x00, 0x00, 0x00, 0x00, 0x00, 0x00, 0x00, 0x00, 
  0x00, 0x00, 0x00, 0x00, 0x00, 0x00, 0x00, 0x00, 0x00, 0x00, 0x00, 0x00, 0x00, 0x00, 0x00, 0x00, 0x00, 0x00, 0x00, 0x00, 0x00, 0x00, 0x00, 0x00, 0x00, 0x00, 0x24, 0x24, 0x24, 0x24, 0x24, 0x24, 0x24, 0x24, 0x24, 0x24, 0x24, 0x00, 0x8d, 0x69, 0x00, 0x00, 0x00, 0x00, 0x00, 0x00, 0x00, 0x00, 0x00, 0x00, 0x00, 0x00, 0x00, 0x00, 
  0x00, 0x00, 0x00, 0x00, 0x00, 0x00, 0x00, 0x00, 0x00, 0x00, 0x00, 0x00, 0x00, 0x00, 0x00, 0x00, 0x00, 0x00, 0x00, 0x00, 0x00, 0x00, 0x00, 0x00, 0x00, 0x24, 0x24, 0x24, 0x24, 0x24, 0x24, 0x24, 0x24, 0x24, 0x24, 0x24, 0x24, 0x00, 0x8d, 0x6d, 0x00, 0x00, 0x00, 0x00, 0x00, 0x00, 0x00, 0x00, 0x00, 0x00, 0x00, 0x00, 0x00, 0x00, 
  0x00, 0x00, 0x00, 0x00, 0x00, 0x00, 0x00, 0x00, 0x00, 0x00, 0x00, 0x00, 0x00, 0x00, 0x00, 0x00, 0x00, 0x00, 0x00, 0x00, 0x00, 0x00, 0x00, 0x00, 0x00, 0x24, 0x20, 0x24, 0x24, 0x24, 0x24, 0x24, 0x24, 0x24, 0x24, 0x24, 0x24, 0x00, 0x8d, 0x8e, 0x00, 0x00, 0x00, 0x00, 0x00, 0x00, 0x00, 0x00, 0x00, 0x00, 0x00, 0x00, 0x00, 0x00, 
  0x00, 0x00, 0x00, 0x00, 0x00, 0x00, 0x00, 0x00, 0x00, 0x00, 0x00, 0x00, 0x00, 0x00, 0x00, 0x00, 0x00, 0x00, 0x00, 0x00, 0x00, 0x00, 0x00, 0x00, 0x00, 0x20, 0x00, 0x24, 0x24, 0x24, 0x24, 0x24, 0x24, 0x24, 0x24, 0x24, 0x24, 0x00, 0x6d, 0x6d, 0x00, 0x00, 0x00, 0x00, 0x00, 0x00, 0x00, 0x00, 0x00, 0x00, 0x00, 0x00, 0x00, 0x00, 
  0x00, 0x00, 0x00, 0x00, 0x00, 0x00, 0x00, 0x00, 0x00, 0x00, 0x00, 0x00, 0x00, 0x00, 0x00, 0x00, 0x00, 0x00, 0x00, 0x00, 0x00, 0x00, 0x00, 0x00, 0x00, 0x24, 0x24, 0x24, 0x24, 0x24, 0x24, 0x24, 0x24, 0x24, 0x24, 0x24, 0x24, 0x00, 0x8d, 0x8d, 0x6d, 0x00, 0x00, 0x00, 0x00, 0x00, 0x00, 0x00, 0x00, 0x00, 0x00, 0x00, 0x00, 0x00, 
  0x00, 0x00, 0x00, 0x00, 0x00, 0x00, 0x00, 0x00, 0x00, 0x00, 0x00, 0x00, 0x00, 0x00, 0x00, 0x00, 0x00, 0x00, 0x00, 0x00, 0x00, 0x00, 0x00, 0x00, 0x00, 0x00, 0x24, 0x24, 0x24, 0x24, 0x24, 0x24, 0x24, 0x24, 0x24, 0x24, 0x24, 0x00, 0x00, 0x6d, 0x8d, 0x49, 0x00, 0x00, 0x00, 0x00, 0x00, 0x00, 0x00, 0x00, 0x00, 0x00, 0x00, 0x00, 
  0x00, 0x00, 0x00, 0x00, 0x00, 0x00, 0x00, 0x00, 0x00, 0x00, 0x00, 0x00, 0x00, 0x00, 0x00, 0x00, 0x00, 0x00, 0x00, 0x00, 0x00, 0x00, 0x00, 0x00, 0x00, 0x24, 0x20, 0x24, 0x24, 0x24, 0x24, 0x24, 0x24, 0x24, 0x24, 0x24, 0x24, 0x24, 0x00, 0x00, 0x8d, 0x8d, 0x69, 0x00, 0x00, 0x00, 0x00, 0x00, 0x00, 0x00, 0x00, 0x00, 0x00, 0x00, 
  0x00, 0x00, 0x00, 0x00, 0x00, 0x00, 0x00, 0x00, 0x00, 0x00, 0x00, 0x00, 0x00, 0x00, 0x00, 0x00, 0x00, 0x00, 0x00, 0x00, 0x00, 0x00, 0x00, 0x00, 0x00, 0x20, 0x00, 0x24, 0x24, 0x24, 0x24, 0x24, 0x24, 0x24, 0x24, 0x24, 0x24, 0x24, 0x24, 0x00, 0x00, 0x6d, 0x8d, 0x69, 0x00, 0x00, 0x00, 0x00, 0x00, 0x00, 0x00, 0x00, 0x00, 0x00, 
  0x00, 0x00, 0x00, 0x00, 0x00, 0x00, 0x00, 0x00, 0x00, 0x00, 0x00, 0x00, 0x00, 0x00, 0x00, 0x00, 0x00, 0x00, 0x00, 0x00, 0x00, 0x00, 0x00, 0x00, 0x00, 0x00, 0x24, 0x24, 0x24, 0x24, 0x24, 0x24, 0x24, 0x24, 0x24, 0x24, 0x24, 0x24, 0x24, 0x24, 0x00, 0x00, 0x6d, 0x8d, 0x6d, 0x00, 0x00, 0x00, 0x00, 0x00, 0x00, 0x00, 0x00, 0x00, 
  0x00, 0x00, 0x00, 0x00, 0x00, 0x00, 0x00, 0x00, 0x00, 0x00, 0x00, 0x00, 0x00, 0x00, 0x00, 0x00, 0x00, 0x00, 0x00, 0x00, 0x00, 0x00, 0x00, 0x00, 0x00, 0x24, 0x24, 0x24, 0x24, 0x24, 0x24, 0x24, 0x24, 0x24, 0x24, 0x24, 0x24, 0x24, 0x24, 0x24, 0x24, 0x00, 0x00, 0x8d, 0x8d, 0x6d, 0x00, 0x00, 0x00, 0x00, 0x00, 0x00, 0x00, 0x00, 
  0x00, 0x00, 0x00, 0x00, 0x00, 0x00, 0x00, 0x00, 0x00, 0x00, 0x00, 0x00, 0x00, 0x00, 0x00, 0x00, 0x00, 0x00, 0x00, 0x00, 0x00, 0x00, 0x00, 0x00, 0x00, 0x24, 0x20, 0x24, 0x24, 0x24, 0x24, 0x24, 0x24, 0x24, 0x24, 0x24, 0x24, 0x24, 0x24, 0x24, 0x24, 0x24, 0x00, 0x00, 0x8d, 0x8d, 0x6d, 0x00, 0x00, 0x00, 0x00, 0x00, 0x00, 0x00, 
  0x00, 0x00, 0x00, 0x00, 0x00, 0x00, 0x00, 0x00, 0x00, 0x00, 0x00, 0x00, 0x00, 0x00, 0x00, 0x00, 0x00, 0x00, 0x00, 0x00, 0x00, 0x00, 0x00, 0x00, 0x00, 0x20, 0x00, 0x24, 0x24, 0x24, 0x24, 0x24, 0x24, 0x24, 0x24, 0x24, 0x24, 0x24, 0x24, 0x24, 0x24, 0x24, 0x24, 0x00, 0x00, 0x8d, 0x8d, 0x8d, 0x00, 0x00, 0x00, 0x00, 0x00, 0x00, 
  0x00, 0x00, 0x00, 0x00, 0x00, 0x00, 0x00, 0x00, 0x00, 0x00, 0x00, 0x00, 0x00, 0x00, 0x00, 0x00, 0x00, 0x00, 0x00, 0x00, 0x00, 0x00, 0x00, 0x00, 0x00, 0x24, 0x24, 0x24, 0x24, 0x24, 0x24, 0x24, 0x24, 0x24, 0x24, 0x24, 0x24, 0x24, 0x24, 0x24, 0x24, 0x24, 0x25, 0x24, 0x00, 0x00, 0x8d, 0x8d, 0x8d, 0x00, 0x00, 0x00, 0x00, 0x00, 
  0x00, 0x00, 0x00, 0x00, 0x00, 0x00, 0x00, 0x00, 0x00, 0x00, 0x00, 0x00, 0x00, 0x00, 0x00, 0x00, 0x00, 0x00, 0x00, 0x00, 0x00, 0x00, 0x00, 0x00, 0x00, 0x00, 0x24, 0x24, 0x24, 0x24, 0x24, 0x24, 0x24, 0x24, 0x24, 0x24, 0x24, 0x24, 0x24, 0x24, 0x24, 0x24, 0x25, 0x25, 0x25, 0x00, 0x00, 0x6d, 0x8d, 0x69, 0x00, 0x00, 0x00, 0x00, 
  0x00, 0x00, 0x00, 0x00, 0x00, 0x00, 0x00, 0x00, 0x00, 0x00, 0x00, 0x00, 0x00, 0x00, 0x00, 0x00, 0x00, 0x00, 0x00, 0x00, 0x00, 0x00, 0x00, 0x00, 0x00, 0x24, 0x20, 0x24, 0x24, 0x24, 0x24, 0x24, 0x24, 0x24, 0x24, 0x24, 0x24, 0x24, 0x24, 0x24, 0x24, 0x24, 0x25, 0x24, 0x25, 0x25, 0x00, 0x00, 0x8d, 0x8d, 0x6d, 0x00, 0x00, 0x00, 
  0x00, 0x00, 0x00, 0x00, 0x00, 0x00, 0x00, 0x00, 0x00, 0x00, 0x00, 0x00, 0x00, 0x00, 0x00, 0x00, 0x00, 0x00, 0x00, 0x00, 0x00, 0x00, 0x00, 0x00, 0x00, 0x20, 0x00, 0x24, 0x24, 0x24, 0x24, 0x24, 0x24, 0x24, 0x24, 0x24, 0x24, 0x24, 0x24, 0x24, 0x24, 0x24, 0x25, 0x25, 0x25, 0x25, 0x25, 0x00, 0x00, 0x6d, 0x8d, 0x6d, 0x00, 0x00, 
  0x00, 0x00, 0x00, 0x00, 0x00, 0x00, 0x00, 0x00, 0x00, 0x00, 0x00, 0x00, 0x00, 0x00, 0x00, 0x00, 0x00, 0x00, 0x00, 0x00, 0x00, 0x00, 0x00, 0x00, 0x00, 0x00, 0x24, 0x24, 0x24, 0x24, 0x24, 0x24, 0x24, 0x24, 0x24, 0x24, 0x24, 0x24, 0x24, 0x24, 0x24, 0x24, 0x25, 0x25, 0x25, 0x25, 0x25, 0x25, 0x00, 0x00, 0x6d, 0x8d, 0x6d, 0x00, 
  0x00, 0x00, 0x00, 0x00, 0x00, 0x00, 0x00, 0x00, 0x00, 0x00, 0x00, 0x00, 0x00, 0x00, 0x00, 0x00, 0x00, 0x00, 0x00, 0x00, 0x00, 0x00, 0x00, 0x00, 0x00, 0x24, 0x24, 0x24, 0x24, 0x24, 0x24, 0x24, 0x24, 0x24, 0x24, 0x24, 0x24, 0x24, 0x24, 0x24, 0x24, 0x24, 0x24, 0x25, 0x25, 0x25, 0x25, 0x25, 0x25, 0x00, 0x00, 0x8d, 0x6d, 0x00, 
  0x00, 0x00, 0x00, 0x00, 0x00, 0x00, 0x00, 0x00, 0x00, 0x00, 0x00, 0x00, 0x00, 0x00, 0x00, 0x00, 0x00, 0x00, 0x00, 0x00, 0x00, 0x00, 0x00, 0x00, 0x00, 0x24, 0x20, 0x24, 0x24, 0x24, 0x24, 0x24, 0x24, 0x24, 0x24, 0x24, 0x24, 0x24, 0x24, 0x24, 0x24, 0x24, 0x25, 0x25, 0x25, 0x25, 0x25, 0x25, 0x25, 0x25, 0x00, 0x8d, 0x8d, 0x00, 
  0x00, 0x00, 0x00, 0x00, 0x00, 0x00, 0x00, 0x00, 0x00, 0x00, 0x00, 0x00, 0x00, 0x00, 0x00, 0x00, 0x00, 0x00, 0x00, 0x00, 0x00, 0x00, 0x00, 0x00, 0x00, 0x20, 0x00, 0x24, 0x24, 0x24, 0x24, 0x24, 0x24, 0x24, 0x24, 0x24, 0x24, 0x24, 0x24, 0x24, 0x24, 0x24, 0x25, 0x25, 0x25, 0x25, 0x25, 0x25, 0x25, 0x25, 0x00, 0x8d, 0x8d, 0x00, 
  0x00, 0x00, 0x00, 0x00, 0x00, 0x00, 0x00, 0x00, 0x00, 0x00, 0x00, 0x00, 0x00, 0x00, 0x00, 0x00, 0x00, 0x00, 0x00, 0x00, 0x00, 0x00, 0x00, 0x00, 0x00, 0x24, 0x24, 0x24, 0x24, 0x24, 0x24, 0x24, 0x24, 0x24, 0x24, 0x24, 0x24, 0x24, 0x24, 0x24, 0x24, 0x24, 0x24, 0x24, 0x25, 0x25, 0x25, 0x25, 0x25, 0x25, 0x00, 0x8d, 0x8d, 0x00, 
  0x00, 0x00, 0x00, 0x00, 0x00, 0x00, 0x00, 0x00, 0x00, 0x00, 0x00, 0x00, 0x00, 0x00, 0x00, 0x00, 0x00, 0x00, 0x00, 0x00, 0x00, 0x00, 0x00, 0x00, 0x00, 0x00, 0x24, 0x24, 0x24, 0x24, 0x24, 0x24, 0x24, 0x24, 0x24, 0x24, 0x24, 0x24, 0x24, 0x24, 0x24, 0x24, 0x25, 0x25, 0x25, 0x25, 0x25, 0x25, 0x25, 0x25, 0x00, 0x8d, 0x6d, 0x00, 
  0x00, 0x00, 0x00, 0x00, 0x00, 0x00, 0x00, 0x00, 0x00, 0x00, 0x00, 0x00, 0x00, 0x00, 0x00, 0x00, 0x00, 0x00, 0x00, 0x00, 0x00, 0x00, 0x00, 0x00, 0x00, 0x24, 0x20, 0x24, 0x24, 0x24, 0x24, 0x24, 0x24, 0x24, 0x24, 0x24, 0x24, 0x24, 0x24, 0x24, 0x24, 0x24, 0x25, 0x24, 0x25, 0x25, 0x25, 0x25, 0x25, 0x25, 0x00, 0x8d, 0x6d, 0x00, 
  0x00, 0x00, 0x00, 0x00, 0x00, 0x00, 0x00, 0x00, 0x00, 0x00, 0x00, 0x00, 0x00, 0x00, 0x00, 0x00, 0x00, 0x00, 0x00, 0x00, 0x00, 0x00, 0x00, 0x00, 0x00, 0x20, 0x00, 0x24, 0x24, 0x24, 0x24, 0x24, 0x24, 0x24, 0x24, 0x24, 0x24, 0x24, 0x24, 0x24, 0x24, 0x24, 0x25, 0x25, 0x25, 0x25, 0x25, 0x25, 0x25, 0x25, 0x00, 0x8d, 0x6d, 0x00, 
  0x00, 0x00, 0x00, 0x00, 0x00, 0x00, 0x00, 0x00, 0x00, 0x00, 0x00, 0x00, 0x00, 0x00, 0x00, 0x00, 0x00, 0x00, 0x00, 0x00, 0x00, 0x00, 0x00, 0x00, 0x00, 0x00, 0x24, 0x24, 0x24, 0x24, 0x24, 0x24, 0x24, 0x24, 0x24, 0x24, 0x24, 0x24, 0x24, 0x24, 0x24, 0x24, 0x25, 0x25, 0x25, 0x25, 0x25, 0x25, 0x25, 0x25, 0x00, 0x8d, 0x8d, 0x00, 
  0x00, 0x00, 0x00, 0x00, 0x00, 0x00, 0x00, 0x00, 0x00, 0x00, 0x00, 0x00, 0x00, 0x00, 0x00, 0x00, 0x00, 0x00, 0x00, 0x00, 0x00, 0x00, 0x00, 0x00, 0x00, 0x24, 0x24, 0x24, 0x24, 0x24, 0x24, 0x24, 0x24, 0x24, 0x24, 0x24, 0x24, 0x24, 0x24, 0x24, 0x24, 0x24, 0x24, 0x25, 0x25, 0x25, 0x25, 0x25, 0x25, 0x25, 0x00, 0x8d, 0x8d, 0x00, 
  0x00, 0x00, 0x00, 0x00, 0x00, 0x00, 0x00, 0x00, 0x00, 0x00, 0x00, 0x00, 0x00, 0x00, 0x00, 0x00, 0x00, 0x00, 0x00, 0x00, 0x00, 0x00, 0x00, 0x00, 0x00, 0x24, 0x20, 0x24, 0x24, 0x24, 0x24, 0x24, 0x24, 0x24, 0x24, 0x24, 0x24, 0x24, 0x24, 0x24, 0x24, 0x24, 0x25, 0x25, 0x25, 0x25, 0x25, 0x25, 0x25, 0x25, 0x00, 0x6d, 0x6d, 0x00, 
  0x00, 0x00, 0x00, 0x00, 0x00, 0x00, 0x00, 0x00, 0x00, 0x00, 0x00, 0x00, 0x00, 0x00, 0x00, 0x00, 0x00, 0x00, 0x00, 0x00, 0x00, 0x00, 0x00, 0x00, 0x00, 0x20, 0x00, 0x24, 0x24, 0x24, 0x24, 0x24, 0x24, 0x24, 0x24, 0x24, 0x24, 0x24, 0x24, 0x24, 0x24, 0x24, 0x25, 0x25, 0x25, 0x25, 0x25, 0x25, 0x25, 0x25, 0x00, 0x6d, 0x6d, 0x00, 
  0x00, 0x00, 0x00, 0x00, 0x00, 0x00, 0x00, 0x00, 0x00, 0x00, 0x00, 0x00, 0x00, 0x00, 0x00, 0x00, 0x00, 0x00, 0x00, 0x00, 0x00, 0x00, 0x00, 0x00, 0x00, 0x24, 0x24, 0x24, 0x24, 0x24, 0x24, 0x24, 0x24, 0x24, 0x24, 0x24, 0x24, 0x24, 0x24, 0x24, 0x24, 0x24, 0x24, 0x24, 0x25, 0x25, 0x25, 0x25, 0x25, 0x25, 0x00, 0x8d, 0x6d, 0x00, 
  0x00, 0x00, 0x00, 0x00, 0x00, 0x00, 0x00, 0x00, 0x00, 0x00, 0x00, 0x00, 0x00, 0x00, 0x00, 0x00, 0x00, 0x00, 0x00, 0x00, 0x00, 0x00, 0x00, 0x00, 0x00, 0x00, 0x24, 0x24, 0x24, 0x24, 0x24, 0x24, 0x24, 0x24, 0x24, 0x24, 0x24, 0x24, 0x24, 0x24, 0x24, 0x24, 0x25, 0x25, 0x25, 0x25, 0x25, 0x25, 0x25, 0x25, 0x00, 0x8d, 0x6d, 0x00, 
  0x00, 0x00, 0x00, 0x00, 0x00, 0x00, 0x00, 0x00, 0x00, 0x00, 0x00, 0x00, 0x00, 0x00, 0x00, 0x00, 0x00, 0x00, 0x00, 0x00, 0x00, 0x00, 0x00, 0x00, 0x00, 0x24, 0x20, 0x24, 0x24, 0x24, 0x24, 0x24, 0x24, 0x24, 0x24, 0x24, 0x24, 0x24, 0x24, 0x24, 0x24, 0x24, 0x25, 0x24, 0x25, 0x25, 0x25, 0x25, 0x25, 0x25, 0x00, 0x8d, 0x8d, 0x00, 
  0x00, 0x00, 0x00, 0x00, 0x00, 0x00, 0x00, 0x00, 0x00, 0x00, 0x00, 0x00, 0x00, 0x00, 0x00, 0x00, 0x00, 0x00, 0x00, 0x00, 0x00, 0x00, 0x00, 0x00, 0x00, 0x20, 0x00, 0x24, 0x24, 0x24, 0x24, 0x24, 0x24, 0x24, 0x24, 0x24, 0x24, 0x24, 0x24, 0x24, 0x24, 0x24, 0x25, 0x25, 0x25, 0x25, 0x25, 0x25, 0x25, 0x25, 0x00, 0x8d, 0x8d, 0x00, 
  0x00, 0x00, 0x00, 0x00, 0x00, 0x00, 0x00, 0x00, 0x00, 0x00, 0x00, 0x00, 0x00, 0x00, 0x00, 0x00, 0x00, 0x00, 0x00, 0x00, 0x00, 0x00, 0x00, 0x00, 0x00, 0x00, 0x24, 0x24, 0x24, 0x24, 0x24, 0x24, 0x24, 0x24, 0x24, 0x24, 0x24, 0x24, 0x24, 0x24, 0x24, 0x24, 0x25, 0x25, 0x25, 0x25, 0x25, 0x25, 0x25, 0x25, 0x00, 0x8d, 0x8d, 0x00, 
  0x00, 0x00, 0x00, 0x00, 0x00, 0x00, 0x00, 0x00, 0x00, 0x00, 0x00, 0x00, 0x00, 0x00, 0x00, 0x00, 0x00, 0x00, 0x00, 0x00, 0x00, 0x00, 0x00, 0x00, 0x00, 0x24, 0x24, 0x24, 0x24, 0x24, 0x24, 0x24, 0x24, 0x24, 0x24, 0x24, 0x24, 0x24, 0x24, 0x24, 0x24, 0x24, 0x24, 0x25, 0x25, 0x25, 0x25, 0x25, 0x25, 0x25, 0x00, 0x8d, 0x8d, 0x00, 
  0x00, 0x00, 0x00, 0x00, 0x00, 0x00, 0x00, 0x00, 0x00, 0x00, 0x00, 0x00, 0x00, 0x00, 0x00, 0x00, 0x00, 0x00, 0x00, 0x00, 0x00, 0x00, 0x00, 0x00, 0x00, 0x24, 0x20, 0x24, 0x24, 0x24, 0x24, 0x24, 0x24, 0x24, 0x24, 0x24, 0x24, 0x24, 0x24, 0x24, 0x24, 0x24, 0x25, 0x25, 0x25, 0x25, 0x25, 0x25, 0x25, 0x25, 0x00, 0x8d, 0x8e, 0x00, 
  0x00, 0x00, 0x00, 0x00, 0x00, 0x00, 0x00, 0x00, 0x00, 0x00, 0x00, 0x00, 0x00, 0x00, 0x00, 0x00, 0x00, 0x00, 0x00, 0x00, 0x00, 0x00, 0x00, 0x00, 0x00, 0x20, 0x00, 0x24, 0x24, 0x24, 0x24, 0x24, 0x24, 0x24, 0x24, 0x24, 0x24, 0x24, 0x24, 0x24, 0x24, 0x24, 0x25, 0x25, 0x25, 0x25, 0x25, 0x25, 0x25, 0x25, 0x00, 0x8d, 0x6d, 0x00, 
  0x00, 0x00, 0x00, 0x00, 0x00, 0x00, 0x00, 0x00, 0x00, 0x00, 0x00, 0x00, 0x00, 0x00, 0x00, 0x00, 0x00, 0x00, 0x00, 0x00, 0x00, 0x00, 0x00, 0x00, 0x00, 0x24, 0x24, 0x24, 0x24, 0x24, 0x24, 0x24, 0x24, 0x24, 0x24, 0x24, 0x24, 0x24, 0x24, 0x24, 0x24, 0x24, 0x24, 0x24, 0x25, 0x25, 0x25, 0x25, 0x25, 0x25, 0x00, 0x8d, 0x8d, 0x00, 
  0x00, 0x00, 0x00, 0x00, 0x00, 0x00, 0x00, 0x00, 0x00, 0x00, 0x00, 0x00, 0x00, 0x00, 0x00, 0x00, 0x00, 0x00, 0x00, 0x00, 0x00, 0x00, 0x00, 0x00, 0x00, 0x00, 0x24, 0x24, 0x24, 0x24, 0x24, 0x24, 0x24, 0x24, 0x24, 0x24, 0x24, 0x24, 0x24, 0x24, 0x24, 0x24, 0x25, 0x25, 0x25, 0x25, 0x25, 0x25, 0x25, 0x25, 0x00, 0x8d, 0x8d, 0x00, 
  0x00, 0x00, 0x00, 0x00, 0x00, 0x00, 0x00, 0x00, 0x00, 0x00, 0x00, 0x00, 0x00, 0x00, 0x00, 0x00, 0x00, 0x00, 0x00, 0x00, 0x00, 0x00, 0x00, 0x00, 0x00, 0x24, 0x20, 0x24, 0x24, 0x24, 0x24, 0x24, 0x24, 0x24, 0x24, 0x24, 0x24, 0x24, 0x24, 0x24, 0x24, 0x24, 0x25, 0x24, 0x25, 0x25, 0x25, 0x25, 0x25, 0x25, 0x00, 0x8d, 0x8d, 0x00, 
  0x00, 0x00, 0x00, 0x00, 0x00, 0x00, 0x00, 0x00, 0x00, 0x00, 0x00, 0x00, 0x00, 0x00, 0x00, 0x00, 0x00, 0x00, 0x00, 0x00, 0x00, 0x00, 0x00, 0x00, 0x00, 0x20, 0x00, 0x24, 0x24, 0x24, 0x24, 0x24, 0x24, 0x24, 0x24, 0x24, 0x24, 0x24, 0x24, 0x24, 0x24, 0x24, 0x25, 0x25, 0x25, 0x25, 0x25, 0x25, 0x25, 0x25, 0x00, 0x8d, 0x8d, 0x00, 
  0x00, 0x00, 0x00, 0x00, 0x00, 0x00, 0x00, 0x00, 0x00, 0x00, 0x00, 0x00, 0x00, 0x00, 0x00, 0x00, 0x00, 0x00, 0x00, 0x00, 0x00, 0x00, 0x00, 0x00, 0x00, 0x00, 0x24, 0x24, 0x24, 0x24, 0x24, 0x24, 0x24, 0x24, 0x24, 0x24, 0x24, 0x24, 0x24, 0x24, 0x24, 0x24, 0x25, 0x25, 0x25, 0x25, 0x25, 0x25, 0x25, 0x25, 0x00, 0x8d, 0x6d, 0x00, 
  0x00, 0x00, 0x00, 0x00, 0x00, 0x00, 0x00, 0x00, 0x00, 0x00, 0x00, 0x00, 0x00, 0x00, 0x00, 0x00, 0x00, 0x00, 0x00, 0x00, 0x00, 0x00, 0x00, 0x00, 0x00, 0x24, 0x24, 0x24, 0x24, 0x24, 0x24, 0x24, 0x24, 0x24, 0x24, 0x24, 0x24, 0x24, 0x24, 0x24, 0x24, 0x24, 0x24, 0x25, 0x25, 0x25, 0x25, 0x25, 0x25, 0x25, 0x00, 0x8d, 0x6d, 0x00, 
  0x00, 0x00, 0x00, 0x00, 0x00, 0x00, 0x00, 0x00, 0x00, 0x00, 0x00, 0x00, 0x00, 0x00, 0x00, 0x00, 0x00, 0x00, 0x00, 0x00, 0x00, 0x00, 0x00, 0x00, 0x00, 0x24, 0x20, 0x24, 0x24, 0x24, 0x24, 0x24, 0x24, 0x24, 0x24, 0x24, 0x24, 0x24, 0x24, 0x24, 0x24, 0x24, 0x25, 0x25, 0x25, 0x25, 0x25, 0x25, 0x25, 0x25, 0x00, 0x8d, 0x8d, 0x00, 
  0x00, 0x00, 0x00, 0x00, 0x00, 0x00, 0x00, 0x00, 0x00, 0x00, 0x00, 0x00, 0x00, 0x00, 0x00, 0x00, 0x00, 0x00, 0x00, 0x00, 0x00, 0x00, 0x00, 0x00, 0x00, 0x20, 0x00, 0x24, 0x24, 0x24, 0x24, 0x24, 0x24, 0x24, 0x24, 0x24, 0x24, 0x24, 0x24, 0x24, 0x24, 0x24, 0x25, 0x25, 0x25, 0x25, 0x25, 0x25, 0x25, 0x25, 0x00, 0x8d, 0x8d, 0x00, 
  0x00, 0x00, 0x00, 0x00, 0x00, 0x00, 0x00, 0x00, 0x00, 0x00, 0x00, 0x00, 0x00, 0x00, 0x00, 0x00, 0x00, 0x00, 0x00, 0x00, 0x00, 0x00, 0x00, 0x00, 0x00, 0x24, 0x24, 0x24, 0x24, 0x24, 0x24, 0x24, 0x24, 0x24, 0x24, 0x24, 0x24, 0x24, 0x24, 0x24, 0x24, 0x24, 0x24, 0x24, 0x25, 0x25, 0x25, 0x25, 0x25, 0x25, 0x00, 0x8d, 0x8d, 0x00, 
  0x00, 0x00, 0x00, 0x00, 0x00, 0x00, 0x00, 0x00, 0x00, 0x00, 0x00, 0x00, 0x00, 0x00, 0x00, 0x00, 0x00, 0x00, 0x00, 0x00, 0x00, 0x00, 0x00, 0x00, 0x00, 0x00, 0x24, 0x24, 0x24, 0x24, 0x24, 0x24, 0x24, 0x24, 0x24, 0x24, 0x24, 0x24, 0x24, 0x24, 0x24, 0x24, 0x25, 0x25, 0x25, 0x25, 0x25, 0x25, 0x25, 0x25, 0x00, 0x8d, 0x6d, 0x00, 
  0x00, 0x00, 0x00, 0x00, 0x00, 0x00, 0x00, 0x00, 0x00, 0x00, 0x00, 0x00, 0x00, 0x00, 0x00, 0x00, 0x00, 0x00, 0x00, 0x00, 0x00, 0x00, 0x00, 0x00, 0x00, 0x24, 0x20, 0x24, 0x24, 0x24, 0x24, 0x24, 0x24, 0x24, 0x24, 0x24, 0x24, 0x24, 0x24, 0x24, 0x24, 0x24, 0x25, 0x24, 0x25, 0x25, 0x25, 0x25, 0x25, 0x25, 0x00, 0x8d, 0x6d, 0x00, 
  0x00, 0x00, 0x00, 0x00, 0x00, 0x00, 0x00, 0x00, 0x00, 0x00, 0x00, 0x00, 0x00, 0x00, 0x00, 0x00, 0x00, 0x00, 0x00, 0x00, 0x00, 0x00, 0x00, 0x00, 0x00, 0x20, 0x00, 0x24, 0x24, 0x24, 0x24, 0x24, 0x24, 0x24, 0x24, 0x24, 0x24, 0x24, 0x24, 0x24, 0x24, 0x24, 0x25, 0x25, 0x25, 0x25, 0x25, 0x25, 0x25, 0x25, 0x00, 0x8d, 0x8d, 0x00, 
  0x00, 0x00, 0x00, 0x00, 0x00, 0x00, 0x00, 0x00, 0x00, 0x00, 0x00, 0x00, 0x00, 0x00, 0x00, 0x00, 0x00, 0x00, 0x00, 0x00, 0x00, 0x00, 0x00, 0x00, 0x00, 0x00, 0x24, 0x24, 0x24, 0x24, 0x24, 0x24, 0x24, 0x24, 0x24, 0x24, 0x24, 0x24, 0x24, 0x24, 0x24, 0x24, 0x25, 0x25, 0x25, 0x25, 0x25, 0x25, 0x25, 0x25, 0x00, 0x8d, 0x8d, 0x00, 
  0x00, 0x00, 0x00, 0x00, 0x00, 0x00, 0x00, 0x00, 0x00, 0x00, 0x00, 0x00, 0x00, 0x00, 0x00, 0x00, 0x00, 0x00, 0x00, 0x00, 0x00, 0x00, 0x00, 0x00, 0x00, 0x24, 0x24, 0x24, 0x24, 0x24, 0x24, 0x24, 0x24, 0x24, 0x24, 0x24, 0x24, 0x24, 0x24, 0x24, 0x24, 0x24, 0x24, 0x25, 0x25, 0x25, 0x25, 0x25, 0x25, 0x25, 0x00, 0x8d, 0x8d, 0x00, 
  0x00, 0x00, 0x00, 0x00, 0x00, 0x00, 0x00, 0x00, 0x00, 0x00, 0x00, 0x00, 0x00, 0x00, 0x00, 0x00, 0x00, 0x00, 0x00, 0x00, 0x00, 0x00, 0x00, 0x00, 0x00, 0x24, 0x20, 0x24, 0x24, 0x24, 0x24, 0x24, 0x24, 0x24, 0x24, 0x24, 0x24, 0x24, 0x24, 0x24, 0x24, 0x24, 0x25, 0x25, 0x25, 0x25, 0x25, 0x25, 0x25, 0x25, 0x00, 0x8d, 0x6d, 0x00, 
  0x00, 0x00, 0x00, 0x00, 0x00, 0x00, 0x00, 0x00, 0x00, 0x00, 0x00, 0x00, 0x00, 0x00, 0x00, 0x00, 0x00, 0x00, 0x00, 0x00, 0x00, 0x00, 0x00, 0x00, 0x00, 0x20, 0x00, 0x24, 0x24, 0x24, 0x24, 0x24, 0x24, 0x24, 0x24, 0x24, 0x24, 0x24, 0x24, 0x24, 0x24, 0x24, 0x25, 0x25, 0x25, 0x25, 0x25, 0x25, 0x25, 0x25, 0x00, 0x8d, 0x6d, 0x00, 
  0x00, 0x00, 0x00, 0x00, 0x00, 0x00, 0x00, 0x00, 0x00, 0x00, 0x00, 0x00, 0x00, 0x00, 0x00, 0x00, 0x00, 0x00, 0x00, 0x00, 0x00, 0x00, 0x00, 0x00, 0x00, 0x24, 0x24, 0x24, 0x24, 0x24, 0x24, 0x24, 0x24, 0x24, 0x24, 0x24, 0x24, 0x24, 0x24, 0x24, 0x24, 0x24, 0x24, 0x24, 0x25, 0x25, 0x25, 0x25, 0x25, 0x25, 0x00, 0x8d, 0x6d, 0x00, 
  0x00, 0x00, 0x00, 0x00, 0x00, 0x00, 0x00, 0x00, 0x00, 0x00, 0x00, 0x00, 0x00, 0x00, 0x00, 0x00, 0x00, 0x00, 0x00, 0x00, 0x00, 0x00, 0x00, 0x00, 0x00, 0x00, 0x24, 0x24, 0x24, 0x24, 0x24, 0x24, 0x24, 0x24, 0x24, 0x24, 0x24, 0x24, 0x24, 0x24, 0x24, 0x24, 0x25, 0x25, 0x25, 0x25, 0x25, 0x25, 0x25, 0x25, 0x00, 0x8d, 0x6d, 0x00, 
  0x00, 0x00, 0x00, 0x00, 0x00, 0x00, 0x00, 0x00, 0x00, 0x00, 0x00, 0x00, 0x00, 0x00, 0x00, 0x00, 0x00, 0x00, 0x00, 0x00, 0x00, 0x00, 0x00, 0x00, 0x00, 0x24, 0x20, 0x24, 0x24, 0x24, 0x24, 0x24, 0x24, 0x24, 0x24, 0x24, 0x24, 0x24, 0x24, 0x24, 0x24, 0x24, 0x25, 0x24, 0x25, 0x25, 0x25, 0x25, 0x25, 0x25, 0x00, 0x8d, 0x8d, 0x00, 
  0x00, 0x00, 0x00, 0x00, 0x00, 0x00, 0x00, 0x00, 0x00, 0x00, 0x00, 0x00, 0x00, 0x00, 0x00, 0x00, 0x00, 0x00, 0x00, 0x00, 0x00, 0x00, 0x00, 0x00, 0x00, 0x20, 0x00, 0x24, 0x24, 0x24, 0x24, 0x24, 0x24, 0x24, 0x24, 0x24, 0x24, 0x24, 0x24, 0x24, 0x24, 0x24, 0x25, 0x25, 0x25, 0x25, 0x25, 0x25, 0x25, 0x25, 0x00, 0x8d, 0x8d, 0x00, 
  0x00, 0x00, 0x00, 0x00, 0x00, 0x00, 0x00, 0x00, 0x00, 0x00, 0x00, 0x00, 0x00, 0x00, 0x00, 0x00, 0x00, 0x00, 0x00, 0x00, 0x00, 0x00, 0x00, 0x00, 0x00, 0x00, 0x24, 0x24, 0x24, 0x24, 0x24, 0x24, 0x24, 0x24, 0x24, 0x24, 0x24, 0x24, 0x24, 0x24, 0x24, 0x24, 0x25, 0x25, 0x25, 0x25, 0x25, 0x25, 0x25, 0x25, 0x00, 0x8d, 0x8d, 0x00, 
  0x00, 0x00, 0x00, 0x00, 0x00, 0x00, 0x00, 0x00, 0x00, 0x00, 0x00, 0x00, 0x00, 0x00, 0x00, 0x00, 0x00, 0x00, 0x00, 0x00, 0x00, 0x00, 0x00, 0x00, 0x00, 0x24, 0x24, 0x24, 0x24, 0x24, 0x24, 0x24, 0x24, 0x24, 0x24, 0x24, 0x24, 0x24, 0x24, 0x24, 0x24, 0x24, 0x24, 0x25, 0x25, 0x25, 0x25, 0x25, 0x25, 0x25, 0x00, 0x91, 0x8d, 0x00, 
  0x00, 0x00, 0x00, 0x00, 0x00, 0x00, 0x00, 0x00, 0x00, 0x00, 0x00, 0x00, 0x00, 0x00, 0x00, 0x00, 0x00, 0x00, 0x00, 0x00, 0x00, 0x00, 0x00, 0x00, 0x00, 0x24, 0x20, 0x24, 0x24, 0x24, 0x24, 0x24, 0x24, 0x24, 0x24, 0x24, 0x24, 0x24, 0x24, 0x24, 0x24, 0x24, 0x25, 0x25, 0x25, 0x25, 0x25, 0x25, 0x25, 0x25, 0xff, 0x8e, 0x8d, 0x00, 
  0x00, 0x00, 0x00, 0x00, 0x00, 0x00, 0x00, 0x00, 0x00, 0x00, 0x00, 0x00, 0x00, 0x00, 0x00, 0x00, 0x00, 0x00, 0x00, 0x00, 0x00, 0x00, 0x00, 0x00, 0x00, 0x20, 0x00, 0x24, 0x24, 0x24, 0x24, 0x24, 0x24, 0x24, 0x24, 0x24, 0x24, 0x24, 0x24, 0x24, 0x24, 0x24, 0x25, 0x25, 0x25, 0x25, 0x25, 0x25, 0x25, 0x25, 0xff, 0x92, 0x92, 0x00, 
  0x00, 0x00, 0x00, 0x00, 0x00, 0x00, 0x00, 0x00, 0x00, 0x00, 0x00, 0x00, 0x00, 0x00, 0x00, 0x00, 0x00, 0x00, 0x00, 0x00, 0x00, 0x00, 0x00, 0x00, 0x00, 0x24, 0x24, 0x24, 0x24, 0x24, 0x24, 0x24, 0x24, 0x24, 0x24, 0x24, 0x24, 0x24, 0x24, 0x24, 0x24, 0x24, 0x24, 0x24, 0x25, 0x25, 0x25, 0x25, 0x25, 0x25, 0x92, 0x92, 0x92, 0x00, 
  0x00, 0x00, 0x00, 0x00, 0x00, 0x00, 0x00, 0x00, 0x00, 0x00, 0x00, 0x00, 0x00, 0x00, 0x00, 0x00, 0x00, 0x00, 0x00, 0x00, 0x00, 0x00, 0x00, 0x00, 0x00, 0x00, 0x24, 0x24, 0x24, 0x24, 0x24, 0x24, 0x24, 0x24, 0x24, 0x24, 0x24, 0x24, 0x24, 0x24, 0x24, 0x24, 0x25, 0x25, 0x25, 0x25, 0x25, 0x25, 0x25, 0x25, 0xfe, 0x92, 0x92, 0x00, 
  0x00, 0x00, 0x00, 0x00, 0x00, 0x00, 0x00, 0x00, 0x00, 0x00, 0x00, 0x00, 0x00, 0x00, 0x00, 0x00, 0x00, 0x00, 0x00, 0x00, 0x00, 0x00, 0x00, 0x00, 0x00, 0x24, 0x20, 0x24, 0x24, 0x24, 0x24, 0x24, 0x24, 0x24, 0x24, 0x24, 0x24, 0x24, 0x24, 0x24, 0x24, 0x24, 0x25, 0x24, 0x25, 0x25, 0x25, 0x25, 0x25, 0x25, 0xfe, 0x92, 0x92, 0x00, 
  0x00, 0x00, 0x00, 0x00, 0x00, 0x00, 0x00, 0x00, 0x00, 0x00, 0x00, 0x00, 0x00, 0x00, 0x00, 0x00, 0x00, 0x00, 0x00, 0x00, 0x00, 0x00, 0x00, 0x00, 0x00, 0x20, 0x00, 0x24, 0x24, 0x24, 0x24, 0x24, 0x24, 0x24, 0x24, 0x24, 0x24, 0x24, 0x24, 0x24, 0x24, 0x24, 0x25, 0x25, 0x25, 0x25, 0x25, 0x25, 0x25, 0x25, 0xfe, 0x92, 0x92, 0x00, 
  0x00, 0x00, 0x00, 0x00, 0x00, 0x00, 0x00, 0x00, 0x00, 0x00, 0x00, 0x00, 0x00, 0x00, 0x00, 0x00, 0x00, 0x00, 0x00, 0x00, 0x00, 0x00, 0x00, 0x00, 0x00, 0x00, 0x24, 0x24, 0x24, 0x24, 0x24, 0x24, 0x24, 0x24, 0x24, 0x24, 0x24, 0x24, 0x24, 0x24, 0x24, 0x24, 0x25, 0x25, 0x25, 0x25, 0x25, 0x25, 0x25, 0x25, 0xf7, 0x92, 0x92, 0x00, 
  0x00, 0x00, 0x00, 0x00, 0x00, 0x00, 0x00, 0x00, 0x00, 0x00, 0x00, 0x00, 0x00, 0x00, 0x00, 0x00, 0x00, 0x00, 0x00, 0x00, 0x00, 0x00, 0x00, 0x00, 0x00, 0x24, 0x24, 0x24, 0x24, 0x24, 0x24, 0x24, 0x24, 0x24, 0x24, 0x24, 0x24, 0x24, 0x24, 0x24, 0x24, 0x24, 0x24, 0x25, 0x25, 0x25, 0x25, 0x25, 0x25, 0x25, 0xda, 0x92, 0x92, 0x00, 
  0x00, 0x00, 0x00, 0x00, 0x00, 0x00, 0x00, 0x00, 0x00, 0x00, 0x00, 0x00, 0x00, 0x00, 0x00, 0x00, 0x00, 0x00, 0x00, 0x00, 0x00, 0x00, 0x00, 0x00, 0x00, 0x24, 0x20, 0x24, 0x24, 0x24, 0x24, 0x24, 0x24, 0x24, 0x24, 0x24, 0x24, 0x24, 0x24, 0x24, 0x24, 0x24, 0x25, 0x25, 0x25, 0x25, 0x25, 0x25, 0x25, 0x25, 0xda, 0x92, 0xb2, 0x00, 
  0x00, 0x00, 0x00, 0x00, 0x00, 0x00, 0x00, 0x00, 0x00, 0x00, 0x00, 0x00, 0x00, 0x00, 0x00, 0x00, 0x00, 0x00, 0x00, 0x00, 0x00, 0x00, 0x00, 0x00, 0x00, 0x20, 0x00, 0x24, 0x24, 0x24, 0x24, 0x24, 0x24, 0x24, 0x24, 0x24, 0x24, 0x24, 0x24, 0x24, 0x24, 0x24, 0x25, 0x25, 0x25, 0x25, 0x25, 0x25, 0x25, 0x25, 0xda, 0x92, 0xb2, 0x00, 
  0x00, 0x00, 0x00, 0x00, 0x00, 0x00, 0x00, 0x00, 0x00, 0x00, 0x00, 0x00, 0x00, 0x00, 0x00, 0x00, 0x00, 0x00, 0x00, 0x00, 0x00, 0x00, 0x00, 0x00, 0x00, 0x24, 0x24, 0x24, 0x24, 0x24, 0x24, 0x24, 0x24, 0x24, 0x24, 0x24, 0x24, 0x24, 0x24, 0x24, 0x24, 0x24, 0x24, 0x24, 0x25, 0x25, 0x25, 0x25, 0x25, 0x25, 0xd6, 0xb2, 0xb2, 0x00, 
  0x00, 0x00, 0x00, 0x00, 0x00, 0x00, 0x00, 0x00, 0x00, 0x00, 0x00, 0x00, 0x00, 0x00, 0x00, 0x00, 0x00, 0x00, 0x00, 0x00, 0x00, 0x00, 0x00, 0x00, 0x00, 0x00, 0x24, 0x24, 0x24, 0x24, 0x24, 0x24, 0x24, 0x24, 0x24, 0x24, 0x24, 0x24, 0x24, 0x24, 0x24, 0x24, 0x25, 0x25, 0x25, 0x25, 0x25, 0x25, 0x25, 0x25, 0xf6, 0xb2, 0xb2, 0x00, 
  0x00, 0x00, 0x00, 0x00, 0x00, 0x00, 0x00, 0x00, 0x00, 0x00, 0x00, 0x00, 0x00, 0x00, 0x00, 0x00, 0x00, 0x00, 0x00, 0x00, 0x00, 0x00, 0x00, 0x00, 0x00, 0x24, 0x20, 0x24, 0x24, 0x24, 0x24, 0x24, 0x24, 0x24, 0x24, 0x24, 0x24, 0x24, 0x24, 0x24, 0x24, 0x24, 0x25, 0x24, 0x25, 0x25, 0x25, 0x25, 0x25, 0x25, 0xf6, 0xb2, 0xb2, 0x00, 
  0x00, 0x00, 0x00, 0x00, 0x00, 0x00, 0x00, 0x00, 0x00, 0x00, 0x00, 0x00, 0x00, 0x00, 0x00, 0x00, 0x00, 0x00, 0x00, 0x00, 0x00, 0x00, 0x00, 0x00, 0x00, 0x20, 0x00, 0x24, 0x24, 0x24, 0x24, 0x24, 0x24, 0x24, 0x24, 0x24, 0x24, 0x24, 0x24, 0x24, 0x24, 0x24, 0x25, 0x25, 0x25, 0x25, 0x25, 0x25, 0x25, 0x25, 0xfa, 0xb2, 0xb2, 0x00, 
  0x00, 0x00, 0x00, 0x00, 0x00, 0x00, 0x00, 0x00, 0x00, 0x00, 0x00, 0x00, 0x00, 0x00, 0x00, 0x00, 0x00, 0x00, 0x00, 0x00, 0x00, 0x00, 0x00, 0x00, 0x00, 0x00, 0x24, 0x24, 0x24, 0x24, 0x24, 0x24, 0x24, 0x24, 0x24, 0x24, 0x24, 0x24, 0x24, 0x24, 0x24, 0x24, 0x25, 0x25, 0x25, 0x25, 0x25, 0x25, 0x25, 0x25, 0xda, 0xb2, 0xb2, 0x00, 
  0x00, 0x00, 0x00, 0x00, 0x00, 0x00, 0x00, 0x00, 0x00, 0x00, 0x00, 0x00, 0x00, 0x00, 0x00, 0x00, 0x00, 0x00, 0x00, 0x00, 0x00, 0x00, 0x00, 0x00, 0x00, 0x24, 0x24, 0x24, 0x24, 0x24, 0x24, 0x24, 0x24, 0x24, 0x24, 0x24, 0x24, 0x24, 0x24, 0x24, 0x24, 0x24, 0x24, 0x25, 0x25, 0x25, 0x25, 0x25, 0x25, 0x25, 0xfa, 0xb6, 0xb2, 0x00, 
  0x00, 0x00, 0x00, 0x00, 0x00, 0x00, 0x00, 0x00, 0x00, 0x00, 0x00, 0x00, 0x00, 0x00, 0x00, 0x00, 0x00, 0x00, 0x00, 0x00, 0x00, 0x00, 0x00, 0x00, 0x00, 0x24, 0x20, 0x24, 0x24, 0x24, 0x24, 0x24, 0x24, 0x24, 0x24, 0x24, 0x24, 0x24, 0x24, 0x24, 0x24, 0x24, 0x25, 0x25, 0x25, 0x25, 0x25, 0x25, 0x25, 0x25, 0xd6, 0xb6, 0xb6, 0x00, 
  0x00, 0x00, 0x00, 0x00, 0x00, 0x00, 0x00, 0x00, 0x00, 0x00, 0x00, 0x00, 0x00, 0x00, 0x00, 0x00, 0x00, 0x00, 0x00, 0x00, 0x00, 0x00, 0x00, 0x00, 0x00, 0x20, 0x00, 0x24, 0x24, 0x24, 0x24, 0x24, 0x24, 0x24, 0x24, 0x24, 0x24, 0x24, 0x24, 0x24, 0x24, 0x24, 0x25, 0x25, 0x25, 0x25, 0x25, 0x25, 0x25, 0x25, 0xfa, 0xb6, 0xb6, 0x00, 
  0x00, 0x00, 0x00, 0x00, 0x00, 0x00, 0x00, 0x00, 0x00, 0x00, 0x00, 0x00, 0x00, 0x00, 0x00, 0x00, 0x00, 0x00, 0x00, 0x00, 0x00, 0x00, 0x00, 0x00, 0x00, 0x24, 0x24, 0x24, 0x24, 0x24, 0x24, 0x24, 0x24, 0x24, 0x24, 0x24, 0x24, 0x24, 0x24, 0x24, 0x24, 0x24, 0x24, 0x24, 0x25, 0x25, 0x25, 0x25, 0x25, 0x25, 0xda, 0xb6, 0xb6, 0x00, 
  0x00, 0x00, 0x00, 0x00, 0x00, 0x00, 0x00, 0x00, 0x00, 0x00, 0x00, 0x00, 0x00, 0x00, 0x00, 0x00, 0x00, 0x00, 0x00, 0x00, 0x00, 0x00, 0x00, 0x00, 0x00, 0x00, 0x24, 0x24, 0x24, 0x24, 0x24, 0x24, 0x24, 0x24, 0x24, 0x24, 0x24, 0x24, 0x24, 0x24, 0x24, 0x24, 0x25, 0x25, 0x25, 0x25, 0x25, 0x25, 0x25, 0x25, 0xfa, 0xb6, 0xb6, 0x00, 
  0x00, 0x00, 0x00, 0x00, 0x00, 0x00, 0x00, 0x00, 0x00, 0x00, 0x00, 0x00, 0x00, 0x00, 0x00, 0x00, 0x00, 0x00, 0x00, 0x00, 0x00, 0x00, 0x00, 0x00, 0x00, 0x24, 0x20, 0x24, 0x24, 0x24, 0x24, 0x24, 0x24, 0x24, 0x24, 0x24, 0x24, 0x24, 0x24, 0x24, 0x24, 0x24, 0x25, 0x24, 0x25, 0x25, 0x25, 0x25, 0x25, 0x25, 0xfa, 0xb6, 0xb6, 0x00, 
  0x00, 0x00, 0x00, 0x00, 0x00, 0x00, 0x00, 0x00, 0x00, 0x00, 0x00, 0x00, 0x00, 0x00, 0x00, 0x00, 0x00, 0x00, 0x00, 0x00, 0x00, 0x00, 0x00, 0x00, 0x00, 0x20, 0x00, 0x24, 0x24, 0x24, 0x24, 0x24, 0x24, 0x24, 0x24, 0x24, 0x24, 0x24, 0x24, 0x24, 0x24, 0x24, 0x25, 0x25, 0x25, 0x25, 0x25, 0x25, 0x25, 0x25, 0xfa, 0xb6, 0xb6, 0x00, 
  0x00, 0x00, 0x00, 0x00, 0x00, 0x00, 0x00, 0x00, 0x00, 0x00, 0x00, 0x00, 0x00, 0x00, 0x00, 0x00, 0x00, 0x00, 0x00, 0x00, 0x00, 0x00, 0x00, 0x00, 0x00, 0x00, 0x24, 0x24, 0x24, 0x24, 0x24, 0x24, 0x24, 0x24, 0x24, 0x24, 0x24, 0x24, 0x24, 0x24, 0x24, 0x24, 0x25, 0x25, 0x25, 0x25, 0x25, 0x25, 0x25, 0x25, 0xfa, 0xd6, 0xb6, 0x00, 
  0x00, 0x00, 0x00, 0x00, 0x00, 0x00, 0x00, 0x00, 0x00, 0x00, 0x00, 0x00, 0x00, 0x00, 0x00, 0x00, 0x00, 0x00, 0x00, 0x00, 0x00, 0x00, 0x00, 0x00, 0x00, 0x24, 0x24, 0x24, 0x24, 0x24, 0x24, 0x24, 0x24, 0x24, 0x24, 0x24, 0x24, 0x24, 0x24, 0x24, 0x24, 0x24, 0x24, 0x25, 0x25, 0x25, 0x25, 0x25, 0x25, 0x25, 0xfa, 0xd6, 0xd6, 0x00, 
  0x00, 0x00, 0x00, 0x00, 0x00, 0x00, 0x00, 0x00, 0x00, 0x00, 0x00, 0x00, 0x00, 0x00, 0x00, 0x00, 0x00, 0x00, 0x00, 0x00, 0x00, 0x00, 0x00, 0x00, 0x00, 0x24, 0x20, 0x24, 0x24, 0x24, 0x24, 0x24, 0x24, 0x24, 0x24, 0x24, 0x24, 0x24, 0x24, 0x24, 0x24, 0x24, 0x25, 0x25, 0x25, 0x25, 0x25, 0x25, 0x25, 0x25, 0xfa, 0xd6, 0xd6, 0x00, 
  0x00, 0x00, 0x00, 0x00, 0x00, 0x00, 0x00, 0x00, 0x00, 0x00, 0x00, 0x00, 0x00, 0x00, 0x00, 0x00, 0x00, 0x00, 0x00, 0x00, 0x00, 0x00, 0x00, 0x00, 0x00, 0x20, 0x00, 0x24, 0x24, 0x24, 0x24, 0x24, 0x24, 0x24, 0x24, 0x24, 0x24, 0x24, 0x24, 0x24, 0x24, 0x24, 0x25, 0x25, 0x25, 0x25, 0x25, 0x25, 0x25, 0x25, 0xfa, 0xd6, 0xd6, 0x00, 
  0x00, 0x00, 0x00, 0x00, 0x00, 0x00, 0x00, 0x00, 0x00, 0x00, 0x00, 0x00, 0x00, 0x00, 0x00, 0x00, 0x00, 0x00, 0x00, 0x00, 0x00, 0x00, 0x00, 0x00, 0x00, 0x24, 0x24, 0x24, 0x24, 0x24, 0x24, 0x24, 0x24, 0x24, 0x24, 0x24, 0x24, 0x24, 0x24, 0x24, 0x24, 0x24, 0x24, 0x24, 0x25, 0x25, 0x25, 0x25, 0x25, 0x25, 0xfa, 0xd6, 0xd6, 0x00, 
  0x00, 0x00, 0x00, 0x00, 0x00, 0x00, 0x00, 0x00, 0x00, 0x00, 0x00, 0x00, 0x00, 0x00, 0x00, 0x00, 0x00, 0x00, 0x00, 0x00, 0x00, 0x00, 0x00, 0x00, 0x00, 0x00, 0x24, 0x24, 0x24, 0x24, 0x24, 0x24, 0x24, 0x24, 0x24, 0x24, 0x24, 0x24, 0x24, 0x24, 0x24, 0x24, 0x25, 0x25, 0x25, 0x25, 0x25, 0x25, 0x25, 0x25, 0xda, 0xd6, 0xd6, 0x00, 
  0x00, 0x00, 0x00, 0x00, 0x00, 0x00, 0x00, 0x00, 0x00, 0x00, 0x00, 0x00, 0x00, 0x00, 0x00, 0x00, 0x00, 0x00, 0x00, 0x00, 0x00, 0x00, 0x00, 0x00, 0x00, 0x24, 0x20, 0x24, 0x24, 0x24, 0x24, 0x24, 0x24, 0x24, 0x24, 0x24, 0x24, 0x24, 0x24, 0x24, 0x24, 0x24, 0x25, 0x24, 0x25, 0x25, 0x25, 0x25, 0x25, 0x25, 0xda, 0xd6, 0xd6, 0x00, 
  0x00, 0x00, 0x00, 0x00, 0x00, 0x00, 0x00, 0x00, 0x00, 0x00, 0x00, 0x00, 0x00, 0x00, 0x00, 0x00, 0x00, 0x00, 0x00, 0x00, 0x00, 0x00, 0x00, 0x00, 0x00, 0x20, 0x00, 0x24, 0x24, 0x24, 0x24, 0x24, 0x24, 0x24, 0x24, 0x24, 0x24, 0x24, 0x24, 0x24, 0x24, 0x24, 0x25, 0x25, 0x25, 0x25, 0x25, 0x25, 0x25, 0x25, 0xda, 0xd6, 0xd6, 0x00, 
  0x00, 0x00, 0x00, 0x00, 0x00, 0x00, 0x00, 0x00, 0x00, 0x00, 0x00, 0x00, 0x00, 0x00, 0x00, 0x00, 0x00, 0x00, 0x00, 0x00, 0x00, 0x00, 0x00, 0x00, 0x00, 0x00, 0x24, 0x24, 0x24, 0x24, 0x24, 0x24, 0x24, 0x24, 0x24, 0x24, 0x24, 0x24, 0x24, 0x24, 0x24, 0x24, 0x25, 0x25, 0x25, 0x25, 0x25, 0x25, 0x25, 0x25, 0xda, 0xd6, 0xd6, 0x00, 
  0x00, 0x00, 0x00, 0x00, 0x00, 0x00, 0x00, 0x00, 0x00, 0x00, 0x00, 0x00, 0x00, 0x00, 0x00, 0x00, 0x00, 0x00, 0x00, 0x00, 0x00, 0x00, 0x00, 0x00, 0x00, 0x24, 0x24, 0x24, 0x24, 0x24, 0x24, 0x24, 0x24, 0x24, 0x24, 0x24, 0x24, 0x24, 0x24, 0x24, 0x24, 0x24, 0x24, 0x25, 0x25, 0x25, 0x25, 0x25, 0x25, 0x25, 0xda, 0xd6, 0xd6, 0x00, 
  0x00, 0x00, 0x00, 0x00, 0x00, 0x00, 0x00, 0x00, 0x00, 0x00, 0x00, 0x00, 0x00, 0x00, 0x00, 0x00, 0x00, 0x00, 0x00, 0x00, 0x00, 0x00, 0x00, 0x00, 0x00, 0x24, 0x20, 0x24, 0x24, 0x24, 0x24, 0x24, 0x24, 0x24, 0x24, 0x24, 0x24, 0x24, 0x24, 0x24, 0x24, 0x24, 0x25, 0x25, 0x25, 0x25, 0x25, 0x25, 0x25, 0x25, 0xfa, 0xd6, 0xd6, 0x00, 
  0x00, 0x00, 0x00, 0x00, 0x00, 0x00, 0x00, 0x00, 0x00, 0x00, 0x00, 0x00, 0x00, 0x00, 0x00, 0x00, 0x00, 0x00, 0x00, 0x00, 0x00, 0x00, 0x00, 0x00, 0x00, 0x20, 0x00, 0x24, 0x24, 0x24, 0x24, 0x24, 0x24, 0x24, 0x24, 0x24, 0x24, 0x24, 0x24, 0x24, 0x24, 0x24, 0x25, 0x25, 0x25, 0x25, 0x25, 0x25, 0x25, 0x25, 0xfa, 0xd6, 0xd6, 0x00, 
  0x00, 0x00, 0x00, 0x00, 0x00, 0x00, 0x00, 0x00, 0x00, 0x00, 0x00, 0x00, 0x00, 0x00, 0x00, 0x00, 0x00, 0x00, 0x00, 0x00, 0x00, 0x00, 0x00, 0x00, 0x00, 0x24, 0x24, 0x24, 0x24, 0x24, 0x24, 0x24, 0x24, 0x24, 0x24, 0x24, 0x24, 0x24, 0x24, 0x24, 0x24, 0x24, 0x24, 0x24, 0x25, 0x25, 0x25, 0x25, 0x25, 0x25, 0xda, 0xd6, 0xd6, 0x00, 
  0x00, 0x00, 0x00, 0x00, 0x00, 0x00, 0x00, 0x00, 0x00, 0x00, 0x00, 0x00, 0x00, 0x00, 0x00, 0x00, 0x00, 0x00, 0x00, 0x00, 0x00, 0x00, 0x00, 0x00, 0x00, 0x00, 0x24, 0x24, 0x24, 0x24, 0x24, 0x24, 0x24, 0x24, 0x24, 0x24, 0x24, 0x24, 0x24, 0x24, 0x24, 0x24, 0x25, 0x25, 0x25, 0x25, 0x25, 0x25, 0x25, 0x25, 0xda, 0xd6, 0xb6, 0x00, 
  0x00, 0x00, 0x00, 0x00, 0x00, 0x00, 0x00, 0x00, 0x00, 0x00, 0x00, 0x00, 0x00, 0x00, 0x00, 0x00, 0x00, 0x00, 0x00, 0x00, 0x00, 0x00, 0x00, 0x00, 0x00, 0x24, 0x20, 0x24, 0x24, 0x24, 0x24, 0x24, 0x24, 0x24, 0x24, 0x24, 0x24, 0x24, 0x24, 0x24, 0x24, 0x24, 0x25, 0x24, 0x25, 0x25, 0x25, 0x25, 0x25, 0x25, 0xfa, 0xb6, 0xb6, 0x00, 
  0x00, 0x00, 0x00, 0x00, 0x00, 0x00, 0x00, 0x00, 0x00, 0x00, 0x00, 0x00, 0x00, 0x00, 0x00, 0x00, 0x00, 0x00, 0x00, 0x00, 0x00, 0x00, 0x00, 0x00, 0x00, 0x20, 0x00, 0x24, 0x24, 0x24, 0x24, 0x24, 0x24, 0x24, 0x24, 0x24, 0x24, 0x24, 0x24, 0x24, 0x24, 0x24, 0x25, 0x25, 0x25, 0x25, 0x25, 0x25, 0x25, 0x25, 0xfa, 0xb6, 0xb6, 0x00, 
  0x00, 0x00, 0x00, 0x00, 0x00, 0x00, 0x00, 0x00, 0x00, 0x00, 0x00, 0x00, 0x00, 0x00, 0x00, 0x00, 0x00, 0x00, 0x00, 0x00, 0x00, 0x00, 0x00, 0x00, 0x00, 0x00, 0x24, 0x24, 0x24, 0x24, 0x24, 0x24, 0x24, 0x24, 0x24, 0x24, 0x24, 0x24, 0x24, 0x24, 0x24, 0x24, 0x25, 0x25, 0x25, 0x25, 0x25, 0x25, 0x25, 0x25, 0xfa, 0xb6, 0xb6, 0x00, 
  0x00, 0x00, 0x00, 0x00, 0x00, 0x00, 0x00, 0x00, 0x00, 0x00, 0x00, 0x00, 0x00, 0x00, 0x00, 0x00, 0x00, 0x00, 0x00, 0x00, 0x00, 0x00, 0x00, 0x00, 0x00, 0x24, 0x24, 0x24, 0x24, 0x24, 0x24, 0x24, 0x24, 0x24, 0x24, 0x24, 0x24, 0x24, 0x24, 0x24, 0x24, 0x24, 0x24, 0x25, 0x25, 0x25, 0x25, 0x25, 0x25, 0x25, 0xfa, 0xb6, 0xb6, 0x00, 
  0x00, 0x00, 0x00, 0x00, 0x00, 0x00, 0x00, 0x00, 0x00, 0x00, 0x00, 0x00, 0x00, 0x00, 0x00, 0x00, 0x00, 0x00, 0x00, 0x00, 0x00, 0x00, 0x00, 0x00, 0x00, 0x24, 0x20, 0x24, 0x24, 0x24, 0x24, 0x24, 0x24, 0x24, 0x24, 0x24, 0x24, 0x24, 0x24, 0x24, 0x24, 0x24, 0x25, 0x25, 0x25, 0x25, 0x25, 0x25, 0x25, 0x25, 0xda, 0xb6, 0xb6, 0x00, 
  0x00, 0x00, 0x00, 0x00, 0x00, 0x00, 0x00, 0x00, 0x00, 0x00, 0x00, 0x00, 0x00, 0x00, 0x00, 0x00, 0x00, 0x00, 0x00, 0x00, 0x00, 0x00, 0x00, 0x00, 0x00, 0x20, 0x00, 0x24, 0x24, 0x24, 0x24, 0x24, 0x24, 0x24, 0x24, 0x24, 0x24, 0x24, 0x24, 0x24, 0x24, 0x24, 0x25, 0x25, 0x25, 0x25, 0x25, 0x25, 0x25, 0x25, 0xd6, 0xb6, 0xb6, 0x00, 
  0x00, 0x00, 0x00, 0x00, 0x00, 0x00, 0x00, 0x00, 0x00, 0x00, 0x00, 0x00, 0x00, 0x00, 0x00, 0x00, 0x00, 0x00, 0x00, 0x00, 0x00, 0x00, 0x00, 0x00, 0x00, 0x24, 0x24, 0x24, 0x24, 0x24, 0x24, 0x24, 0x24, 0x24, 0x24, 0x24, 0x24, 0x24, 0x24, 0x24, 0x24, 0x24, 0x24, 0x24, 0x25, 0x25, 0x25, 0x25, 0x25, 0x25, 0xd6, 0xb6, 0xb6, 0x00, 
  0x00, 0x00, 0x00, 0x00, 0x00, 0x00, 0x00, 0x00, 0x00, 0x00, 0x00, 0x00, 0x00, 0x00, 0x00, 0x00, 0x00, 0x00, 0x00, 0x00, 0x00, 0x00, 0x00, 0x00, 0x00, 0x00, 0x24, 0x24, 0x24, 0x24, 0x24, 0x24, 0x24, 0x24, 0x24, 0x24, 0x24, 0x24, 0x24, 0x24, 0x24, 0x24, 0x25, 0x25, 0x25, 0x25, 0x25, 0x25, 0x25, 0x25, 0xfa, 0xb2, 0xb2, 0x00, 
  0x00, 0x00, 0x00, 0x00, 0x00, 0x00, 0x00, 0x00, 0x00, 0x00, 0x00, 0x00, 0x00, 0x00, 0x00, 0x00, 0x00, 0x00, 0x00, 0x00, 0x00, 0x00, 0x00, 0x00, 0x00, 0x24, 0x20, 0x24, 0x24, 0x24, 0x24, 0x24, 0x24, 0x24, 0x24, 0x24, 0x24, 0x24, 0x24, 0x24, 0x24, 0x24, 0x25, 0x24, 0x25, 0x25, 0x25, 0x25, 0x25, 0x25, 0xfa, 0xb2, 0xb2, 0x00, 
  0x00, 0x00, 0x00, 0x00, 0x00, 0x00, 0x00, 0x00, 0x00, 0x00, 0x00, 0x00, 0x00, 0x00, 0x00, 0x00, 0x00, 0x00, 0x00, 0x00, 0x00, 0x00, 0x00, 0x00, 0x00, 0x20, 0x00, 0x24, 0x24, 0x24, 0x24, 0x24, 0x24, 0x24, 0x24, 0x24, 0x24, 0x24, 0x24, 0x24, 0x24, 0x24, 0x25, 0x25, 0x25, 0x25, 0x25, 0x25, 0x25, 0x25, 0xfa, 0xb2, 0xb2, 0x00, 
  0x00, 0x00, 0x00, 0x00, 0x00, 0x00, 0x00, 0x00, 0x00, 0x00, 0x00, 0x00, 0x00, 0x00, 0x00, 0x00, 0x00, 0x00, 0x00, 0x00, 0x00, 0x00, 0x00, 0x00, 0x00, 0x00, 0x24, 0x24, 0x24, 0x24, 0x24, 0x24, 0x24, 0x24, 0x24, 0x24, 0x24, 0x24, 0x24, 0x24, 0x24, 0x24, 0x25, 0x25, 0x25, 0x25, 0x25, 0x25, 0x25, 0x25, 0xf6, 0xb2, 0xb2, 0x00, 
  0x00, 0x00, 0x00, 0x00, 0x00, 0x00, 0x00, 0x00, 0x00, 0x00, 0x00, 0x00, 0x00, 0x00, 0x00, 0x00, 0x00, 0x00, 0x00, 0x00, 0x00, 0x00, 0x00, 0x00, 0x00, 0x24, 0x24, 0x24, 0x24, 0x24, 0x24, 0x24, 0x24, 0x24, 0x24, 0x24, 0x24, 0x24, 0x24, 0x24, 0x24, 0x24, 0x24, 0x25, 0x25, 0x25, 0x25, 0x25, 0x25, 0x25, 0xda, 0xb2, 0xb2, 0x00, 
  0x00, 0x00, 0x00, 0x00, 0x00, 0x00, 0x00, 0x00, 0x00, 0x00, 0x00, 0x00, 0x00, 0x00, 0x00, 0x00, 0x00, 0x00, 0x00, 0x00, 0x00, 0x00, 0x00, 0x00, 0x00, 0x24, 0x20, 0x24, 0x24, 0x24, 0x24, 0x24, 0x24, 0x24, 0x24, 0x24, 0x24, 0x24, 0x24, 0x24, 0x24, 0x24, 0x25, 0x25, 0x25, 0x25, 0x25, 0x25, 0x25, 0x25, 0xd6, 0xb2, 0xb2, 0x00, 
  0x00, 0x00, 0x00, 0x00, 0x00, 0x00, 0x00, 0x00, 0x00, 0x00, 0x00, 0x00, 0x00, 0x00, 0x00, 0x00, 0x00, 0x00, 0x00, 0x00, 0x00, 0x00, 0x00, 0x00, 0x00, 0x20, 0x00, 0x24, 0x24, 0x24, 0x24, 0x24, 0x24, 0x24, 0x24, 0x24, 0x24, 0x24, 0x24, 0x24, 0x24, 0x24, 0x25, 0x25, 0x25, 0x25, 0x25, 0x25, 0x25, 0x25, 0xda, 0x92, 0x92, 0x00, 
  0x00, 0x00, 0x00, 0x00, 0x00, 0x00, 0x00, 0x00, 0x00, 0x00, 0x00, 0x00, 0x00, 0x00, 0x00, 0x00, 0x00, 0x00, 0x00, 0x00, 0x00, 0x00, 0x00, 0x00, 0x00, 0x24, 0x24, 0x24, 0x24, 0x24, 0x24, 0x24, 0x24, 0x24, 0x24, 0x24, 0x24, 0x24, 0x24, 0x24, 0x24, 0x24, 0x24, 0x24, 0x25, 0x25, 0x25, 0x25, 0x25, 0x25, 0xda, 0x92, 0x92, 0x00, 
  0x00, 0x00, 0x00, 0x00, 0x00, 0x00, 0x00, 0x00, 0x00, 0x00, 0x00, 0x00, 0x00, 0x00, 0x00, 0x00, 0x00, 0x00, 0x00, 0x00, 0x00, 0x00, 0x00, 0x00, 0x00, 0x00, 0x24, 0x24, 0x24, 0x24, 0x24, 0x24, 0x24, 0x24, 0x24, 0x24, 0x24, 0x24, 0x24, 0x24, 0x24, 0x24, 0x25, 0x25, 0x25, 0x25, 0x25, 0x25, 0x25, 0x25, 0xda, 0x92, 0x92, 0x00, 
  0x00, 0x00, 0x00, 0x00, 0x00, 0x00, 0x00, 0x00, 0x00, 0x00, 0x00, 0x00, 0x00, 0x00, 0x00, 0x00, 0x00, 0x00, 0x00, 0x00, 0x00, 0x00, 0x00, 0x00, 0x00, 0x24, 0x20, 0x24, 0x24, 0x24, 0x24, 0x24, 0x24, 0x24, 0x24, 0x24, 0x24, 0x24, 0x24, 0x24, 0x24, 0x24, 0x25, 0x24, 0x25, 0x25, 0x25, 0x25, 0x25, 0x25, 0xf7, 0x92, 0x91, 0x00, 
  0x00, 0x00, 0x00, 0x00, 0x00, 0x00, 0x00, 0x00, 0x00, 0x00, 0x00, 0x00, 0x00, 0x00, 0x00, 0x00, 0x00, 0x00, 0x00, 0x00, 0x00, 0x00, 0x00, 0x00, 0x00, 0x20, 0x00, 0x24, 0x24, 0x24, 0x24, 0x24, 0x24, 0x24, 0x24, 0x24, 0x24, 0x24, 0x24, 0x24, 0x24, 0x24, 0x25, 0x25, 0x25, 0x25, 0x25, 0x25, 0x25, 0x25, 0xb5, 0x92, 0x92, 0x00, 
  0x00, 0x00, 0x00, 0x00, 0x00, 0x00, 0x00, 0x00, 0x00, 0x00, 0x00, 0x00, 0x00, 0x00, 0x00, 0x00, 0x00, 0x00, 0x00, 0x00, 0x00, 0x00, 0x00, 0x00, 0x00, 0x00, 0x24, 0x24, 0x24, 0x24, 0x24, 0x24, 0x24, 0x24, 0x24, 0x24, 0x24, 0x24, 0x24, 0x24, 0x24, 0x24, 0x25, 0x25, 0x25, 0x25, 0x25, 0x25, 0x25, 0x25, 0xfe, 0x92, 0x91, 0x00, 
  0x00, 0x00, 0x00, 0x00, 0x00, 0x00, 0x00, 0x00, 0x00, 0x00, 0x00, 0x00, 0x00, 0x00, 0x00, 0x00, 0x00, 0x00, 0x00, 0x00, 0x00, 0x00, 0x00, 0x00, 0x00, 0x24, 0x24, 0x24, 0x24, 0x24, 0x24, 0x24, 0x24, 0x24, 0x24, 0x24, 0x24, 0x24, 0x24, 0x24, 0x24, 0x24, 0x24, 0x25, 0x25, 0x25, 0x25, 0x25, 0x25, 0x25, 0x92, 0x92, 0x91, 0x00, 
  0x00, 0x00, 0x00, 0x00, 0x00, 0x00, 0x00, 0x00, 0x00, 0x00, 0x00, 0x00, 0x00, 0x00, 0x00, 0x00, 0x00, 0x00, 0x00, 0x00, 0x00, 0x00, 0x00, 0x00, 0x00, 0x24, 0x20, 0x24, 0x24, 0x24, 0x24, 0x24, 0x24, 0x24, 0x24, 0x24, 0x24, 0x24, 0x24, 0x24, 0x24, 0x24, 0x25, 0x25, 0x25, 0x25, 0x25, 0x25, 0x25, 0x25, 0x92, 0x92, 0x8e, 0x00, 
  0x00, 0x00, 0x00, 0x00, 0x00, 0x00, 0x00, 0x00, 0x00, 0x00, 0x00, 0x00, 0x00, 0x00, 0x00, 0x00, 0x00, 0x00, 0x00, 0x00, 0x00, 0x00, 0x00, 0x00, 0x00, 0x20, 0x00, 0x24, 0x24, 0x24, 0x24, 0x24, 0x24, 0x24, 0x24, 0x24, 0x24, 0x24, 0x24, 0x24, 0x24, 0x24, 0x25, 0x25, 0x25, 0x25, 0x25, 0x25, 0x25, 0x25, 0xff, 0x8d, 0x92, 0x00, 
  0x00, 0x00, 0x00, 0x00, 0x00, 0x00, 0x00, 0x00, 0x00, 0x00, 0x00, 0x00, 0x00, 0x00, 0x00, 0x00, 0x00, 0x00, 0x00, 0x00, 0x00, 0x00, 0x00, 0x00, 0x00, 0x24, 0x24, 0x24, 0x24, 0x24, 0x24, 0x24, 0x24, 0x24, 0x24, 0x24, 0x24, 0x24, 0x24, 0x24, 0x24, 0x24, 0x24, 0x24, 0x25, 0x25, 0x25, 0x25, 0x25, 0x25, 0xff, 0x8d, 0x91, 0x00, 
  0x00, 0x00, 0x00, 0x00, 0x00, 0x00, 0x00, 0x00, 0x00, 0x00, 0x00, 0x00, 0x00, 0x00, 0x00, 0x00, 0x00, 0x00, 0x00, 0x00, 0x00, 0x00, 0x00, 0x00, 0x00, 0x00, 0x24, 0x24, 0x24, 0x24, 0x24, 0x24, 0x24, 0x24, 0x24, 0x24, 0x24, 0x24, 0x24, 0x24, 0x24, 0x24, 0x25, 0x25, 0x25, 0x25, 0x25, 0x25, 0x25, 0x25, 0x00, 0x8d, 0x8d, 0x00, 
  0x00, 0x00, 0x00, 0x00, 0x00, 0x00, 0x00, 0x00, 0x00, 0x00, 0x00, 0x00, 0x00, 0x00, 0x00, 0x00, 0x00, 0x00, 0x00, 0x00, 0x00, 0x00, 0x00, 0x00, 0x00, 0x24, 0x20, 0x24, 0x24, 0x24, 0x24, 0x24, 0x24, 0x24, 0x24, 0x24, 0x24, 0x24, 0x24, 0x24, 0x24, 0x24, 0x25, 0x24, 0x25, 0x25, 0x25, 0x25, 0x25, 0x25, 0x00, 0x8d, 0x8d, 0x00, 
  0x00, 0x00, 0x00, 0x00, 0x00, 0x00, 0x00, 0x00, 0x00, 0x00, 0x00, 0x00, 0x00, 0x00, 0x00, 0x00, 0x00, 0x00, 0x00, 0x00, 0x00, 0x00, 0x00, 0x00, 0x00, 0x20, 0x00, 0x24, 0x24, 0x24, 0x24, 0x24, 0x24, 0x24, 0x24, 0x24, 0x24, 0x24, 0x24, 0x24, 0x24, 0x24, 0x25, 0x25, 0x25, 0x25, 0x25, 0x25, 0x25, 0x25, 0x00, 0x8d, 0x6d, 0x00, 
  0x00, 0x00, 0x00, 0x00, 0x00, 0x00, 0x00, 0x00, 0x00, 0x00, 0x00, 0x00, 0x00, 0x00, 0x00, 0x00, 0x00, 0x00, 0x00, 0x00, 0x00, 0x00, 0x00, 0x00, 0x00, 0x00, 0x24, 0x24, 0x24, 0x24, 0x24, 0x24, 0x24, 0x24, 0x24, 0x24, 0x24, 0x24, 0x24, 0x24, 0x24, 0x24, 0x25, 0x25, 0x25, 0x25, 0x25, 0x25, 0x25, 0x25, 0x00, 0x8d, 0x8d, 0x00, 
  0x00, 0x00, 0x00, 0x00, 0x00, 0x00, 0x00, 0x00, 0x00, 0x00, 0x00, 0x00, 0x00, 0x00, 0x00, 0x00, 0x00, 0x00, 0x00, 0x00, 0x00, 0x00, 0x00, 0x00, 0x00, 0x24, 0x24, 0x24, 0x24, 0x24, 0x24, 0x24, 0x24, 0x24, 0x24, 0x24, 0x24, 0x24, 0x24, 0x24, 0x24, 0x24, 0x24, 0x25, 0x25, 0x25, 0x25, 0x25, 0x25, 0x25, 0x00, 0x8d, 0x8d, 0x00, 
  0x00, 0x00, 0x00, 0x00, 0x00, 0x00, 0x00, 0x00, 0x00, 0x00, 0x00, 0x00, 0x00, 0x00, 0x00, 0x00, 0x00, 0x00, 0x00, 0x00, 0x00, 0x00, 0x00, 0x00, 0x00, 0x24, 0x20, 0x24, 0x24, 0x24, 0x24, 0x24, 0x24, 0x24, 0x24, 0x24, 0x24, 0x24, 0x24, 0x24, 0x24, 0x24, 0x25, 0x25, 0x25, 0x25, 0x25, 0x25, 0x25, 0x25, 0x00, 0x8d, 0x8d, 0x00, 
  0x00, 0x00, 0x00, 0x00, 0x00, 0x00, 0x00, 0x00, 0x00, 0x00, 0x00, 0x00, 0x00, 0x00, 0x00, 0x00, 0x00, 0x00, 0x00, 0x00, 0x00, 0x00, 0x00, 0x00, 0x00, 0x20, 0x00, 0x24, 0x24, 0x24, 0x24, 0x24, 0x24, 0x24, 0x24, 0x24, 0x24, 0x24, 0x24, 0x24, 0x24, 0x24, 0x25, 0x25, 0x25, 0x25, 0x25, 0x25, 0x25, 0x25, 0x00, 0x8d, 0x8d, 0x00, 
  0x00, 0x00, 0x00, 0x00, 0x00, 0x00, 0x00, 0x00, 0x00, 0x00, 0x00, 0x00, 0x00, 0x00, 0x00, 0x00, 0x00, 0x00, 0x00, 0x00, 0x00, 0x00, 0x00, 0x00, 0x00, 0x24, 0x24, 0x24, 0x24, 0x24, 0x24, 0x24, 0x24, 0x24, 0x24, 0x24, 0x24, 0x24, 0x24, 0x24, 0x24, 0x24, 0x24, 0x24, 0x25, 0x25, 0x25, 0x25, 0x25, 0x25, 0x00, 0x8d, 0x8d, 0x00, 
  0x00, 0x00, 0x00, 0x00, 0x00, 0x00, 0x00, 0x00, 0x00, 0x00, 0x00, 0x00, 0x00, 0x00, 0x00, 0x00, 0x00, 0x00, 0x00, 0x00, 0x00, 0x00, 0x00, 0x00, 0x00, 0x00, 0x24, 0x24, 0x24, 0x24, 0x24, 0x24, 0x24, 0x24, 0x24, 0x24, 0x24, 0x24, 0x24, 0x24, 0x24, 0x24, 0x25, 0x25, 0x25, 0x25, 0x25, 0x25, 0x25, 0x25, 0x00, 0x8d, 0x6d, 0x00, 
  0x00, 0x00, 0x00, 0x00, 0x00, 0x00, 0x00, 0x00, 0x00, 0x00, 0x00, 0x00, 0x00, 0x00, 0x00, 0x00, 0x00, 0x00, 0x00, 0x00, 0x00, 0x00, 0x00, 0x00, 0x00, 0x24, 0x20, 0x24, 0x24, 0x24, 0x24, 0x24, 0x24, 0x24, 0x24, 0x24, 0x24, 0x24, 0x24, 0x24, 0x24, 0x24, 0x25, 0x24, 0x25, 0x25, 0x25, 0x25, 0x25, 0x25, 0x00, 0x8d, 0x8d, 0x00, 
  0x00, 0x00, 0x00, 0x00, 0x00, 0x00, 0x00, 0x00, 0x00, 0x00, 0x00, 0x00, 0x00, 0x00, 0x00, 0x00, 0x00, 0x00, 0x00, 0x00, 0x00, 0x00, 0x00, 0x00, 0x00, 0x20, 0x00, 0x24, 0x24, 0x24, 0x24, 0x24, 0x24, 0x24, 0x24, 0x24, 0x24, 0x24, 0x24, 0x24, 0x24, 0x24, 0x25, 0x25, 0x25, 0x25, 0x25, 0x25, 0x25, 0x25, 0x00, 0x8d, 0x8d, 0x00, 
  0x00, 0x00, 0x00, 0x00, 0x00, 0x00, 0x00, 0x00, 0x00, 0x00, 0x00, 0x00, 0x00, 0x00, 0x00, 0x00, 0x00, 0x00, 0x00, 0x00, 0x00, 0x00, 0x00, 0x00, 0x00, 0x00, 0x24, 0x24, 0x24, 0x24, 0x24, 0x24, 0x24, 0x24, 0x24, 0x24, 0x24, 0x24, 0x24, 0x24, 0x24, 0x24, 0x25, 0x25, 0x25, 0x25, 0x25, 0x25, 0x25, 0x25, 0x00, 0x8d, 0x8d, 0x00, 
  0x00, 0x00, 0x00, 0x00, 0x00, 0x00, 0x00, 0x00, 0x00, 0x00, 0x00, 0x00, 0x00, 0x00, 0x00, 0x00, 0x00, 0x00, 0x00, 0x00, 0x00, 0x00, 0x00, 0x00, 0x00, 0x24, 0x24, 0x24, 0x24, 0x24, 0x24, 0x24, 0x24, 0x24, 0x24, 0x24, 0x24, 0x24, 0x24, 0x24, 0x24, 0x24, 0x24, 0x25, 0x25, 0x25, 0x25, 0x25, 0x25, 0x25, 0x00, 0x8d, 0x8d, 0x00, 
  0x00, 0x00, 0x00, 0x00, 0x00, 0x00, 0x00, 0x00, 0x00, 0x00, 0x00, 0x00, 0x00, 0x00, 0x00, 0x00, 0x00, 0x00, 0x00, 0x00, 0x00, 0x00, 0x00, 0x00, 0x00, 0x24, 0x20, 0x24, 0x24, 0x24, 0x24, 0x24, 0x24, 0x24, 0x24, 0x24, 0x24, 0x24, 0x24, 0x24, 0x24, 0x24, 0x25, 0x25, 0x25, 0x25, 0x25, 0x25, 0x25, 0x25, 0x00, 0x8d, 0x6d, 0x00, 
  0x00, 0x00, 0x00, 0x00, 0x00, 0x00, 0x00, 0x00, 0x00, 0x00, 0x00, 0x00, 0x00, 0x00, 0x00, 0x00, 0x00, 0x00, 0x00, 0x00, 0x00, 0x00, 0x00, 0x00, 0x00, 0x20, 0x00, 0x24, 0x24, 0x24, 0x24, 0x24, 0x24, 0x24, 0x24, 0x24, 0x24, 0x24, 0x24, 0x24, 0x24, 0x24, 0x25, 0x25, 0x25, 0x25, 0x25, 0x25, 0x25, 0x25, 0x00, 0x8d, 0x6d, 0x00, 
  0x00, 0x00, 0x00, 0x00, 0x00, 0x00, 0x00, 0x00, 0x00, 0x00, 0x00, 0x00, 0x00, 0x00, 0x00, 0x00, 0x00, 0x00, 0x00, 0x00, 0x00, 0x00, 0x00, 0x00, 0x00, 0x24, 0x24, 0x24, 0x24, 0x24, 0x24, 0x24, 0x24, 0x24, 0x24, 0x24, 0x24, 0x24, 0x24, 0x24, 0x24, 0x24, 0x24, 0x24, 0x25, 0x25, 0x25, 0x25, 0x25, 0x25, 0x00, 0x8d, 0x6d, 0x00, 
  0x00, 0x00, 0x00, 0x00, 0x00, 0x00, 0x00, 0x00, 0x00, 0x00, 0x00, 0x00, 0x00, 0x00, 0x00, 0x00, 0x00, 0x00, 0x00, 0x00, 0x00, 0x00, 0x00, 0x00, 0x00, 0x00, 0x24, 0x24, 0x24, 0x24, 0x24, 0x24, 0x24, 0x24, 0x24, 0x24, 0x24, 0x24, 0x24, 0x24, 0x24, 0x24, 0x25, 0x25, 0x25, 0x25, 0x25, 0x25, 0x25, 0x25, 0x00, 0x8d, 0x8d, 0x00, 
  0x00, 0x00, 0x00, 0x00, 0x00, 0x00, 0x00, 0x00, 0x00, 0x00, 0x00, 0x00, 0x00, 0x00, 0x00, 0x00, 0x00, 0x00, 0x00, 0x00, 0x00, 0x00, 0x00, 0x00, 0x00, 0x24, 0x20, 0x24, 0x24, 0x24, 0x24, 0x24, 0x24, 0x24, 0x24, 0x24, 0x24, 0x24, 0x24, 0x24, 0x24, 0x24, 0x25, 0x24, 0x25, 0x25, 0x25, 0x25, 0x25, 0x25, 0x00, 0x8d, 0x8d, 0x00, 
  0x00, 0x00, 0x00, 0x00, 0x00, 0x00, 0x00, 0x00, 0x00, 0x00, 0x00, 0x00, 0x00, 0x00, 0x00, 0x00, 0x00, 0x00, 0x00, 0x00, 0x00, 0x00, 0x00, 0x00, 0x00, 0x20, 0x00, 0x24, 0x24, 0x24, 0x24, 0x24, 0x24, 0x24, 0x24, 0x24, 0x24, 0x24, 0x24, 0x24, 0x24, 0x24, 0x25, 0x25, 0x25, 0x25, 0x25, 0x25, 0x25, 0x25, 0x00, 0x8d, 0x8d, 0x00, 
  0x00, 0x00, 0x00, 0x00, 0x00, 0x00, 0x00, 0x00, 0x00, 0x00, 0x00, 0x00, 0x00, 0x00, 0x00, 0x00, 0x00, 0x00, 0x00, 0x00, 0x00, 0x00, 0x00, 0x00, 0x00, 0x00, 0x24, 0x24, 0x24, 0x24, 0x24, 0x24, 0x24, 0x24, 0x24, 0x24, 0x24, 0x24, 0x24, 0x24, 0x24, 0x24, 0x25, 0x25, 0x25, 0x25, 0x25, 0x25, 0x25, 0x25, 0x00, 0x8d, 0x6d, 0x00, 
  0x00, 0x00, 0x00, 0x00, 0x00, 0x00, 0x00, 0x00, 0x00, 0x00, 0x00, 0x00, 0x00, 0x00, 0x00, 0x00, 0x00, 0x00, 0x00, 0x00, 0x00, 0x00, 0x00, 0x00, 0x00, 0x24, 0x24, 0x24, 0x24, 0x24, 0x24, 0x24, 0x24, 0x24, 0x24, 0x24, 0x24, 0x24, 0x24, 0x24, 0x24, 0x24, 0x24, 0x25, 0x25, 0x25, 0x25, 0x25, 0x25, 0x25, 0x00, 0x8d, 0x6d, 0x00, 
  0x00, 0x00, 0x00, 0x00, 0x00, 0x00, 0x00, 0x00, 0x00, 0x00, 0x00, 0x00, 0x00, 0x00, 0x00, 0x00, 0x00, 0x00, 0x00, 0x00, 0x00, 0x00, 0x00, 0x00, 0x00, 0x24, 0x20, 0x24, 0x24, 0x24, 0x24, 0x24, 0x24, 0x24, 0x24, 0x24, 0x24, 0x24, 0x24, 0x24, 0x24, 0x24, 0x25, 0x25, 0x25, 0x25, 0x25, 0x25, 0x25, 0x25, 0x00, 0x8d, 0x6d, 0x00, 
  0x00, 0x00, 0x00, 0x00, 0x00, 0x00, 0x00, 0x00, 0x00, 0x00, 0x00, 0x00, 0x00, 0x00, 0x00, 0x00, 0x00, 0x00, 0x00, 0x00, 0x00, 0x00, 0x00, 0x00, 0x00, 0x20, 0x00, 0x24, 0x24, 0x24, 0x24, 0x24, 0x24, 0x24, 0x24, 0x24, 0x24, 0x24, 0x24, 0x24, 0x24, 0x24, 0x25, 0x25, 0x25, 0x25, 0x25, 0x25, 0x25, 0x25, 0x00, 0x8d, 0x8d, 0x00, 
  0x00, 0x00, 0x00, 0x00, 0x00, 0x00, 0x00, 0x00, 0x00, 0x00, 0x00, 0x00, 0x00, 0x00, 0x00, 0x00, 0x00, 0x00, 0x00, 0x00, 0x00, 0x00, 0x00, 0x00, 0x00, 0x24, 0x24, 0x24, 0x24, 0x24, 0x24, 0x24, 0x24, 0x24, 0x24, 0x24, 0x24, 0x24, 0x24, 0x24, 0x24, 0x24, 0x24, 0x24, 0x25, 0x25, 0x25, 0x25, 0x25, 0x25, 0x00, 0x8d, 0x8d, 0x00, 
  0x00, 0x00, 0x00, 0x00, 0x00, 0x00, 0x00, 0x00, 0x00, 0x00, 0x00, 0x00, 0x00, 0x00, 0x00, 0x00, 0x00, 0x00, 0x00, 0x00, 0x00, 0x00, 0x00, 0x00, 0x00, 0x00, 0x24, 0x24, 0x24, 0x24, 0x24, 0x24, 0x24, 0x24, 0x24, 0x24, 0x24, 0x24, 0x24, 0x24, 0x24, 0x24, 0x25, 0x25, 0x25, 0x25, 0x25, 0x25, 0x25, 0x25, 0x00, 0x8d, 0x6d, 0x00, 
  0x00, 0x00, 0x00, 0x00, 0x00, 0x00, 0x00, 0x00, 0x00, 0x00, 0x00, 0x00, 0x00, 0x00, 0x00, 0x00, 0x00, 0x00, 0x00, 0x00, 0x00, 0x00, 0x00, 0x00, 0x00, 0x24, 0x20, 0x24, 0x24, 0x24, 0x24, 0x24, 0x24, 0x24, 0x24, 0x24, 0x24, 0x24, 0x24, 0x24, 0x24, 0x24, 0x25, 0x24, 0x25, 0x25, 0x25, 0x25, 0x25, 0x25, 0x00, 0x8d, 0x6d, 0x00, 
  0x00, 0x00, 0x00, 0x00, 0x00, 0x00, 0x00, 0x00, 0x00, 0x00, 0x00, 0x00, 0x00, 0x00, 0x00, 0x00, 0x00, 0x00, 0x00, 0x00, 0x00, 0x00, 0x00, 0x00, 0x00, 0x20, 0x00, 0x24, 0x24, 0x24, 0x24, 0x24, 0x24, 0x24, 0x24, 0x24, 0x24, 0x24, 0x24, 0x24, 0x24, 0x24, 0x25, 0x25, 0x25, 0x25, 0x25, 0x25, 0x25, 0x25, 0x00, 0x8d, 0x6d, 0x00, 
  0x00, 0x00, 0x00, 0x00, 0x00, 0x00, 0x00, 0x00, 0x00, 0x00, 0x00, 0x00, 0x00, 0x00, 0x00, 0x00, 0x00, 0x00, 0x00, 0x00, 0x00, 0x00, 0x00, 0x00, 0x00, 0x00, 0x24, 0x24, 0x24, 0x24, 0x24, 0x24, 0x24, 0x24, 0x24, 0x24, 0x24, 0x24, 0x24, 0x24, 0x24, 0x24, 0x25, 0x25, 0x25, 0x25, 0x25, 0x25, 0x25, 0x25, 0x00, 0x8d, 0x8d, 0x00, 
  0x00, 0x00, 0x00, 0x00, 0x00, 0x00, 0x00, 0x00, 0x00, 0x00, 0x00, 0x00, 0x00, 0x00, 0x00, 0x00, 0x00, 0x00, 0x00, 0x00, 0x00, 0x00, 0x00, 0x00, 0x00, 0x24, 0x24, 0x24, 0x24, 0x24, 0x24, 0x24, 0x24, 0x24, 0x24, 0x24, 0x24, 0x24, 0x24, 0x24, 0x24, 0x24, 0x24, 0x25, 0x25, 0x25, 0x25, 0x25, 0x25, 0x25, 0x00, 0x8d, 0x8d, 0x00, 
  0x00, 0x00, 0x00, 0x00, 0x00, 0x00, 0x00, 0x00, 0x00, 0x00, 0x00, 0x00, 0x00, 0x00, 0x00, 0x00, 0x00, 0x00, 0x00, 0x00, 0x00, 0x00, 0x00, 0x00, 0x00, 0x24, 0x20, 0x24, 0x24, 0x24, 0x24, 0x24, 0x24, 0x24, 0x24, 0x24, 0x24, 0x24, 0x24, 0x24, 0x24, 0x24, 0x25, 0x25, 0x25, 0x25, 0x25, 0x25, 0x25, 0x25, 0x00, 0x8d, 0x8d, 0x00, 
  0x00, 0x00, 0x00, 0x00, 0x00, 0x00, 0x00, 0x00, 0x00, 0x00, 0x00, 0x00, 0x00, 0x00, 0x00, 0x00, 0x00, 0x00, 0x00, 0x00, 0x00, 0x00, 0x00, 0x00, 0x00, 0x20, 0x00, 0x24, 0x24, 0x24, 0x24, 0x24, 0x24, 0x24, 0x24, 0x24, 0x24, 0x24, 0x24, 0x24, 0x24, 0x24, 0x25, 0x25, 0x25, 0x25, 0x25, 0x25, 0x25, 0x25, 0x00, 0x8d, 0x6d, 0x00, 
  0x00, 0x00, 0x00, 0x00, 0x00, 0x00, 0x00, 0x00, 0x00, 0x00, 0x00, 0x00, 0x00, 0x00, 0x00, 0x00, 0x00, 0x00, 0x00, 0x00, 0x00, 0x00, 0x00, 0x00, 0x00, 0x24, 0x24, 0x24, 0x24, 0x24, 0x24, 0x24, 0x24, 0x24, 0x24, 0x24, 0x24, 0x24, 0x24, 0x24, 0x24, 0x24, 0x24, 0x24, 0x25, 0x25, 0x25, 0x25, 0x25, 0x25, 0x00, 0x8d, 0x8d, 0x00, 
  0x00, 0x00, 0x00, 0x00, 0x00, 0x00, 0x00, 0x00, 0x00, 0x00, 0x00, 0x00, 0x00, 0x00, 0x00, 0x00, 0x00, 0x00, 0x00, 0x00, 0x00, 0x00, 0x00, 0x00, 0x00, 0x00, 0x24, 0x24, 0x24, 0x24, 0x24, 0x24, 0x24, 0x24, 0x24, 0x24, 0x24, 0x24, 0x24, 0x24, 0x24, 0x24, 0x25, 0x25, 0x25, 0x25, 0x25, 0x25, 0x25, 0x25, 0x00, 0x8d, 0x8d, 0x00, 
  0x00, 0x00, 0x00, 0x00, 0x00, 0x00, 0x00, 0x00, 0x00, 0x00, 0x00, 0x00, 0x00, 0x00, 0x00, 0x00, 0x00, 0x00, 0x00, 0x00, 0x00, 0x00, 0x00, 0x00, 0x00, 0x24, 0x20, 0x24, 0x24, 0x24, 0x24, 0x24, 0x24, 0x24, 0x24, 0x24, 0x24, 0x24, 0x24, 0x24, 0x24, 0x24, 0x25, 0x24, 0x25, 0x25, 0x25, 0x25, 0x25, 0x25, 0x00, 0x8d, 0x8d, 0x00, 
  0x00, 0x00, 0x00, 0x00, 0x00, 0x00, 0x00, 0x00, 0x00, 0x00, 0x00, 0x00, 0x00, 0x00, 0x00, 0x00, 0x00, 0x00, 0x00, 0x00, 0x00, 0x00, 0x00, 0x00, 0x00, 0x20, 0x00, 0x24, 0x24, 0x24, 0x24, 0x24, 0x24, 0x24, 0x24, 0x24, 0x24, 0x24, 0x24, 0x24, 0x24, 0x24, 0x25, 0x25, 0x25, 0x25, 0x25, 0x25, 0x25, 0x25, 0x00, 0x8d, 0x8d, 0x00, 
  0x00, 0x00, 0x00, 0x00, 0x00, 0x00, 0x00, 0x00, 0x00, 0x00, 0x00, 0x00, 0x00, 0x00, 0x00, 0x00, 0x00, 0x00, 0x00, 0x00, 0x00, 0x00, 0x00, 0x00, 0x00, 0x00, 0x24, 0x24, 0x24, 0x24, 0x24, 0x24, 0x24, 0x24, 0x24, 0x24, 0x24, 0x24, 0x24, 0x24, 0x24, 0x24, 0x25, 0x25, 0x25, 0x25, 0x25, 0x25, 0x25, 0x25, 0x00, 0x8d, 0x6d, 0x00, 
  0x00, 0x00, 0x00, 0x00, 0x00, 0x00, 0x00, 0x00, 0x00, 0x00, 0x00, 0x00, 0x00, 0x00, 0x00, 0x00, 0x00, 0x00, 0x00, 0x00, 0x00, 0x00, 0x00, 0x00, 0x00, 0x24, 0x24, 0x24, 0x24, 0x24, 0x24, 0x24, 0x24, 0x24, 0x24, 0x24, 0x24, 0x24, 0x24, 0x24, 0x24, 0x24, 0x24, 0x25, 0x25, 0x25, 0x25, 0x25, 0x25, 0x25, 0x00, 0x8d, 0x6d, 0x00, 
  0x00, 0x00, 0x00, 0x00, 0x00, 0x00, 0x00, 0x00, 0x00, 0x00, 0x00, 0x00, 0x00, 0x00, 0x00, 0x00, 0x00, 0x00, 0x00, 0x00, 0x00, 0x00, 0x00, 0x00, 0x00, 0x24, 0x20, 0x24, 0x24, 0x24, 0x24, 0x24, 0x24, 0x24, 0x24, 0x24, 0x24, 0x24, 0x24, 0x24, 0x24, 0x24, 0x25, 0x25, 0x25, 0x25, 0x25, 0x25, 0x25, 0x25, 0x00, 0x8d, 0x6d, 0x00, 
  0x00, 0x00, 0x00, 0x00, 0x00, 0x00, 0x00, 0x00, 0x00, 0x00, 0x00, 0x00, 0x00, 0x00, 0x00, 0x00, 0x00, 0x00, 0x00, 0x00, 0x00, 0x00, 0x00, 0x00, 0x00, 0x20, 0x00, 0x24, 0x24, 0x24, 0x24, 0x24, 0x24, 0x24, 0x24, 0x24, 0x24, 0x24, 0x24, 0x24, 0x24, 0x24, 0x25, 0x25, 0x25, 0x25, 0x25, 0x25, 0x25, 0x25, 0x00, 0x8d, 0x6d, 0x00, 
  0x00, 0x00, 0x00, 0x00, 0x00, 0x00, 0x00, 0x00, 0x00, 0x00, 0x00, 0x00, 0x00, 0x00, 0x00, 0x00, 0x00, 0x00, 0x00, 0x00, 0x00, 0x00, 0x00, 0x00, 0x00, 0x24, 0x24, 0x24, 0x24, 0x24, 0x24, 0x24, 0x24, 0x24, 0x24, 0x24, 0x24, 0x24, 0x24, 0x24, 0x24, 0x24, 0x24, 0x24, 0x25, 0x25, 0x25, 0x25, 0x25, 0x25, 0x00, 0x8d, 0x8d, 0x00, 
  0x00, 0x00, 0x00, 0x00, 0x00, 0x00, 0x00, 0x00, 0x00, 0x00, 0x00, 0x00, 0x00, 0x00, 0x00, 0x00, 0x00, 0x00, 0x00, 0x00, 0x00, 0x00, 0x00, 0x00, 0x00, 0x00, 0x24, 0x24, 0x24, 0x24, 0x24, 0x24, 0x24, 0x24, 0x24, 0x24, 0x24, 0x24, 0x24, 0x24, 0x24, 0x24, 0x25, 0x25, 0x25, 0x25, 0x25, 0x25, 0x25, 0x25, 0x00, 0x8d, 0x8d, 0x00, 
  0x00, 0x00, 0x00, 0x00, 0x00, 0x00, 0x00, 0x00, 0x00, 0x00, 0x00, 0x00, 0x00, 0x00, 0x00, 0x00, 0x00, 0x00, 0x00, 0x00, 0x00, 0x00, 0x00, 0x00, 0x00, 0x24, 0x20, 0x24, 0x24, 0x24, 0x24, 0x24, 0x24, 0x24, 0x24, 0x24, 0x24, 0x24, 0x24, 0x24, 0x24, 0x24, 0x25, 0x24, 0x25, 0x25, 0x25, 0x25, 0x25, 0x25, 0x00, 0x6d, 0x6d, 0x00, 
  0x00, 0x00, 0x00, 0x00, 0x00, 0x00, 0x00, 0x00, 0x00, 0x00, 0x00, 0x00, 0x00, 0x00, 0x00, 0x00, 0x00, 0x00, 0x00, 0x00, 0x00, 0x00, 0x00, 0x00, 0x00, 0x20, 0x00, 0x24, 0x24, 0x24, 0x24, 0x24, 0x24, 0x24, 0x24, 0x24, 0x24, 0x24, 0x24, 0x24, 0x24, 0x24, 0x25, 0x25, 0x25, 0x25, 0x25, 0x25, 0x25, 0x25, 0x00, 0x8d, 0x6d, 0x00, 
  0x00, 0x00, 0x00, 0x00, 0x00, 0x00, 0x00, 0x00, 0x00, 0x00, 0x00, 0x00, 0x00, 0x00, 0x00, 0x00, 0x00, 0x00, 0x00, 0x00, 0x00, 0x00, 0x00, 0x00, 0x00, 0x00, 0x24, 0x24, 0x24, 0x24, 0x24, 0x24, 0x24, 0x24, 0x24, 0x24, 0x24, 0x24, 0x24, 0x24, 0x24, 0x24, 0x25, 0x25, 0x25, 0x25, 0x25, 0x25, 0x25, 0x25, 0x00, 0x8d, 0x6d, 0x00, 
  0x00, 0x00, 0x00, 0x00, 0x00, 0x00, 0x00, 0x00, 0x00, 0x00, 0x00, 0x00, 0x00, 0x00, 0x00, 0x00, 0x00, 0x00, 0x00, 0x00, 0x00, 0x00, 0x00, 0x00, 0x00, 0x24, 0x24, 0x24, 0x24, 0x24, 0x24, 0x24, 0x24, 0x24, 0x24, 0x24, 0x24, 0x24, 0x24, 0x24, 0x24, 0x24, 0x24, 0x25, 0x25, 0x25, 0x25, 0x25, 0x25, 0x25, 0x00, 0x8d, 0x8d, 0x00, 
  0x00, 0x00, 0x00, 0x00, 0x00, 0x00, 0x00, 0x00, 0x00, 0x00, 0x00, 0x00, 0x00, 0x00, 0x00, 0x00, 0x00, 0x00, 0x00, 0x00, 0x00, 0x00, 0x00, 0x00, 0x00, 0x24, 0x20, 0x24, 0x24, 0x24, 0x24, 0x24, 0x24, 0x24, 0x24, 0x24, 0x24, 0x24, 0x24, 0x24, 0x24, 0x24, 0x25, 0x25, 0x25, 0x25, 0x25, 0x25, 0x25, 0x25, 0x00, 0x8d, 0x8d, 0x00, 
  0x00, 0x00, 0x00, 0x00, 0x00, 0x00, 0x00, 0x00, 0x00, 0x00, 0x00, 0x00, 0x00, 0x00, 0x00, 0x00, 0x00, 0x00, 0x00, 0x00, 0x00, 0x00, 0x00, 0x00, 0x00, 0x20, 0x00, 0x24, 0x24, 0x24, 0x24, 0x24, 0x24, 0x24, 0x24, 0x24, 0x24, 0x24, 0x24, 0x24, 0x24, 0x24, 0x25, 0x25, 0x25, 0x25, 0x25, 0x25, 0x25, 0x25, 0x00, 0x8d, 0x6d, 0x00, 
  0x00, 0x00, 0x00, 0x00, 0x00, 0x00, 0x00, 0x00, 0x00, 0x00, 0x00, 0x00, 0x00, 0x00, 0x00, 0x00, 0x00, 0x00, 0x00, 0x00, 0x00, 0x00, 0x00, 0x00, 0x00, 0x24, 0x24, 0x24, 0x24, 0x24, 0x24, 0x24, 0x24, 0x24, 0x24, 0x24, 0x24, 0x24, 0x24, 0x24, 0x24, 0x24, 0x24, 0x24, 0x25, 0x25, 0x25, 0x25, 0x25, 0x25, 0x00, 0x6d, 0x6d, 0x00, 
  0x00, 0x00, 0x00, 0x00, 0x00, 0x00, 0x00, 0x00, 0x00, 0x00, 0x00, 0x00, 0x00, 0x00, 0x00, 0x00, 0x00, 0x00, 0x00, 0x00, 0x00, 0x00, 0x00, 0x00, 0x00, 0x00, 0x24, 0x24, 0x24, 0x24, 0x24, 0x24, 0x24, 0x24, 0x24, 0x24, 0x24, 0x24, 0x24, 0x24, 0x24, 0x24, 0x25, 0x25, 0x25, 0x25, 0x25, 0x25, 0x25, 0x25, 0x00, 0x8d, 0x6d, 0x00, 
  0x00, 0x00, 0x00, 0x00, 0x00, 0x00, 0x00, 0x00, 0x00, 0x00, 0x00, 0x00, 0x00, 0x00, 0x00, 0x00, 0x00, 0x00, 0x00, 0x00, 0x00, 0x00, 0x00, 0x00, 0x00, 0x24, 0x20, 0x24, 0x24, 0x24, 0x24, 0x24, 0x24, 0x24, 0x24, 0x24, 0x24, 0x24, 0x24, 0x24, 0x24, 0x24, 0x25, 0x24, 0x25, 0x25, 0x25, 0x25, 0x25, 0x24, 0x00, 0x6d, 0x91, 0x00, 
  0x00, 0x00, 0x00, 0x00, 0x00, 0x00, 0x00, 0x00, 0x00, 0x00, 0x00, 0x00, 0x00, 0x00, 0x00, 0x00, 0x00, 0x00, 0x00, 0x00, 0x00, 0x00, 0x00, 0x00, 0x00, 0x20, 0x00, 0x24, 0x24, 0x24, 0x24, 0x24, 0x24, 0x24, 0x24, 0x24, 0x24, 0x24, 0x24, 0x24, 0x24, 0x24, 0x25, 0x25, 0x25, 0x25, 0x25, 0x25, 0x25, 0x00, 0x90, 0x8d, 0x8d, 0x00, 
  0x00, 0x00, 0x00, 0x00, 0x00, 0x00, 0x00, 0x00, 0x00, 0x00, 0x00, 0x00, 0x00, 0x00, 0x00, 0x00, 0x00, 0x00, 0x00, 0x00, 0x00, 0x00, 0x00, 0x00, 0x00, 0x00, 0x24, 0x24, 0x24, 0x24, 0x24, 0x24, 0x24, 0x24, 0x24, 0x24, 0x24, 0x24, 0x24, 0x24, 0x24, 0x24, 0x25, 0x25, 0x25, 0x25, 0x25, 0x24, 0x00, 0x80, 0x6d, 0x8d, 0x00, 0x00, 
  0x00, 0x00, 0x00, 0x00, 0x00, 0x00, 0x00, 0x00, 0x00, 0x00, 0x00, 0x00, 0x00, 0x00, 0x00, 0x00, 0x00, 0x00, 0x00, 0x00, 0x00, 0x00, 0x00, 0x00, 0x00, 0x24, 0x24, 0x24, 0x24, 0x24, 0x24, 0x24, 0x24, 0x24, 0x24, 0x24, 0x24, 0x24, 0x24, 0x24, 0x24, 0x24, 0x24, 0x25, 0x25, 0x25, 0x24, 0x00, 0x80, 0x8d, 0x8d, 0x00, 0x00, 0x00, 
  0x00, 0x00, 0x00, 0x00, 0x00, 0x00, 0x00, 0x00, 0x00, 0x00, 0x00, 0x00, 0x00, 0x00, 0x00, 0x00, 0x00, 0x00, 0x00, 0x00, 0x00, 0x00, 0x00, 0x00, 0x00, 0x24, 0x20, 0x24, 0x24, 0x24, 0x24, 0x24, 0x24, 0x24, 0x24, 0x24, 0x24, 0x24, 0x24, 0x24, 0x24, 0x24, 0x25, 0x25, 0x25, 0x24, 0x00, 0x80, 0x8d, 0x8d, 0x00, 0x00, 0x00, 0x00, 
  0x00, 0x00, 0x00, 0x00, 0x00, 0x00, 0x00, 0x00, 0x00, 0x00, 0x00, 0x00, 0x00, 0x00, 0x00, 0x00, 0x00, 0x00, 0x00, 0x00, 0x00, 0x00, 0x00, 0x00, 0x00, 0x20, 0x00, 0x24, 0x24, 0x24, 0x24, 0x24, 0x24, 0x24, 0x24, 0x24, 0x24, 0x24, 0x24, 0x24, 0x24, 0x24, 0x25, 0x25, 0x24, 0x00, 0x00, 0x8d, 0x8d, 0x00, 0x00, 0x00, 0x00, 0x00, 
  0x00, 0x00, 0x00, 0x00, 0x00, 0x00, 0x00, 0x00, 0x00, 0x00, 0x00, 0x00, 0x00, 0x00, 0x00, 0x00, 0x00, 0x00, 0x00, 0x00, 0x00, 0x00, 0x00, 0x00, 0x00, 0x24, 0x24, 0x24, 0x24, 0x24, 0x24, 0x24, 0x24, 0x24, 0x24, 0x24, 0x24, 0x24, 0x24, 0x24, 0x24, 0x24, 0x24, 0x24, 0x00, 0x00, 0x8d, 0x8d, 0x00, 0x00, 0x00, 0x00, 0x00, 0x00, 
  0x00, 0x00, 0x00, 0x00, 0x00, 0x00, 0x00, 0x00, 0x00, 0x00, 0x00, 0x00, 0x00, 0x00, 0x00, 0x00, 0x00, 0x00, 0x00, 0x00, 0x00, 0x00, 0x00, 0x00, 0x00, 0x00, 0x24, 0x24, 0x24, 0x24, 0x24, 0x24, 0x24, 0x24, 0x24, 0x24, 0x24, 0x24, 0x24, 0x24, 0x24, 0x24, 0x25, 0x00, 0x00, 0x6d, 0x6d, 0x00, 0x00, 0x00, 0x00, 0x00, 0x00, 0x00, 
  0x00, 0x00, 0x00, 0x00, 0x00, 0x00, 0x00, 0x00, 0x00, 0x00, 0x00, 0x00, 0x00, 0x00, 0x00, 0x00, 0x00, 0x00, 0x00, 0x00, 0x00, 0x00, 0x00, 0x00, 0x00, 0x24, 0x20, 0x24, 0x24, 0x24, 0x24, 0x24, 0x24, 0x24, 0x24, 0x24, 0x24, 0x24, 0x24, 0x24, 0x25, 0x24, 0x00, 0x00, 0x8d, 0x8d, 0x00, 0x00, 0x00, 0x00, 0x00, 0x00, 0x00, 0x00, 
  0x00, 0x00, 0x00, 0x00, 0x00, 0x00, 0x00, 0x00, 0x00, 0x00, 0x00, 0x00, 0x00, 0x00, 0x00, 0x00, 0x00, 0x00, 0x00, 0x00, 0x00, 0x00, 0x00, 0x00, 0x00, 0x20, 0x00, 0x24, 0x24, 0x24, 0x24, 0x24, 0x24, 0x24, 0x24, 0x24, 0x24, 0x24, 0x24, 0x24, 0x24, 0x00, 0x00, 0x6d, 0x8d, 0x00, 0x00, 0x00, 0x00, 0x00, 0x00, 0x00, 0x00, 0x00, 
  0x00, 0x00, 0x00, 0x00, 0x00, 0x00, 0x00, 0x00, 0x00, 0x00, 0x00, 0x00, 0x00, 0x00, 0x00, 0x00, 0x00, 0x00, 0x00, 0x00, 0x00, 0x00, 0x00, 0x00, 0x00, 0x00, 0x24, 0x24, 0x24, 0x24, 0x24, 0x24, 0x24, 0x24, 0x24, 0x24, 0x24, 0x24, 0x24, 0x24, 0x00, 0x00, 0x8d, 0x6d, 0x00, 0x00, 0x00, 0x00, 0x00, 0x00, 0x00, 0x00, 0x00, 0x00, 
  0x00, 0x00, 0x00, 0x00, 0x00, 0x00, 0x00, 0x00, 0x00, 0x00, 0x00, 0x00, 0x00, 0x00, 0x00, 0x00, 0x00, 0x00, 0x00, 0x00, 0x00, 0x00, 0x00, 0x00, 0x00, 0x24, 0x24, 0x24, 0x24, 0x24, 0x24, 0x24, 0x24, 0x24, 0x24, 0x24, 0x24, 0x24, 0x24, 0x00, 0x00, 0x8d, 0x6d, 0x00, 0x00, 0x00, 0x00, 0x00, 0x00, 0x00, 0x00, 0x00, 0x00, 0x00, 
  0x00, 0x00, 0x00, 0x00, 0x00, 0x00, 0x00, 0x00, 0x00, 0x00, 0x00, 0x00, 0x00, 0x00, 0x00, 0x00, 0x00, 0x00, 0x00, 0x00, 0x00, 0x00, 0x00, 0x00, 0x00, 0x24, 0x20, 0x24, 0x24, 0x24, 0x24, 0x24, 0x24, 0x24, 0x24, 0x24, 0x24, 0x24, 0x00, 0x00, 0x6d, 0x8d, 0x00, 0x00, 0x00, 0x00, 0x00, 0x00, 0x00, 0x00, 0x00, 0x00, 0x00, 0x00, 
  0x00, 0x00, 0x00, 0x00, 0x00, 0x00, 0x00, 0x00, 0x00, 0x00, 0x00, 0x00, 0x00, 0x00, 0x00, 0x00, 0x00, 0x00, 0x00, 0x00, 0x00, 0x00, 0x00, 0x00, 0x00, 0x20, 0x00, 0x24, 0x24, 0x24, 0x24, 0x24, 0x24, 0x24, 0x24, 0x24, 0x24, 0x00, 0x00, 0x6d, 0x8d, 0x00, 0x00, 0x00, 0x00, 0x00, 0x00, 0x00, 0x00, 0x00, 0x00, 0x00, 0x00, 0x00, 
  0x00, 0x00, 0x00, 0x00, 0x00, 0x00, 0x00, 0x00, 0x00, 0x00, 0x00, 0x00, 0x00, 0x00, 0x00, 0x00, 0x00, 0x00, 0x00, 0x00, 0x00, 0x00, 0x00, 0x00, 0x00, 0x24, 0x24, 0x24, 0x24, 0x24, 0x24, 0x24, 0x24, 0x24, 0x24, 0x24, 0x24, 0x00, 0x8d, 0x6d, 0x00, 0x00, 0x00, 0x00, 0x00, 0x00, 0x00, 0x00, 0x00, 0x00, 0x00, 0x00, 0x00, 0x00, 
  0x00, 0x00, 0x00, 0x00, 0x00, 0x00, 0x00, 0x00, 0x00, 0x00, 0x00, 0x00, 0x00, 0x00, 0x00, 0x00, 0x00, 0x00, 0x00, 0x00, 0x00, 0x00, 0x00, 0x00, 0x00, 0x00, 0x24, 0x24, 0x24, 0x24, 0x24, 0x24, 0x24, 0x24, 0x24, 0x24, 0x24, 0x00, 0x6d, 0x6d, 0x00, 0x00, 0x00, 0x00, 0x00, 0x00, 0x00, 0x00, 0x00, 0x00, 0x00, 0x00, 0x00, 0x00, 
  0x00, 0x00, 0x00, 0x00, 0x00, 0x00, 0x00, 0x00, 0x00, 0x00, 0x00, 0x00, 0x00, 0x00, 0x00, 0x00, 0x00, 0x00, 0x00, 0x00, 0x00, 0x00, 0x00, 0x00, 0x00, 0x24, 0x20, 0x24, 0x24, 0x24, 0x24, 0x24, 0x24, 0x24, 0x24, 0x24, 0x24, 0x00, 0x8d, 0x6e, 0x00, 0x00, 0x00, 0x00, 0x00, 0x00, 0x00, 0x00, 0x00, 0x00, 0x00, 0x00, 0x00, 0x00, 
  0x00, 0x00, 0x00, 0x00, 0x00, 0x00, 0x00, 0x00, 0x00, 0x00, 0x00, 0x00, 0x00, 0x00, 0x00, 0x00, 0x00, 0x00, 0x00, 0x00, 0x00, 0x00, 0x00, 0x00, 0x00, 0x20, 0x00, 0x24, 0x24, 0x24, 0x24, 0x24, 0x24, 0x24, 0x24, 0x24, 0x24, 0x00, 0x8d, 0x6d, 0x00, 0x00, 0x00, 0x00, 0x00, 0x00, 0x00, 0x00, 0x00, 0x00, 0x00, 0x00, 0x00, 0x00, 
  0x00, 0x00, 0x00, 0x00, 0x00, 0x00, 0x00, 0x00, 0x00, 0x00, 0x00, 0x00, 0x00, 0x00, 0x00, 0x00, 0x00, 0x00, 0x00, 0x00, 0x00, 0x00, 0x00, 0x00, 0x00, 0x00, 0x24, 0x24, 0x24, 0x24, 0x24, 0x24, 0x24, 0x24, 0x24, 0x24, 0x24, 0x00, 0x8d, 0x89, 0x00, 0x00, 0x00, 0x00, 0x00, 0x00, 0x00, 0x00, 0x00, 0x00, 0x00, 0x00, 0x00, 0x00, 
  0x00, 0x00, 0x00, 0x00, 0x00, 0x00, 0x00, 0x00, 0x00, 0x00, 0x00, 0x00, 0x00, 0x00, 0x00, 0x00, 0x00, 0x00, 0x00, 0x00, 0x00, 0x00, 0x00, 0x00, 0x00, 0x24, 0x24, 0x24, 0x24, 0x24, 0x24, 0x24, 0x24, 0x24, 0x24, 0x24, 0x24, 0x00, 0x91, 0x6d, 0x00, 0x00, 0x00, 0x00, 0x00, 0x00, 0x00, 0x00, 0x00, 0x00, 0x00, 0x00, 0x00, 0x00, 
  0x00, 0x00, 0x00, 0x00, 0x00, 0x00, 0x00, 0x00, 0x00, 0x00, 0x00, 0x00, 0x00, 0x00, 0x00, 0x00, 0x00, 0x00, 0x00, 0x00, 0x00, 0x00, 0x00, 0x00, 0x00, 0x24, 0x20, 0x24, 0x24, 0x24, 0x24, 0x24, 0x24, 0x24, 0x24, 0x24, 0x24, 0x00, 0x6d, 0x92, 0x00, 0x00, 0x00, 0x00, 0x00, 0x00, 0x00, 0x00, 0x00, 0x00, 0x00, 0x00, 0x00, 0x00, 
  0x00, 0x00, 0x00, 0x00, 0x00, 0x00, 0x00, 0x00, 0x00, 0x00, 0x00, 0x00, 0x00, 0x00, 0x00, 0x00, 0x00, 0x00, 0x00, 0x00, 0x00, 0x00, 0x00, 0x00, 0x00, 0x20, 0x00, 0x24, 0x24, 0x24, 0x24, 0x24, 0x24, 0x24, 0x24, 0x24, 0x24, 0x00, 0x6d, 0x90, 0x00, 0x00, 0x00, 0x00, 0x00, 0x00, 0x00, 0x00, 0x00, 0x00, 0x00, 0x00, 0x00, 0x00, 
  0x00, 0x00, 0x00, 0x00, 0x00, 0x00, 0x00, 0x00, 0x00, 0x00, 0x00, 0x00, 0x00, 0x00, 0x00, 0x00, 0x00, 0x00, 0x00, 0x00, 0x00, 0x00, 0x00, 0x00, 0x00, 0x24, 0x24, 0x24, 0x24, 0x24, 0x24, 0x24, 0x24, 0x24, 0x24, 0x24, 0x24, 0x00, 0x49, 0x00, 0x00, 0x00, 0x00, 0x00, 0x00, 0x00, 0x00, 0x00, 0x00, 0x00, 0x00, 0x00, 0x00, 0x00, 
  0x00, 0x00, 0x00, 0x00, 0x00, 0x00, 0x00, 0x00, 0x00, 0x00, 0x00, 0x00, 0x00, 0x00, 0x00, 0x00, 0x00, 0x00, 0x00, 0x00, 0x00, 0x00, 0x00, 0x00, 0x00, 0x00, 0x24, 0x24, 0x24, 0x24, 0x24, 0x24, 0x24, 0x24, 0x24, 0x24, 0x24, 0x00, 0x00, 0x00, 0x00, 0x00, 0x00, 0x00, 0x00, 0x00, 0x00, 0x00, 0x00, 0x00, 0x00, 0x00, 0x00, 0x00, 
  0x00, 0x00, 0x00, 0x00, 0x00, 0x00, 0x00, 0x00, 0x00, 0x00, 0x00, 0x00, 0x00, 0x00, 0x00, 0x00, 0x00, 0x00, 0x00, 0x00, 0x00, 0x00, 0x00, 0x00, 0x00, 0x24, 0x20, 0x24, 0x24, 0x24, 0x24, 0x24, 0x24, 0x24, 0x24, 0x24, 0x24, 0x00, 0x00, 0x00, 0x00, 0x00, 0x00, 0x00, 0x00, 0x00, 0x00, 0x00, 0x00, 0x00, 0x00, 0x00, 0x00, 0x00, 
  0x00, 0x00, 0x00, 0x00, 0x00, 0x00, 0x00, 0x00, 0x00, 0x00, 0x00, 0x00, 0x00, 0x00, 0x00, 0x00, 0x00, 0x00, 0x00, 0x00, 0x00, 0x00, 0x00, 0x00, 0x00, 0x20, 0x00, 0x24, 0x24, 0x24, 0x24, 0x24, 0x24, 0x24, 0x24, 0x24, 0x24, 0x00, 0x00, 0x00, 0x00, 0x00, 0x00, 0x00, 0x00, 0x00, 0x00, 0x00, 0x00, 0x00, 0x00, 0x00, 0x00, 0x00, 
  0x00, 0x00, 0x00, 0x00, 0x00, 0x00, 0x00, 0x00, 0x00, 0x00, 0x00, 0x00, 0x00, 0x00, 0x00, 0x00, 0x00, 0x00, 0x00, 0x00, 0x00, 0x00, 0x00, 0x00, 0x00, 0x00, 0x24, 0x24, 0x24, 0x24, 0x24, 0x24, 0x24, 0x24, 0x24, 0x24, 0x24, 0x00, 0x00, 0x00, 0x00, 0x00, 0x00, 0x00, 0x00, 0x00, 0x00, 0x00, 0x00, 0x00, 0x00, 0x00, 0x00, 0x00, 
  0x00, 0x00, 0x00, 0x00, 0x00, 0x00, 0x00, 0x00, 0x00, 0x00, 0x00, 0x00, 0x00, 0x00, 0x00, 0x00, 0x00, 0x00, 0x00, 0x00, 0x00, 0x00, 0x00, 0x00, 0x00, 0x24, 0x24, 0x24, 0x24, 0x24, 0x24, 0x24, 0x24, 0x24, 0x24, 0x24, 0x24, 0x00, 0x00, 0x00, 0x00, 0x00, 0x00, 0x00, 0x00, 0x00, 0x00, 0x00, 0x00, 0x00, 0x00, 0x00, 0x00, 0x00, 
  0x00, 0x00, 0x00, 0x00, 0x00, 0x00, 0x00, 0x00, 0x00, 0x00, 0x00, 0x00, 0x00, 0x00, 0x00, 0x00, 0x00, 0x00, 0x00, 0x00, 0x00, 0x00, 0x00, 0x00, 0x00, 0x24, 0x20, 0x24, 0x24, 0x24, 0x24, 0x24, 0x24, 0x24, 0x24, 0x24, 0x24, 0x00, 0x00, 0x00, 0x00, 0x00, 0x00, 0x00, 0x00, 0x00, 0x00, 0x00, 0x00, 0x00, 0x00, 0x00, 0x00, 0x00, 
  0x00, 0x00, 0x00, 0x00, 0x00, 0x00, 0x00, 0x00, 0x00, 0x00, 0x00, 0x00, 0x00, 0x00, 0x00, 0x00, 0x00, 0x00, 0x00, 0x00, 0x00, 0x00, 0x00, 0x00, 0x00, 0x00, 0x00, 0x24, 0x24, 0x24, 0x24, 0x24, 0x24, 0x24, 0x24, 0x24, 0x24, 0x00, 0x00, 0x00, 0x00, 0x00, 0x00, 0x00, 0x00, 0x00, 0x00, 0x00, 0x00, 0x00, 0x00, 0x00, 0x00, 0x00, 
#endif
#if LV_COLOR_DEPTH == 16 && LV_COLOR_16_SWAP == 0
  /*Pixel format: Red: 5 bit, Green: 6 bit, Blue: 5 bit*/
  0x00, 0x00, 0x00, 0x00, 0x00, 0x00, 0x00, 0x00, 0x00, 0x00, 0x00, 0x00, 0x00, 0x00, 0x00, 0x00, 0x00, 0x00, 0x00, 0x00, 0x00, 0x00, 0x00, 0x00, 0x00, 0x00, 0x00, 0x00, 0x00, 0x00, 0x00, 0x00, 0x00, 0x00, 0x00, 0x00, 0x00, 0x00, 0x00, 0x00, 0x00, 0x00, 0x00, 0x00, 0x00, 0x00, 0x00, 0x00, 0x00, 0x00, 0x00, 0x00, 0x00, 0x00, 0x00, 0x00, 0x00, 0x00, 0x00, 0x00, 0x00, 0x00, 0x00, 0x00, 0x00, 0x00, 0x00, 0x00, 0x00, 0x00, 0x00, 0x00, 0x00, 0x00, 0x00, 0x00, 0x00, 0x00, 0x00, 0x00, 0x00, 0x00, 0x00, 0x00, 0x00, 0x00, 0x00, 0x00, 0x00, 0x00, 0x00, 0x00, 0x00, 0x00, 0x00, 0x00, 0x00, 0x00, 0x00, 0x00, 0x00, 0x00, 0x00, 0x00, 0x00, 0x00, 0x00, 0x00, 
  0x00, 0x00, 0x00, 0x00, 0x00, 0x00, 0x00, 0x00, 0x00, 0x00, 0x00, 0x00, 0x00, 0x00, 0x00, 0x00, 0x00, 0x00, 0x00, 0x00, 0x00, 0x00, 0x00, 0x00, 0x00, 0x00, 0x00, 0x00, 0x00, 0x00, 0x00, 0x00, 0x00, 0x00, 0x00, 0x00, 0x00, 0x00, 0x00, 0x00, 0x00, 0x00, 0x00, 0x00, 0x00, 0x00, 0x00, 0x00, 0x00, 0x00, 0x00, 0x00, 0x00, 0x00, 0x00, 0x00, 0x00, 0x00, 0x00, 0x00, 0x00, 0x00, 0x00, 0x00, 0x00, 0x00, 0x00, 0x00, 0x00, 0x00, 0x00, 0x00, 0x00, 0x00, 0x00, 0x00, 0x00, 0x84, 0x00, 0x00, 0x00, 0x00, 0x00, 0x00, 0x00, 0x00, 0x00, 0x00, 0x00, 0x00, 0x00, 0x00, 0x00, 0x00, 0x00, 0x00, 0x00, 0x00, 0x00, 0x00, 0x00, 0x00, 0x00, 0x00, 0x00, 0x00, 0x00, 0x00, 
  0x00, 0x00, 0x00, 0x00, 0x00, 0x00, 0x00, 0x00, 0x00, 0x00, 0x00, 0x00, 0x00, 0x00, 0x00, 0x00, 0x00, 0x00, 0x00, 0x00, 0x00, 0x00, 0x00, 0x00, 0x00, 0x00, 0x00, 0x00, 0x00, 0x00, 0x00, 0x00, 0x00, 0x00, 0x00, 0x00, 0x00, 0x00, 0x00, 0x00, 0x00, 0x00, 0x00, 0x00, 0x00, 0x00, 0x00, 0x00, 0x00, 0x00, 0x00, 0x00, 0x00, 0x00, 0x00, 0x00, 0x00, 0x00, 0x00, 0x00, 0x00, 0x00, 0x00, 0x00, 0x00, 0x00, 0x00, 0x00, 0x00, 0x00, 0x00, 0x00, 0x00, 0x00, 0x00, 0x00, 0x08, 0x42, 0x00, 0x00, 0x00, 0x00, 0x00, 0x00, 0x00, 0x00, 0x00, 0x00, 0x00, 0x00, 0x00, 0x00, 0x00, 0x00, 0x00, 0x00, 0x00, 0x00, 0x00, 0x00, 0x00, 0x00, 0x00, 0x00, 0x00, 0x00, 0x00, 0x00, 
  0x00, 0x00, 0x00, 0x00, 0x00, 0x00, 0x00, 0x00, 0x00, 0x00, 0x00, 0x00, 0x00, 0x00, 0x00, 0x00, 0x00, 0x00, 0x00, 0x00, 0x00, 0x00, 0x00, 0x00, 0x00, 0x00, 0x00, 0x00, 0x00, 0x00, 0x00, 0x00, 0x00, 0x00, 0x00, 0x00, 0x00, 0x00, 0x00, 0x00, 0x00, 0x00, 0x00, 0x00, 0x00, 0x00, 0x00, 0x00, 0x00, 0x00, 0x00, 0x00, 0xe3, 0x18, 0x82, 0x10, 0x62, 0x18, 0xa2, 0x20, 0xc3, 0x18, 0xa3, 0x18, 0xc3, 0x18, 0xe3, 0x20, 0xe4, 0x20, 0x03, 0x21, 0xe3, 0x20, 0x00, 0x00, 0xab, 0x82, 0x10, 0x84, 0x00, 0x00, 0x00, 0x00, 0x00, 0x00, 0x00, 0x00, 0x00, 0x00, 0x00, 0x00, 0x00, 0x00, 0x00, 0x00, 0x00, 0x00, 0x00, 0x00, 0x00, 0x00, 0x00, 0x00, 0x00, 0x00, 0x00, 0x00, 
  0x00, 0x00, 0x00, 0x00, 0x00, 0x00, 0x00, 0x00, 0x00, 0x00, 0x00, 0x00, 0x00, 0x00, 0x00, 0x00, 0x00, 0x00, 0x00, 0x00, 0x00, 0x00, 0x00, 0x00, 0x00, 0x00, 0x00, 0x00, 0x00, 0x00, 0x00, 0x00, 0x00, 0x00, 0x00, 0x00, 0x00, 0x00, 0x00, 0x00, 0x00, 0x00, 0x00, 0x00, 0x00, 0x00, 0x00, 0x00, 0x00, 0x00, 0xe3, 0x18, 0x62, 0x18, 0xc3, 0x18, 0xc3, 0x18, 0xc3, 0x18, 0xc3, 0x20, 0xc3, 0x20, 0xe3, 0x20, 0xe3, 0x20, 0xe3, 0x20, 0xe3, 0x20, 0x04, 0x21, 0x00, 0x00, 0x69, 0x73, 0x10, 0x84, 0x00, 0x00, 0x00, 0x00, 0x00, 0x00, 0x00, 0x00, 0x00, 0x00, 0x00, 0x00, 0x00, 0x00, 0x00, 0x00, 0x00, 0x00, 0x00, 0x00, 0x00, 0x00, 0x00, 0x00, 0x00, 0x00, 0x00, 0x00, 
  0x00, 0x00, 0x00, 0x00, 0x00, 0x00, 0x00, 0x00, 0x00, 0x00, 0x00, 0x00, 0x00, 0x00, 0x00, 0x00, 0x00, 0x00, 0x00, 0x00, 0x00, 0x00, 0x00, 0x00, 0x00, 0x00, 0x00, 0x00, 0x00, 0x00, 0x00, 0x00, 0x00, 0x00, 0x00, 0x00, 0x00, 0x00, 0x00, 0x00, 0x00, 0x00, 0x00, 0x00, 0x00, 0x00, 0x00, 0x00, 0x00, 0x00, 0x00, 0x18, 0x62, 0x10, 0xc3, 0x18, 0xc3, 0x18, 0xa3, 0x18, 0xc3, 0x20, 0xc3, 0x20, 0xe3, 0x20, 0xe3, 0x20, 0xe3, 0x20, 0xe4, 0x20, 0x03, 0x21, 0x00, 0x00, 0xab, 0x72, 0xab, 0x5a, 0x00, 0x00, 0x00, 0x00, 0x00, 0x00, 0x00, 0x00, 0x00, 0x00, 0x00, 0x00, 0x00, 0x00, 0x00, 0x00, 0x00, 0x00, 0x00, 0x00, 0x00, 0x00, 0x00, 0x00, 0x00, 0x00, 0x00, 0x00, 
  0x00, 0x00, 0x00, 0x00, 0x00, 0x00, 0x00, 0x00, 0x00, 0x00, 0x00, 0x00, 0x00, 0x00, 0x00, 0x00, 0x00, 0x00, 0x00, 0x00, 0x00, 0x00, 0x00, 0x00, 0x00, 0x00, 0x00, 0x00, 0x00, 0x00, 0x00, 0x00, 0x00, 0x00, 0x00, 0x00, 0x00, 0x00, 0x00, 0x00, 0x00, 0x00, 0x00, 0x00, 0x00, 0x00, 0x00, 0x00, 0x00, 0x00, 0xe4, 0x20, 0xe3, 0x18, 0x82, 0x18, 0xc3, 0x18, 0xc3, 0x18, 0xc3, 0x18, 0xc3, 0x20, 0xc3, 0x20, 0xe3, 0x20, 0xe3, 0x20, 0xe3, 0x20, 0x03, 0x21, 0x00, 0x00, 0xe9, 0x7a, 0x08, 0x82, 0x00, 0x00, 0x00, 0x00, 0x00, 0x00, 0x00, 0x00, 0x00, 0x00, 0x00, 0x00, 0x00, 0x00, 0x00, 0x00, 0x00, 0x00, 0x00, 0x00, 0x00, 0x00, 0x00, 0x00, 0x00, 0x00, 0x00, 0x00, 
  0x00, 0x00, 0x00, 0x00, 0x00, 0x00, 0x00, 0x00, 0x00, 0x00, 0x00, 0x00, 0x00, 0x00, 0x00, 0x00, 0x00, 0x00, 0x00, 0x00, 0x00, 0x00, 0x00, 0x00, 0x00, 0x00, 0x00, 0x00, 0x00, 0x00, 0x00, 0x00, 0x00, 0x00, 0x00, 0x00, 0x00, 0x00, 0x00, 0x00, 0x00, 0x00, 0x00, 0x00, 0x00, 0x00, 0x00, 0x00, 0x00, 0x00, 0x00, 0x00, 0xe3, 0x18, 0xc3, 0x18, 0xa2, 0x18, 0xc3, 0x18, 0xc3, 0x20, 0xc3, 0x20, 0xc3, 0x20, 0xe3, 0x20, 0x03, 0x21, 0xe3, 0x20, 0x04, 0x21, 0x00, 0x00, 0x2a, 0x7b, 0x46, 0x6b, 0x00, 0x00, 0x00, 0x00, 0x00, 0x00, 0x00, 0x00, 0x00, 0x00, 0x00, 0x00, 0x00, 0x00, 0x00, 0x00, 0x00, 0x00, 0x00, 0x00, 0x00, 0x00, 0x00, 0x00, 0x00, 0x00, 0x00, 0x00, 
  0x00, 0x00, 0x00, 0x00, 0x00, 0x00, 0x00, 0x00, 0x00, 0x00, 0x00, 0x00, 0x00, 0x00, 0x00, 0x00, 0x00, 0x00, 0x00, 0x00, 0x00, 0x00, 0x00, 0x00, 0x00, 0x00, 0x00, 0x00, 0x00, 0x00, 0x00, 0x00, 0x00, 0x00, 0x00, 0x00, 0x00, 0x00, 0x00, 0x00, 0x00, 0x00, 0x00, 0x00, 0x00, 0x00, 0x00, 0x00, 0x00, 0x00, 0xe3, 0x18, 0x62, 0x18, 0x82, 0x18, 0xc3, 0x18, 0xc3, 0x18, 0xc3, 0x18, 0xc3, 0x20, 0xe3, 0x20, 0xe3, 0x20, 0xe3, 0x20, 0xe3, 0x20, 0x03, 0x21, 0x00, 0x00, 0x4b, 0x6b, 0x4d, 0x6b, 0x00, 0x00, 0x00, 0x00, 0x00, 0x00, 0x00, 0x00, 0x00, 0x00, 0x00, 0x00, 0x00, 0x00, 0x00, 0x00, 0x00, 0x00, 0x00, 0x00, 0x00, 0x00, 0x00, 0x00, 0x00, 0x00, 0x00, 0x00, 
  0x00, 0x00, 0x00, 0x00, 0x00, 0x00, 0x00, 0x00, 0x00, 0x00, 0x00, 0x00, 0x00, 0x00, 0x00, 0x00, 0x00, 0x00, 0x00, 0x00, 0x00, 0x00, 0x00, 0x00, 0x00, 0x00, 0x00, 0x00, 0x00, 0x00, 0x00, 0x00, 0x00, 0x00, 0x00, 0x00, 0x00, 0x00, 0x00, 0x00, 0x00, 0x00, 0x00, 0x00, 0x00, 0x00, 0x00, 0x00, 0x00, 0x00, 0x00, 0x18, 0x62, 0x10, 0xc3, 0x18, 0xc3, 0x18, 0xc3, 0x18, 0xc3, 0x18, 0xc3, 0x20, 0xe3, 0x20, 0xe3, 0x20, 0xe3, 0x20, 0xe3, 0x20, 0x03, 0x21, 0x00, 0x00, 0xe9, 0x6a, 0xab, 0x5a, 0x00, 0x00, 0x00, 0x00, 0x00, 0x00, 0x00, 0x00, 0x00, 0x00, 0x00, 0x00, 0x00, 0x00, 0x00, 0x00, 0x00, 0x00, 0x00, 0x00, 0x00, 0x00, 0x00, 0x00, 0x00, 0x00, 0x00, 0x00, 
  0x00, 0x00, 0x00, 0x00, 0x00, 0x00, 0x00, 0x00, 0x00, 0x00, 0x00, 0x00, 0x00, 0x00, 0x00, 0x00, 0x00, 0x00, 0x00, 0x00, 0x00, 0x00, 0x00, 0x00, 0x00, 0x00, 0x00, 0x00, 0x00, 0x00, 0x00, 0x00, 0x00, 0x00, 0x00, 0x00, 0x00, 0x00, 0x00, 0x00, 0x00, 0x00, 0x00, 0x00, 0x00, 0x00, 0x00, 0x00, 0x00, 0x00, 0x00, 0x00, 0xe3, 0x18, 0xc3, 0x18, 0xc3, 0x18, 0xa3, 0x18, 0xc3, 0x20, 0xc3, 0x20, 0xe3, 0x20, 0xe3, 0x18, 0x03, 0x21, 0xe3, 0x20, 0x03, 0x21, 0x00, 0x00, 0x2b, 0x73, 0x49, 0x72, 0x00, 0x00, 0x00, 0x00, 0x00, 0x00, 0x00, 0x00, 0x00, 0x00, 0x00, 0x00, 0x00, 0x00, 0x00, 0x00, 0x00, 0x00, 0x00, 0x00, 0x00, 0x00, 0x00, 0x00, 0x00, 0x00, 0x00, 0x00, 
  0x00, 0x00, 0x00, 0x00, 0x00, 0x00, 0x00, 0x00, 0x00, 0x00, 0x00, 0x00, 0x00, 0x00, 0x00, 0x00, 0x00, 0x00, 0x00, 0x00, 0x00, 0x00, 0x00, 0x00, 0x00, 0x00, 0x00, 0x00, 0x00, 0x00, 0x00, 0x00, 0x00, 0x00, 0x00, 0x00, 0x00, 0x00, 0x00, 0x00, 0x00, 0x00, 0x00, 0x00, 0x00, 0x00, 0x00, 0x00, 0x00, 0x00, 0xe3, 0x18, 0xe3, 0x18, 0xe3, 0x18, 0xa2, 0x18, 0xc3, 0x18, 0xc3, 0x18, 0xc3, 0x20, 0xe4, 0x20, 0xe3, 0x20, 0xe3, 0x20, 0xe3, 0x20, 0x04, 0x21, 0x00, 0x00, 0x4b, 0x73, 0x69, 0x73, 0x00, 0x00, 0x00, 0x00, 0x00, 0x00, 0x00, 0x00, 0x00, 0x00, 0x00, 0x00, 0x00, 0x00, 0x00, 0x00, 0x00, 0x00, 0x00, 0x00, 0x00, 0x00, 0x00, 0x00, 0x00, 0x00, 0x00, 0x00, 
  0x00, 0x00, 0x00, 0x00, 0x00, 0x00, 0x00, 0x00, 0x00, 0x00, 0x00, 0x00, 0x00, 0x00, 0x00, 0x00, 0x00, 0x00, 0x00, 0x00, 0x00, 0x00, 0x00, 0x00, 0x00, 0x00, 0x00, 0x00, 0x00, 0x00, 0x00, 0x00, 0x00, 0x00, 0x00, 0x00, 0x00, 0x00, 0x00, 0x00, 0x00, 0x00, 0x00, 0x00, 0x00, 0x00, 0x00, 0x00, 0x00, 0x00, 0xe3, 0x18, 0x62, 0x18, 0xc3, 0x18, 0xc3, 0x18, 0xc3, 0x18, 0xc3, 0x20, 0xc3, 0x20, 0xe3, 0x20, 0xe3, 0x20, 0xe3, 0x20, 0xe3, 0x20, 0x04, 0x21, 0x00, 0x00, 0xec, 0x7a, 0x0c, 0x83, 0x00, 0x00, 0x00, 0x00, 0x00, 0x00, 0x00, 0x00, 0x00, 0x00, 0x00, 0x00, 0x00, 0x00, 0x00, 0x00, 0x00, 0x00, 0x00, 0x00, 0x00, 0x00, 0x00, 0x00, 0x00, 0x00, 0x00, 0x00, 
  0x00, 0x00, 0x00, 0x00, 0x00, 0x00, 0x00, 0x00, 0x00, 0x00, 0x00, 0x00, 0x00, 0x00, 0x00, 0x00, 0x00, 0x00, 0x00, 0x00, 0x00, 0x00, 0x00, 0x00, 0x00, 0x00, 0x00, 0x00, 0x00, 0x00, 0x00, 0x00, 0x00, 0x00, 0x00, 0x00, 0x00, 0x00, 0x00, 0x00, 0x00, 0x00, 0x00, 0x00, 0x00, 0x00, 0x00, 0x00, 0x00, 0x00, 0x00, 0x18, 0x62, 0x10, 0xc3, 0x18, 0xc3, 0x18, 0xa3, 0x18, 0xc3, 0x20, 0xc3, 0x20, 0xe3, 0x20, 0xe3, 0x20, 0xe3, 0x20, 0xe4, 0x20, 0x03, 0x21, 0x00, 0x00, 0x0b, 0x6b, 0x4a, 0x6b, 0x00, 0x00, 0x00, 0x00, 0x00, 0x00, 0x00, 0x00, 0x00, 0x00, 0x00, 0x00, 0x00, 0x00, 0x00, 0x00, 0x00, 0x00, 0x00, 0x00, 0x00, 0x00, 0x00, 0x00, 0x00, 0x00, 0x00, 0x00, 
  0x00, 0x00, 0x00, 0x00, 0x00, 0x00, 0x00, 0x00, 0x00, 0x00, 0x00, 0x00, 0x00, 0x00, 0x00, 0x00, 0x00, 0x00, 0x00, 0x00, 0x00, 0x00, 0x00, 0x00, 0x00, 0x00, 0x00, 0x00, 0x00, 0x00, 0x00, 0x00, 0x00, 0x00, 0x00, 0x00, 0x00, 0x00, 0x00, 0x00, 0x00, 0x00, 0x00, 0x00, 0x00, 0x00, 0x00, 0x00, 0x00, 0x00, 0xe4, 0x20, 0xe3, 0x18, 0x82, 0x18, 0xc3, 0x18, 0xc3, 0x18, 0xc3, 0x18, 0xc3, 0x20, 0xc3, 0x20, 0xe3, 0x20, 0xe3, 0x20, 0xe3, 0x20, 0x03, 0x21, 0x00, 0x00, 0xec, 0x7a, 0x4b, 0x73, 0xab, 0x5a, 0x00, 0x00, 0x00, 0x00, 0x00, 0x00, 0x00, 0x00, 0x00, 0x00, 0x00, 0x00, 0x00, 0x00, 0x00, 0x00, 0x00, 0x00, 0x00, 0x00, 0x00, 0x00, 0x00, 0x00, 0x00, 0x00, 
  0x00, 0x00, 0x00, 0x00, 0x00, 0x00, 0x00, 0x00, 0x00, 0x00, 0x00, 0x00, 0x00, 0x00, 0x00, 0x00, 0x00, 0x00, 0x00, 0x00, 0x00, 0x00, 0x00, 0x00, 0x00, 0x00, 0x00, 0x00, 0x00, 0x00, 0x00, 0x00, 0x00, 0x00, 0x00, 0x00, 0x00, 0x00, 0x00, 0x00, 0x00, 0x00, 0x00, 0x00, 0x00, 0x00, 0x00, 0x00, 0x00, 0x00, 0x00, 0x00, 0xe3, 0x18, 0xc3, 0x18, 0xa2, 0x18, 0xc3, 0x18, 0xc3, 0x20, 0xc3, 0x20, 0xc3, 0x20, 0xe3, 0x20, 0x03, 0x21, 0xe3, 0x20, 0x04, 0x21, 0x00, 0x00, 0x00, 0x00, 0x6b, 0x6b, 0x2a, 0x73, 0x49, 0x4a, 0x00, 0x00, 0x00, 0x00, 0x00, 0x00, 0x00, 0x00, 0x00, 0x00, 0x00, 0x00, 0x00, 0x00, 0x00, 0x00, 0x00, 0x00, 0x00, 0x00, 0x00, 0x00, 0x00, 0x00, 
  0x00, 0x00, 0x00, 0x00, 0x00, 0x00, 0x00, 0x00, 0x00, 0x00, 0x00, 0x00, 0x00, 0x00, 0x00, 0x00, 0x00, 0x00, 0x00, 0x00, 0x00, 0x00, 0x00, 0x00, 0x00, 0x00, 0x00, 0x00, 0x00, 0x00, 0x00, 0x00, 0x00, 0x00, 0x00, 0x00, 0x00, 0x00, 0x00, 0x00, 0x00, 0x00, 0x00, 0x00, 0x00, 0x00, 0x00, 0x00, 0x00, 0x00, 0xe3, 0x18, 0x62, 0x18, 0x82, 0x18, 0xc3, 0x18, 0xc3, 0x18, 0xc3, 0x18, 0xc3, 0x20, 0xe3, 0x20, 0xe3, 0x20, 0xe3, 0x20, 0xe3, 0x20, 0x04, 0x21, 0xe4, 0x20, 0x00, 0x00, 0x00, 0x00, 0x2a, 0x7b, 0x2b, 0x73, 0x49, 0x72, 0x00, 0x00, 0x00, 0x00, 0x00, 0x00, 0x00, 0x00, 0x00, 0x00, 0x00, 0x00, 0x00, 0x00, 0x00, 0x00, 0x00, 0x00, 0x00, 0x00, 0x00, 0x00, 
  0x00, 0x00, 0x00, 0x00, 0x00, 0x00, 0x00, 0x00, 0x00, 0x00, 0x00, 0x00, 0x00, 0x00, 0x00, 0x00, 0x00, 0x00, 0x00, 0x00, 0x00, 0x00, 0x00, 0x00, 0x00, 0x00, 0x00, 0x00, 0x00, 0x00, 0x00, 0x00, 0x00, 0x00, 0x00, 0x00, 0x00, 0x00, 0x00, 0x00, 0x00, 0x00, 0x00, 0x00, 0x00, 0x00, 0x00, 0x00, 0x00, 0x00, 0x00, 0x18, 0x62, 0x10, 0xc3, 0x18, 0xc3, 0x18, 0xc3, 0x18, 0xc3, 0x18, 0xc3, 0x20, 0xe3, 0x20, 0xe3, 0x20, 0xe3, 0x20, 0xe3, 0x20, 0xe4, 0x20, 0xe3, 0x20, 0x04, 0x21, 0x00, 0x00, 0x00, 0x00, 0xe9, 0x72, 0x2b, 0x73, 0x49, 0x72, 0x00, 0x00, 0x00, 0x00, 0x00, 0x00, 0x00, 0x00, 0x00, 0x00, 0x00, 0x00, 0x00, 0x00, 0x00, 0x00, 0x00, 0x00, 0x00, 0x00, 
  0x00, 0x00, 0x00, 0x00, 0x00, 0x00, 0x00, 0x00, 0x00, 0x00, 0x00, 0x00, 0x00, 0x00, 0x00, 0x00, 0x00, 0x00, 0x00, 0x00, 0x00, 0x00, 0x00, 0x00, 0x00, 0x00, 0x00, 0x00, 0x00, 0x00, 0x00, 0x00, 0x00, 0x00, 0x00, 0x00, 0x00, 0x00, 0x00, 0x00, 0x00, 0x00, 0x00, 0x00, 0x00, 0x00, 0x00, 0x00, 0x00, 0x00, 0x00, 0x00, 0xe3, 0x18, 0xc3, 0x18, 0xc3, 0x18, 0xa3, 0x18, 0xc3, 0x20, 0xc3, 0x20, 0xe3, 0x20, 0xe3, 0x18, 0x03, 0x21, 0xe3, 0x20, 0x04, 0x21, 0x04, 0x21, 0x04, 0x21, 0x03, 0x21, 0x00, 0x00, 0x00, 0x00, 0x4b, 0x6b, 0x4b, 0x73, 0x08, 0x63, 0x00, 0x00, 0x00, 0x00, 0x00, 0x00, 0x00, 0x00, 0x00, 0x00, 0x00, 0x00, 0x00, 0x00, 0x00, 0x00, 0x00, 0x00, 
  0x00, 0x00, 0x00, 0x00, 0x00, 0x00, 0x00, 0x00, 0x00, 0x00, 0x00, 0x00, 0x00, 0x00, 0x00, 0x00, 0x00, 0x00, 0x00, 0x00, 0x00, 0x00, 0x00, 0x00, 0x00, 0x00, 0x00, 0x00, 0x00, 0x00, 0x00, 0x00, 0x00, 0x00, 0x00, 0x00, 0x00, 0x00, 0x00, 0x00, 0x00, 0x00, 0x00, 0x00, 0x00, 0x00, 0x00, 0x00, 0x00, 0x00, 0xe3, 0x18, 0xe3, 0x18, 0xe3, 0x18, 0xa2, 0x18, 0xc3, 0x18, 0xc3, 0x18, 0xc3, 0x20, 0xe4, 0x20, 0xe3, 0x20, 0xe3, 0x20, 0xe3, 0x20, 0xe4, 0x20, 0x04, 0x21, 0x04, 0x21, 0x04, 0x21, 0x04, 0x29, 0x00, 0x00, 0x00, 0x00, 0x0a, 0x73, 0x4b, 0x73, 0x08, 0x63, 0x00, 0x00, 0x00, 0x00, 0x00, 0x00, 0x00, 0x00, 0x00, 0x00, 0x00, 0x00, 0x00, 0x00, 0x00, 0x00, 
  0x00, 0x00, 0x00, 0x00, 0x00, 0x00, 0x00, 0x00, 0x00, 0x00, 0x00, 0x00, 0x00, 0x00, 0x00, 0x00, 0x00, 0x00, 0x00, 0x00, 0x00, 0x00, 0x00, 0x00, 0x00, 0x00, 0x00, 0x00, 0x00, 0x00, 0x00, 0x00, 0x00, 0x00, 0x00, 0x00, 0x00, 0x00, 0x00, 0x00, 0x00, 0x00, 0x00, 0x00, 0x00, 0x00, 0x00, 0x00, 0x00, 0x00, 0xe3, 0x18, 0x62, 0x18, 0xc3, 0x18, 0xc3, 0x18, 0xc3, 0x18, 0xc3, 0x20, 0xc3, 0x20, 0xe3, 0x20, 0xe3, 0x20, 0xe3, 0x20, 0xe3, 0x20, 0xe4, 0x20, 0x04, 0x21, 0x04, 0x21, 0x04, 0x21, 0x04, 0x29, 0x04, 0x21, 0x00, 0x00, 0x00, 0x00, 0x0a, 0x73, 0x4b, 0x73, 0xab, 0x5a, 0x00, 0x00, 0x00, 0x00, 0x00, 0x00, 0x00, 0x00, 0x00, 0x00, 0x00, 0x00, 0x00, 0x00, 
  0x00, 0x00, 0x00, 0x00, 0x00, 0x00, 0x00, 0x00, 0x00, 0x00, 0x00, 0x00, 0x00, 0x00, 0x00, 0x00, 0x00, 0x00, 0x00, 0x00, 0x00, 0x00, 0x00, 0x00, 0x00, 0x00, 0x00, 0x00, 0x00, 0x00, 0x00, 0x00, 0x00, 0x00, 0x00, 0x00, 0x00, 0x00, 0x00, 0x00, 0x00, 0x00, 0x00, 0x00, 0x00, 0x00, 0x00, 0x00, 0x00, 0x00, 0x00, 0x18, 0x62, 0x10, 0xc3, 0x18, 0xc3, 0x18, 0xa3, 0x18, 0xc3, 0x20, 0xc3, 0x20, 0xe3, 0x20, 0xe3, 0x20, 0xe3, 0x20, 0xe4, 0x20, 0xe4, 0x20, 0x04, 0x21, 0x04, 0x21, 0x04, 0x21, 0x04, 0x29, 0x24, 0x29, 0x24, 0x29, 0x00, 0x00, 0x00, 0x00, 0x4b, 0x7b, 0x4b, 0x73, 0xab, 0x72, 0x00, 0x00, 0x00, 0x00, 0x00, 0x00, 0x00, 0x00, 0x00, 0x00, 0x00, 0x00, 
  0x00, 0x00, 0x00, 0x00, 0x00, 0x00, 0x00, 0x00, 0x00, 0x00, 0x00, 0x00, 0x00, 0x00, 0x00, 0x00, 0x00, 0x00, 0x00, 0x00, 0x00, 0x00, 0x00, 0x00, 0x00, 0x00, 0x00, 0x00, 0x00, 0x00, 0x00, 0x00, 0x00, 0x00, 0x00, 0x00, 0x00, 0x00, 0x00, 0x00, 0x00, 0x00, 0x00, 0x00, 0x00, 0x00, 0x00, 0x00, 0x00, 0x00, 0xe4, 0x20, 0xe3, 0x18, 0x82, 0x18, 0xc3, 0x18, 0xc3, 0x18, 0xc3, 0x18, 0xc3, 0x20, 0xc3, 0x20, 0xe3, 0x20, 0xe3, 0x20, 0xe3, 0x20, 0xe4, 0x20, 0x04, 0x21, 0x04, 0x21, 0x04, 0x21, 0x04, 0x21, 0x04, 0x29, 0x24, 0x29, 0x04, 0x29, 0x00, 0x00, 0x00, 0x00, 0x2b, 0x73, 0x4b, 0x73, 0xab, 0x72, 0x00, 0x00, 0x00, 0x00, 0x00, 0x00, 0x00, 0x00, 0x00, 0x00, 
  0x00, 0x00, 0x00, 0x00, 0x00, 0x00, 0x00, 0x00, 0x00, 0x00, 0x00, 0x00, 0x00, 0x00, 0x00, 0x00, 0x00, 0x00, 0x00, 0x00, 0x00, 0x00, 0x00, 0x00, 0x00, 0x00, 0x00, 0x00, 0x00, 0x00, 0x00, 0x00, 0x00, 0x00, 0x00, 0x00, 0x00, 0x00, 0x00, 0x00, 0x00, 0x00, 0x00, 0x00, 0x00, 0x00, 0x00, 0x00, 0x00, 0x00, 0x00, 0x00, 0xe3, 0x18, 0xc3, 0x18, 0xa2, 0x18, 0xc3, 0x18, 0xc3, 0x20, 0xc3, 0x20, 0xc3, 0x20, 0xe3, 0x20, 0x03, 0x21, 0xe3, 0x20, 0xe3, 0x20, 0x04, 0x21, 0x04, 0x21, 0x04, 0x21, 0x04, 0x21, 0x04, 0x29, 0x24, 0x29, 0x24, 0x29, 0x24, 0x29, 0x00, 0x00, 0x00, 0x00, 0x6a, 0x6b, 0x2b, 0x73, 0x6a, 0x6a, 0x00, 0x00, 0x00, 0x00, 0x00, 0x00, 0x00, 0x00, 
  0x00, 0x00, 0x00, 0x00, 0x00, 0x00, 0x00, 0x00, 0x00, 0x00, 0x00, 0x00, 0x00, 0x00, 0x00, 0x00, 0x00, 0x00, 0x00, 0x00, 0x00, 0x00, 0x00, 0x00, 0x00, 0x00, 0x00, 0x00, 0x00, 0x00, 0x00, 0x00, 0x00, 0x00, 0x00, 0x00, 0x00, 0x00, 0x00, 0x00, 0x00, 0x00, 0x00, 0x00, 0x00, 0x00, 0x00, 0x00, 0x00, 0x00, 0xe3, 0x18, 0x62, 0x18, 0x82, 0x18, 0xc3, 0x18, 0xc3, 0x18, 0xc3, 0x18, 0xc3, 0x20, 0xe3, 0x20, 0xe3, 0x20, 0xe3, 0x20, 0xe3, 0x20, 0x04, 0x21, 0x04, 0x21, 0x04, 0x21, 0x04, 0x21, 0x04, 0x21, 0x04, 0x29, 0x24, 0x29, 0x24, 0x29, 0x24, 0x29, 0x24, 0x29, 0x00, 0x00, 0x00, 0x00, 0x4b, 0x73, 0x2b, 0x73, 0x4a, 0x6b, 0x00, 0x00, 0x00, 0x00, 0x00, 0x00, 
  0x00, 0x00, 0x00, 0x00, 0x00, 0x00, 0x00, 0x00, 0x00, 0x00, 0x00, 0x00, 0x00, 0x00, 0x00, 0x00, 0x00, 0x00, 0x00, 0x00, 0x00, 0x00, 0x00, 0x00, 0x00, 0x00, 0x00, 0x00, 0x00, 0x00, 0x00, 0x00, 0x00, 0x00, 0x00, 0x00, 0x00, 0x00, 0x00, 0x00, 0x00, 0x00, 0x00, 0x00, 0x00, 0x00, 0x00, 0x00, 0x00, 0x00, 0x00, 0x18, 0x62, 0x10, 0xc3, 0x18, 0xc3, 0x18, 0xc3, 0x18, 0xc3, 0x18, 0xc3, 0x20, 0xe3, 0x20, 0xe3, 0x20, 0xe3, 0x20, 0xe3, 0x20, 0xe4, 0x20, 0x04, 0x21, 0x04, 0x21, 0x04, 0x21, 0x04, 0x21, 0x04, 0x29, 0x24, 0x29, 0x24, 0x29, 0x24, 0x29, 0x24, 0x29, 0x44, 0x29, 0x00, 0x00, 0x00, 0x00, 0x0b, 0x73, 0x2b, 0x73, 0xe9, 0x62, 0x00, 0x00, 0x00, 0x00, 
  0x00, 0x00, 0x00, 0x00, 0x00, 0x00, 0x00, 0x00, 0x00, 0x00, 0x00, 0x00, 0x00, 0x00, 0x00, 0x00, 0x00, 0x00, 0x00, 0x00, 0x00, 0x00, 0x00, 0x00, 0x00, 0x00, 0x00, 0x00, 0x00, 0x00, 0x00, 0x00, 0x00, 0x00, 0x00, 0x00, 0x00, 0x00, 0x00, 0x00, 0x00, 0x00, 0x00, 0x00, 0x00, 0x00, 0x00, 0x00, 0x00, 0x00, 0x00, 0x00, 0xe3, 0x18, 0xc3, 0x18, 0xc3, 0x18, 0xa3, 0x18, 0xc3, 0x20, 0xc3, 0x20, 0xe3, 0x20, 0xe3, 0x18, 0x03, 0x21, 0xe3, 0x20, 0x04, 0x21, 0x04, 0x21, 0x04, 0x21, 0x04, 0x21, 0x04, 0x29, 0x04, 0x29, 0x24, 0x29, 0x24, 0x29, 0x24, 0x29, 0x24, 0x29, 0x24, 0x29, 0x44, 0x29, 0x00, 0x00, 0x00, 0x00, 0xea, 0x6a, 0x2b, 0x73, 0x46, 0x6b, 0x00, 0x00, 
  0x00, 0x00, 0x00, 0x00, 0x00, 0x00, 0x00, 0x00, 0x00, 0x00, 0x00, 0x00, 0x00, 0x00, 0x00, 0x00, 0x00, 0x00, 0x00, 0x00, 0x00, 0x00, 0x00, 0x00, 0x00, 0x00, 0x00, 0x00, 0x00, 0x00, 0x00, 0x00, 0x00, 0x00, 0x00, 0x00, 0x00, 0x00, 0x00, 0x00, 0x00, 0x00, 0x00, 0x00, 0x00, 0x00, 0x00, 0x00, 0x00, 0x00, 0xe3, 0x18, 0xe3, 0x18, 0xe3, 0x18, 0xa2, 0x18, 0xc3, 0x18, 0xc3, 0x18, 0xc3, 0x20, 0xe4, 0x20, 0xe3, 0x20, 0xe3, 0x20, 0xe3, 0x20, 0xe4, 0x20, 0x04, 0x21, 0x04, 0x21, 0x04, 0x21, 0x04, 0x21, 0x04, 0x29, 0x24, 0x29, 0x24, 0x29, 0x24, 0x29, 0x24, 0x29, 0x24, 0x29, 0x44, 0x29, 0x24, 0x29, 0x00, 0x00, 0x00, 0x00, 0x2b, 0x73, 0x4a, 0x6b, 0x00, 0x00, 
  0x00, 0x00, 0x00, 0x00, 0x00, 0x00, 0x00, 0x00, 0x00, 0x00, 0x00, 0x00, 0x00, 0x00, 0x00, 0x00, 0x00, 0x00, 0x00, 0x00, 0x00, 0x00, 0x00, 0x00, 0x00, 0x00, 0x00, 0x00, 0x00, 0x00, 0x00, 0x00, 0x00, 0x00, 0x00, 0x00, 0x00, 0x00, 0x00, 0x00, 0x00, 0x00, 0x00, 0x00, 0x00, 0x00, 0x00, 0x00, 0x00, 0x00, 0xe3, 0x18, 0x62, 0x18, 0xc3, 0x18, 0xc3, 0x18, 0xc3, 0x18, 0xc3, 0x20, 0xc3, 0x20, 0xe3, 0x20, 0xe3, 0x20, 0xe3, 0x20, 0xe3, 0x20, 0xe4, 0x20, 0x04, 0x21, 0x04, 0x21, 0x04, 0x21, 0x04, 0x21, 0x04, 0x29, 0x24, 0x29, 0x24, 0x29, 0x24, 0x29, 0x24, 0x29, 0x24, 0x29, 0x44, 0x29, 0x44, 0x29, 0x24, 0x21, 0x00, 0x00, 0x2b, 0x73, 0x4a, 0x83, 0x00, 0x00, 
  0x00, 0x00, 0x00, 0x00, 0x00, 0x00, 0x00, 0x00, 0x00, 0x00, 0x00, 0x00, 0x00, 0x00, 0x00, 0x00, 0x00, 0x00, 0x00, 0x00, 0x00, 0x00, 0x00, 0x00, 0x00, 0x00, 0x00, 0x00, 0x00, 0x00, 0x00, 0x00, 0x00, 0x00, 0x00, 0x00, 0x00, 0x00, 0x00, 0x00, 0x00, 0x00, 0x00, 0x00, 0x00, 0x00, 0x00, 0x00, 0x00, 0x00, 0x00, 0x18, 0x62, 0x10, 0xc3, 0x18, 0xc3, 0x18, 0xa3, 0x18, 0xc3, 0x20, 0xc3, 0x20, 0xe3, 0x20, 0xe3, 0x20, 0xe3, 0x20, 0xe4, 0x20, 0xe4, 0x20, 0x04, 0x21, 0x04, 0x21, 0x04, 0x21, 0x04, 0x29, 0x04, 0x29, 0x24, 0x29, 0x24, 0x29, 0x24, 0x29, 0x24, 0x29, 0x24, 0x29, 0x24, 0x29, 0x44, 0x29, 0x24, 0x21, 0x00, 0x00, 0x2b, 0x73, 0xec, 0x7a, 0x00, 0x00, 
  0x00, 0x00, 0x00, 0x00, 0x00, 0x00, 0x00, 0x00, 0x00, 0x00, 0x00, 0x00, 0x00, 0x00, 0x00, 0x00, 0x00, 0x00, 0x00, 0x00, 0x00, 0x00, 0x00, 0x00, 0x00, 0x00, 0x00, 0x00, 0x00, 0x00, 0x00, 0x00, 0x00, 0x00, 0x00, 0x00, 0x00, 0x00, 0x00, 0x00, 0x00, 0x00, 0x00, 0x00, 0x00, 0x00, 0x00, 0x00, 0x00, 0x00, 0xe4, 0x20, 0xe3, 0x18, 0x82, 0x18, 0xc3, 0x18, 0xc3, 0x18, 0xc3, 0x18, 0xc3, 0x20, 0xc3, 0x20, 0xe3, 0x20, 0xe3, 0x20, 0xe3, 0x20, 0xe4, 0x20, 0x04, 0x21, 0x04, 0x21, 0x04, 0x21, 0x04, 0x21, 0x04, 0x29, 0x24, 0x29, 0x24, 0x29, 0x24, 0x29, 0x24, 0x29, 0x24, 0x29, 0x44, 0x29, 0x44, 0x29, 0x24, 0x21, 0x00, 0x00, 0x2b, 0x73, 0xec, 0x7a, 0x00, 0x00, 
  0x00, 0x00, 0x00, 0x00, 0x00, 0x00, 0x00, 0x00, 0x00, 0x00, 0x00, 0x00, 0x00, 0x00, 0x00, 0x00, 0x00, 0x00, 0x00, 0x00, 0x00, 0x00, 0x00, 0x00, 0x00, 0x00, 0x00, 0x00, 0x00, 0x00, 0x00, 0x00, 0x00, 0x00, 0x00, 0x00, 0x00, 0x00, 0x00, 0x00, 0x00, 0x00, 0x00, 0x00, 0x00, 0x00, 0x00, 0x00, 0x00, 0x00, 0x00, 0x00, 0xe3, 0x18, 0xc3, 0x18, 0xa2, 0x18, 0xc3, 0x18, 0xc3, 0x20, 0xc3, 0x20, 0xc3, 0x20, 0xe3, 0x20, 0x03, 0x21, 0xe3, 0x20, 0xe3, 0x20, 0x04, 0x21, 0x04, 0x21, 0x04, 0x21, 0x04, 0x21, 0x04, 0x29, 0x24, 0x29, 0x24, 0x29, 0x24, 0x29, 0x24, 0x29, 0x24, 0x29, 0x24, 0x29, 0x44, 0x29, 0x24, 0x21, 0x00, 0x00, 0x4b, 0x73, 0xab, 0x6a, 0x00, 0x00, 
  0x00, 0x00, 0x00, 0x00, 0x00, 0x00, 0x00, 0x00, 0x00, 0x00, 0x00, 0x00, 0x00, 0x00, 0x00, 0x00, 0x00, 0x00, 0x00, 0x00, 0x00, 0x00, 0x00, 0x00, 0x00, 0x00, 0x00, 0x00, 0x00, 0x00, 0x00, 0x00, 0x00, 0x00, 0x00, 0x00, 0x00, 0x00, 0x00, 0x00, 0x00, 0x00, 0x00, 0x00, 0x00, 0x00, 0x00, 0x00, 0x00, 0x00, 0xe3, 0x18, 0x62, 0x18, 0x82, 0x18, 0xc3, 0x18, 0xc3, 0x18, 0xc3, 0x18, 0xc3, 0x20, 0xe3, 0x20, 0xe3, 0x20, 0xe3, 0x20, 0xe3, 0x20, 0x04, 0x21, 0x04, 0x21, 0x04, 0x21, 0x04, 0x21, 0x04, 0x21, 0x04, 0x29, 0x24, 0x29, 0x24, 0x29, 0x24, 0x29, 0x24, 0x29, 0x24, 0x29, 0x44, 0x29, 0x44, 0x29, 0x24, 0x21, 0x00, 0x00, 0x4b, 0x73, 0x6b, 0x6b, 0x00, 0x00, 
  0x00, 0x00, 0x00, 0x00, 0x00, 0x00, 0x00, 0x00, 0x00, 0x00, 0x00, 0x00, 0x00, 0x00, 0x00, 0x00, 0x00, 0x00, 0x00, 0x00, 0x00, 0x00, 0x00, 0x00, 0x00, 0x00, 0x00, 0x00, 0x00, 0x00, 0x00, 0x00, 0x00, 0x00, 0x00, 0x00, 0x00, 0x00, 0x00, 0x00, 0x00, 0x00, 0x00, 0x00, 0x00, 0x00, 0x00, 0x00, 0x00, 0x00, 0x00, 0x18, 0x62, 0x10, 0xc3, 0x18, 0xc3, 0x18, 0xc3, 0x18, 0xc3, 0x18, 0xc3, 0x20, 0xe3, 0x20, 0xe3, 0x20, 0xe3, 0x20, 0xe3, 0x20, 0xe4, 0x20, 0x04, 0x21, 0x04, 0x21, 0x04, 0x21, 0x04, 0x21, 0x04, 0x29, 0x24, 0x29, 0x24, 0x29, 0x24, 0x29, 0x24, 0x29, 0x24, 0x29, 0x44, 0x29, 0x44, 0x29, 0x24, 0x21, 0x00, 0x00, 0x4b, 0x73, 0x6b, 0x6b, 0x00, 0x00, 
  0x00, 0x00, 0x00, 0x00, 0x00, 0x00, 0x00, 0x00, 0x00, 0x00, 0x00, 0x00, 0x00, 0x00, 0x00, 0x00, 0x00, 0x00, 0x00, 0x00, 0x00, 0x00, 0x00, 0x00, 0x00, 0x00, 0x00, 0x00, 0x00, 0x00, 0x00, 0x00, 0x00, 0x00, 0x00, 0x00, 0x00, 0x00, 0x00, 0x00, 0x00, 0x00, 0x00, 0x00, 0x00, 0x00, 0x00, 0x00, 0x00, 0x00, 0x00, 0x00, 0xe3, 0x18, 0xc3, 0x18, 0xc3, 0x18, 0xa3, 0x18, 0xc3, 0x20, 0xc3, 0x20, 0xe3, 0x20, 0xe3, 0x18, 0x03, 0x21, 0xe3, 0x20, 0x04, 0x21, 0x04, 0x21, 0x04, 0x21, 0x04, 0x21, 0x04, 0x29, 0x04, 0x29, 0x24, 0x29, 0x24, 0x29, 0x24, 0x29, 0x24, 0x29, 0x24, 0x29, 0x44, 0x29, 0x44, 0x29, 0x24, 0x21, 0x00, 0x00, 0x4b, 0x73, 0x2a, 0x7b, 0x00, 0x00, 
  0x00, 0x00, 0x00, 0x00, 0x00, 0x00, 0x00, 0x00, 0x00, 0x00, 0x00, 0x00, 0x00, 0x00, 0x00, 0x00, 0x00, 0x00, 0x00, 0x00, 0x00, 0x00, 0x00, 0x00, 0x00, 0x00, 0x00, 0x00, 0x00, 0x00, 0x00, 0x00, 0x00, 0x00, 0x00, 0x00, 0x00, 0x00, 0x00, 0x00, 0x00, 0x00, 0x00, 0x00, 0x00, 0x00, 0x00, 0x00, 0x00, 0x00, 0xe3, 0x18, 0xe3, 0x18, 0xe3, 0x18, 0xa2, 0x18, 0xc3, 0x18, 0xc3, 0x18, 0xc3, 0x20, 0xe4, 0x20, 0xe3, 0x20, 0xe3, 0x20, 0xe3, 0x20, 0xe4, 0x20, 0x04, 0x21, 0x04, 0x21, 0x04, 0x21, 0x04, 0x21, 0x04, 0x29, 0x24, 0x29, 0x24, 0x29, 0x24, 0x29, 0x24, 0x29, 0x24, 0x29, 0x44, 0x29, 0x44, 0x29, 0x24, 0x21, 0x00, 0x00, 0x2b, 0x73, 0x2a, 0x7b, 0x00, 0x00, 
  0x00, 0x00, 0x00, 0x00, 0x00, 0x00, 0x00, 0x00, 0x00, 0x00, 0x00, 0x00, 0x00, 0x00, 0x00, 0x00, 0x00, 0x00, 0x00, 0x00, 0x00, 0x00, 0x00, 0x00, 0x00, 0x00, 0x00, 0x00, 0x00, 0x00, 0x00, 0x00, 0x00, 0x00, 0x00, 0x00, 0x00, 0x00, 0x00, 0x00, 0x00, 0x00, 0x00, 0x00, 0x00, 0x00, 0x00, 0x00, 0x00, 0x00, 0xe3, 0x18, 0x62, 0x18, 0xc3, 0x18, 0xc3, 0x18, 0xc3, 0x18, 0xc3, 0x20, 0xc3, 0x20, 0xe3, 0x20, 0xe3, 0x20, 0xe3, 0x20, 0xe3, 0x20, 0xe4, 0x20, 0x04, 0x21, 0x04, 0x21, 0x04, 0x21, 0x04, 0x21, 0x04, 0x29, 0x24, 0x29, 0x24, 0x29, 0x24, 0x29, 0x24, 0x29, 0x24, 0x29, 0x44, 0x29, 0x44, 0x29, 0x24, 0x21, 0x00, 0x00, 0x2b, 0x73, 0xe9, 0x72, 0x00, 0x00, 
  0x00, 0x00, 0x00, 0x00, 0x00, 0x00, 0x00, 0x00, 0x00, 0x00, 0x00, 0x00, 0x00, 0x00, 0x00, 0x00, 0x00, 0x00, 0x00, 0x00, 0x00, 0x00, 0x00, 0x00, 0x00, 0x00, 0x00, 0x00, 0x00, 0x00, 0x00, 0x00, 0x00, 0x00, 0x00, 0x00, 0x00, 0x00, 0x00, 0x00, 0x00, 0x00, 0x00, 0x00, 0x00, 0x00, 0x00, 0x00, 0x00, 0x00, 0x00, 0x18, 0x62, 0x10, 0xc3, 0x18, 0xc3, 0x18, 0xa3, 0x18, 0xc3, 0x20, 0xc3, 0x20, 0xe3, 0x20, 0xe3, 0x20, 0xe3, 0x20, 0xe4, 0x20, 0xe4, 0x20, 0x04, 0x21, 0x04, 0x21, 0x04, 0x21, 0x04, 0x29, 0x04, 0x29, 0x24, 0x29, 0x24, 0x29, 0x24, 0x29, 0x24, 0x29, 0x24, 0x29, 0x24, 0x29, 0x44, 0x29, 0x24, 0x21, 0x00, 0x00, 0x2b, 0x73, 0xeb, 0x72, 0x00, 0x00, 
  0x00, 0x00, 0x00, 0x00, 0x00, 0x00, 0x00, 0x00, 0x00, 0x00, 0x00, 0x00, 0x00, 0x00, 0x00, 0x00, 0x00, 0x00, 0x00, 0x00, 0x00, 0x00, 0x00, 0x00, 0x00, 0x00, 0x00, 0x00, 0x00, 0x00, 0x00, 0x00, 0x00, 0x00, 0x00, 0x00, 0x00, 0x00, 0x00, 0x00, 0x00, 0x00, 0x00, 0x00, 0x00, 0x00, 0x00, 0x00, 0x00, 0x00, 0xe4, 0x20, 0xe3, 0x18, 0x82, 0x18, 0xc3, 0x18, 0xc3, 0x18, 0xc3, 0x18, 0xc3, 0x20, 0xc3, 0x20, 0xe3, 0x20, 0xe3, 0x20, 0xe3, 0x20, 0xe4, 0x20, 0x04, 0x21, 0x04, 0x21, 0x04, 0x21, 0x04, 0x21, 0x04, 0x29, 0x24, 0x29, 0x24, 0x29, 0x24, 0x29, 0x24, 0x29, 0x24, 0x29, 0x44, 0x29, 0x44, 0x29, 0x24, 0x21, 0x00, 0x00, 0x2b, 0x73, 0x6b, 0x73, 0x00, 0x00, 
  0x00, 0x00, 0x00, 0x00, 0x00, 0x00, 0x00, 0x00, 0x00, 0x00, 0x00, 0x00, 0x00, 0x00, 0x00, 0x00, 0x00, 0x00, 0x00, 0x00, 0x00, 0x00, 0x00, 0x00, 0x00, 0x00, 0x00, 0x00, 0x00, 0x00, 0x00, 0x00, 0x00, 0x00, 0x00, 0x00, 0x00, 0x00, 0x00, 0x00, 0x00, 0x00, 0x00, 0x00, 0x00, 0x00, 0x00, 0x00, 0x00, 0x00, 0x00, 0x00, 0xe3, 0x18, 0xc3, 0x18, 0xa2, 0x18, 0xc3, 0x18, 0xc3, 0x20, 0xc3, 0x20, 0xc3, 0x20, 0xe3, 0x20, 0x03, 0x21, 0xe3, 0x20, 0xe3, 0x20, 0x04, 0x21, 0x04, 0x21, 0x04, 0x21, 0x04, 0x21, 0x04, 0x29, 0x24, 0x29, 0x24, 0x29, 0x24, 0x29, 0x24, 0x29, 0x24, 0x29, 0x24, 0x29, 0x44, 0x29, 0x24, 0x21, 0x00, 0x00, 0x4b, 0x73, 0x4b, 0x6b, 0x00, 0x00, 
  0x00, 0x00, 0x00, 0x00, 0x00, 0x00, 0x00, 0x00, 0x00, 0x00, 0x00, 0x00, 0x00, 0x00, 0x00, 0x00, 0x00, 0x00, 0x00, 0x00, 0x00, 0x00, 0x00, 0x00, 0x00, 0x00, 0x00, 0x00, 0x00, 0x00, 0x00, 0x00, 0x00, 0x00, 0x00, 0x00, 0x00, 0x00, 0x00, 0x00, 0x00, 0x00, 0x00, 0x00, 0x00, 0x00, 0x00, 0x00, 0x00, 0x00, 0xe3, 0x18, 0x62, 0x18, 0x82, 0x18, 0xc3, 0x18, 0xc3, 0x18, 0xc3, 0x18, 0xc3, 0x20, 0xe3, 0x20, 0xe3, 0x20, 0xe3, 0x20, 0xe3, 0x20, 0x04, 0x21, 0x04, 0x21, 0x04, 0x21, 0x04, 0x21, 0x04, 0x21, 0x04, 0x29, 0x24, 0x29, 0x24, 0x29, 0x24, 0x29, 0x24, 0x29, 0x24, 0x29, 0x44, 0x29, 0x44, 0x29, 0x24, 0x21, 0x00, 0x00, 0x4b, 0x73, 0x4b, 0x7b, 0x00, 0x00, 
  0x00, 0x00, 0x00, 0x00, 0x00, 0x00, 0x00, 0x00, 0x00, 0x00, 0x00, 0x00, 0x00, 0x00, 0x00, 0x00, 0x00, 0x00, 0x00, 0x00, 0x00, 0x00, 0x00, 0x00, 0x00, 0x00, 0x00, 0x00, 0x00, 0x00, 0x00, 0x00, 0x00, 0x00, 0x00, 0x00, 0x00, 0x00, 0x00, 0x00, 0x00, 0x00, 0x00, 0x00, 0x00, 0x00, 0x00, 0x00, 0x00, 0x00, 0x00, 0x18, 0x62, 0x10, 0xc3, 0x18, 0xc3, 0x18, 0xc3, 0x18, 0xc3, 0x18, 0xc3, 0x20, 0xe3, 0x20, 0xe3, 0x20, 0xe3, 0x20, 0xe3, 0x20, 0xe4, 0x20, 0x04, 0x21, 0x04, 0x21, 0x04, 0x21, 0x04, 0x21, 0x04, 0x29, 0x24, 0x29, 0x24, 0x29, 0x24, 0x29, 0x24, 0x29, 0x24, 0x29, 0x44, 0x29, 0x44, 0x29, 0x24, 0x21, 0x00, 0x00, 0x2b, 0x7b, 0x4b, 0x7b, 0x00, 0x00, 
  0x00, 0x00, 0x00, 0x00, 0x00, 0x00, 0x00, 0x00, 0x00, 0x00, 0x00, 0x00, 0x00, 0x00, 0x00, 0x00, 0x00, 0x00, 0x00, 0x00, 0x00, 0x00, 0x00, 0x00, 0x00, 0x00, 0x00, 0x00, 0x00, 0x00, 0x00, 0x00, 0x00, 0x00, 0x00, 0x00, 0x00, 0x00, 0x00, 0x00, 0x00, 0x00, 0x00, 0x00, 0x00, 0x00, 0x00, 0x00, 0x00, 0x00, 0x00, 0x00, 0xe3, 0x18, 0xc3, 0x18, 0xc3, 0x18, 0xa3, 0x18, 0xc3, 0x20, 0xc3, 0x20, 0xe3, 0x20, 0xe3, 0x18, 0x03, 0x21, 0xe3, 0x20, 0x04, 0x21, 0x04, 0x21, 0x04, 0x21, 0x04, 0x21, 0x04, 0x29, 0x04, 0x29, 0x24, 0x29, 0x24, 0x29, 0x24, 0x29, 0x24, 0x29, 0x24, 0x29, 0x44, 0x29, 0x44, 0x29, 0x24, 0x21, 0x00, 0x00, 0x2b, 0x7b, 0x0a, 0x73, 0x00, 0x00, 
  0x00, 0x00, 0x00, 0x00, 0x00, 0x00, 0x00, 0x00, 0x00, 0x00, 0x00, 0x00, 0x00, 0x00, 0x00, 0x00, 0x00, 0x00, 0x00, 0x00, 0x00, 0x00, 0x00, 0x00, 0x00, 0x00, 0x00, 0x00, 0x00, 0x00, 0x00, 0x00, 0x00, 0x00, 0x00, 0x00, 0x00, 0x00, 0x00, 0x00, 0x00, 0x00, 0x00, 0x00, 0x00, 0x00, 0x00, 0x00, 0x00, 0x00, 0xe3, 0x18, 0xe3, 0x18, 0xe3, 0x18, 0xa2, 0x18, 0xc3, 0x18, 0xc3, 0x18, 0xc3, 0x20, 0xe4, 0x20, 0xe3, 0x20, 0xe3, 0x20, 0xe3, 0x20, 0xe4, 0x20, 0x04, 0x21, 0x04, 0x21, 0x04, 0x21, 0x04, 0x21, 0x04, 0x29, 0x24, 0x29, 0x24, 0x29, 0x24, 0x29, 0x24, 0x29, 0x24, 0x29, 0x44, 0x29, 0x44, 0x29, 0x24, 0x21, 0x00, 0x00, 0x4b, 0x73, 0x0a, 0x73, 0x00, 0x00, 
  0x00, 0x00, 0x00, 0x00, 0x00, 0x00, 0x00, 0x00, 0x00, 0x00, 0x00, 0x00, 0x00, 0x00, 0x00, 0x00, 0x00, 0x00, 0x00, 0x00, 0x00, 0x00, 0x00, 0x00, 0x00, 0x00, 0x00, 0x00, 0x00, 0x00, 0x00, 0x00, 0x00, 0x00, 0x00, 0x00, 0x00, 0x00, 0x00, 0x00, 0x00, 0x00, 0x00, 0x00, 0x00, 0x00, 0x00, 0x00, 0x00, 0x00, 0xe3, 0x18, 0x62, 0x18, 0xc3, 0x18, 0xc3, 0x18, 0xc3, 0x18, 0xc3, 0x20, 0xc3, 0x20, 0xe3, 0x20, 0xe3, 0x20, 0xe3, 0x20, 0xe3, 0x20, 0xe4, 0x20, 0x04, 0x21, 0x04, 0x21, 0x04, 0x21, 0x04, 0x21, 0x04, 0x29, 0x24, 0x29, 0x24, 0x29, 0x24, 0x29, 0x24, 0x29, 0x24, 0x29, 0x44, 0x29, 0x44, 0x29, 0x24, 0x21, 0x00, 0x00, 0x4b, 0x73, 0x0c, 0x73, 0x00, 0x00, 
  0x00, 0x00, 0x00, 0x00, 0x00, 0x00, 0x00, 0x00, 0x00, 0x00, 0x00, 0x00, 0x00, 0x00, 0x00, 0x00, 0x00, 0x00, 0x00, 0x00, 0x00, 0x00, 0x00, 0x00, 0x00, 0x00, 0x00, 0x00, 0x00, 0x00, 0x00, 0x00, 0x00, 0x00, 0x00, 0x00, 0x00, 0x00, 0x00, 0x00, 0x00, 0x00, 0x00, 0x00, 0x00, 0x00, 0x00, 0x00, 0x00, 0x00, 0x00, 0x18, 0x62, 0x10, 0xc3, 0x18, 0xc3, 0x18, 0xa3, 0x18, 0xc3, 0x20, 0xc3, 0x20, 0xe3, 0x20, 0xe3, 0x20, 0xe3, 0x20, 0xe4, 0x20, 0xe4, 0x20, 0x04, 0x21, 0x04, 0x21, 0x04, 0x21, 0x04, 0x29, 0x04, 0x29, 0x24, 0x29, 0x24, 0x29, 0x24, 0x29, 0x24, 0x29, 0x24, 0x29, 0x24, 0x29, 0x44, 0x29, 0x24, 0x21, 0x00, 0x00, 0x4b, 0x73, 0x4b, 0x6b, 0x00, 0x00, 
  0x00, 0x00, 0x00, 0x00, 0x00, 0x00, 0x00, 0x00, 0x00, 0x00, 0x00, 0x00, 0x00, 0x00, 0x00, 0x00, 0x00, 0x00, 0x00, 0x00, 0x00, 0x00, 0x00, 0x00, 0x00, 0x00, 0x00, 0x00, 0x00, 0x00, 0x00, 0x00, 0x00, 0x00, 0x00, 0x00, 0x00, 0x00, 0x00, 0x00, 0x00, 0x00, 0x00, 0x00, 0x00, 0x00, 0x00, 0x00, 0x00, 0x00, 0xe4, 0x20, 0xe3, 0x18, 0x82, 0x18, 0xc3, 0x18, 0xc3, 0x18, 0xc3, 0x18, 0xc3, 0x20, 0xc3, 0x20, 0xe3, 0x20, 0xe3, 0x20, 0xe3, 0x20, 0xe4, 0x20, 0x04, 0x21, 0x04, 0x21, 0x04, 0x21, 0x04, 0x21, 0x04, 0x29, 0x24, 0x29, 0x24, 0x29, 0x24, 0x29, 0x24, 0x29, 0x24, 0x29, 0x44, 0x29, 0x44, 0x29, 0x24, 0x21, 0x00, 0x00, 0x2b, 0x73, 0x4b, 0x7b, 0x00, 0x00, 
  0x00, 0x00, 0x00, 0x00, 0x00, 0x00, 0x00, 0x00, 0x00, 0x00, 0x00, 0x00, 0x00, 0x00, 0x00, 0x00, 0x00, 0x00, 0x00, 0x00, 0x00, 0x00, 0x00, 0x00, 0x00, 0x00, 0x00, 0x00, 0x00, 0x00, 0x00, 0x00, 0x00, 0x00, 0x00, 0x00, 0x00, 0x00, 0x00, 0x00, 0x00, 0x00, 0x00, 0x00, 0x00, 0x00, 0x00, 0x00, 0x00, 0x00, 0x00, 0x00, 0xe3, 0x18, 0xc3, 0x18, 0xa2, 0x18, 0xc3, 0x18, 0xc3, 0x20, 0xc3, 0x20, 0xc3, 0x20, 0xe3, 0x20, 0x03, 0x21, 0xe3, 0x20, 0xe3, 0x20, 0x04, 0x21, 0x04, 0x21, 0x04, 0x21, 0x04, 0x21, 0x04, 0x29, 0x24, 0x29, 0x24, 0x29, 0x24, 0x29, 0x24, 0x29, 0x24, 0x29, 0x24, 0x29, 0x44, 0x29, 0x24, 0x21, 0x00, 0x00, 0x4b, 0x73, 0x2b, 0x73, 0x00, 0x00, 
  0x00, 0x00, 0x00, 0x00, 0x00, 0x00, 0x00, 0x00, 0x00, 0x00, 0x00, 0x00, 0x00, 0x00, 0x00, 0x00, 0x00, 0x00, 0x00, 0x00, 0x00, 0x00, 0x00, 0x00, 0x00, 0x00, 0x00, 0x00, 0x00, 0x00, 0x00, 0x00, 0x00, 0x00, 0x00, 0x00, 0x00, 0x00, 0x00, 0x00, 0x00, 0x00, 0x00, 0x00, 0x00, 0x00, 0x00, 0x00, 0x00, 0x00, 0xe3, 0x18, 0x62, 0x18, 0x82, 0x18, 0xc3, 0x18, 0xc3, 0x18, 0xc3, 0x18, 0xc3, 0x20, 0xe3, 0x20, 0xe3, 0x20, 0xe3, 0x20, 0xe3, 0x20, 0x04, 0x21, 0x04, 0x21, 0x04, 0x21, 0x04, 0x21, 0x04, 0x21, 0x04, 0x29, 0x24, 0x29, 0x24, 0x29, 0x24, 0x29, 0x24, 0x29, 0x24, 0x29, 0x44, 0x29, 0x44, 0x29, 0x24, 0x21, 0x00, 0x00, 0x2b, 0x73, 0x2b, 0x73, 0x00, 0x00, 
  0x00, 0x00, 0x00, 0x00, 0x00, 0x00, 0x00, 0x00, 0x00, 0x00, 0x00, 0x00, 0x00, 0x00, 0x00, 0x00, 0x00, 0x00, 0x00, 0x00, 0x00, 0x00, 0x00, 0x00, 0x00, 0x00, 0x00, 0x00, 0x00, 0x00, 0x00, 0x00, 0x00, 0x00, 0x00, 0x00, 0x00, 0x00, 0x00, 0x00, 0x00, 0x00, 0x00, 0x00, 0x00, 0x00, 0x00, 0x00, 0x00, 0x00, 0x00, 0x18, 0x62, 0x10, 0xc3, 0x18, 0xc3, 0x18, 0xc3, 0x18, 0xc3, 0x18, 0xc3, 0x20, 0xe3, 0x20, 0xe3, 0x20, 0xe3, 0x20, 0xe3, 0x20, 0xe4, 0x20, 0x04, 0x21, 0x04, 0x21, 0x04, 0x21, 0x04, 0x21, 0x04, 0x29, 0x24, 0x29, 0x24, 0x29, 0x24, 0x29, 0x24, 0x29, 0x24, 0x29, 0x44, 0x29, 0x44, 0x29, 0x24, 0x21, 0x00, 0x00, 0x4b, 0x73, 0x2b, 0x73, 0x00, 0x00, 
  0x00, 0x00, 0x00, 0x00, 0x00, 0x00, 0x00, 0x00, 0x00, 0x00, 0x00, 0x00, 0x00, 0x00, 0x00, 0x00, 0x00, 0x00, 0x00, 0x00, 0x00, 0x00, 0x00, 0x00, 0x00, 0x00, 0x00, 0x00, 0x00, 0x00, 0x00, 0x00, 0x00, 0x00, 0x00, 0x00, 0x00, 0x00, 0x00, 0x00, 0x00, 0x00, 0x00, 0x00, 0x00, 0x00, 0x00, 0x00, 0x00, 0x00, 0x00, 0x00, 0xe3, 0x18, 0xc3, 0x18, 0xc3, 0x18, 0xa3, 0x18, 0xc3, 0x20, 0xc3, 0x20, 0xe3, 0x20, 0xe3, 0x18, 0x03, 0x21, 0xe3, 0x20, 0x04, 0x21, 0x04, 0x21, 0x04, 0x21, 0x04, 0x21, 0x04, 0x29, 0x04, 0x29, 0x24, 0x29, 0x24, 0x29, 0x24, 0x29, 0x24, 0x29, 0x24, 0x29, 0x44, 0x29, 0x44, 0x29, 0x24, 0x21, 0x00, 0x00, 0x4b, 0x73, 0x0a, 0x6b, 0x00, 0x00, 
  0x00, 0x00, 0x00, 0x00, 0x00, 0x00, 0x00, 0x00, 0x00, 0x00, 0x00, 0x00, 0x00, 0x00, 0x00, 0x00, 0x00, 0x00, 0x00, 0x00, 0x00, 0x00, 0x00, 0x00, 0x00, 0x00, 0x00, 0x00, 0x00, 0x00, 0x00, 0x00, 0x00, 0x00, 0x00, 0x00, 0x00, 0x00, 0x00, 0x00, 0x00, 0x00, 0x00, 0x00, 0x00, 0x00, 0x00, 0x00, 0x00, 0x00, 0xe3, 0x18, 0xe3, 0x18, 0xe3, 0x18, 0xa2, 0x18, 0xc3, 0x18, 0xc3, 0x18, 0xc3, 0x20, 0xe4, 0x20, 0xe3, 0x20, 0xe3, 0x20, 0xe3, 0x20, 0xe4, 0x20, 0x04, 0x21, 0x04, 0x21, 0x04, 0x21, 0x04, 0x21, 0x04, 0x29, 0x24, 0x29, 0x24, 0x29, 0x24, 0x29, 0x24, 0x29, 0x24, 0x29, 0x44, 0x29, 0x44, 0x29, 0x24, 0x21, 0x00, 0x00, 0x2b, 0x73, 0x6a, 0x6b, 0x00, 0x00, 
  0x00, 0x00, 0x00, 0x00, 0x00, 0x00, 0x00, 0x00, 0x00, 0x00, 0x00, 0x00, 0x00, 0x00, 0x00, 0x00, 0x00, 0x00, 0x00, 0x00, 0x00, 0x00, 0x00, 0x00, 0x00, 0x00, 0x00, 0x00, 0x00, 0x00, 0x00, 0x00, 0x00, 0x00, 0x00, 0x00, 0x00, 0x00, 0x00, 0x00, 0x00, 0x00, 0x00, 0x00, 0x00, 0x00, 0x00, 0x00, 0x00, 0x00, 0xe3, 0x18, 0x62, 0x18, 0xc3, 0x18, 0xc3, 0x18, 0xc3, 0x18, 0xc3, 0x20, 0xc3, 0x20, 0xe3, 0x20, 0xe3, 0x20, 0xe3, 0x20, 0xe3, 0x20, 0xe4, 0x20, 0x04, 0x21, 0x04, 0x21, 0x04, 0x21, 0x04, 0x21, 0x04, 0x29, 0x24, 0x29, 0x24, 0x29, 0x24, 0x29, 0x24, 0x29, 0x24, 0x29, 0x44, 0x29, 0x44, 0x29, 0x24, 0x21, 0x00, 0x00, 0x2b, 0x73, 0x6c, 0x7b, 0x00, 0x00, 
  0x00, 0x00, 0x00, 0x00, 0x00, 0x00, 0x00, 0x00, 0x00, 0x00, 0x00, 0x00, 0x00, 0x00, 0x00, 0x00, 0x00, 0x00, 0x00, 0x00, 0x00, 0x00, 0x00, 0x00, 0x00, 0x00, 0x00, 0x00, 0x00, 0x00, 0x00, 0x00, 0x00, 0x00, 0x00, 0x00, 0x00, 0x00, 0x00, 0x00, 0x00, 0x00, 0x00, 0x00, 0x00, 0x00, 0x00, 0x00, 0x00, 0x00, 0x00, 0x18, 0x62, 0x10, 0xc3, 0x18, 0xc3, 0x18, 0xa3, 0x18, 0xc3, 0x20, 0xc3, 0x20, 0xe3, 0x20, 0xe3, 0x20, 0xe3, 0x20, 0xe4, 0x20, 0xe4, 0x20, 0x04, 0x21, 0x04, 0x21, 0x04, 0x21, 0x04, 0x29, 0x04, 0x29, 0x24, 0x29, 0x24, 0x29, 0x24, 0x29, 0x24, 0x29, 0x24, 0x29, 0x24, 0x29, 0x44, 0x29, 0x24, 0x21, 0x00, 0x00, 0x4b, 0x73, 0x4b, 0x73, 0x00, 0x00, 
  0x00, 0x00, 0x00, 0x00, 0x00, 0x00, 0x00, 0x00, 0x00, 0x00, 0x00, 0x00, 0x00, 0x00, 0x00, 0x00, 0x00, 0x00, 0x00, 0x00, 0x00, 0x00, 0x00, 0x00, 0x00, 0x00, 0x00, 0x00, 0x00, 0x00, 0x00, 0x00, 0x00, 0x00, 0x00, 0x00, 0x00, 0x00, 0x00, 0x00, 0x00, 0x00, 0x00, 0x00, 0x00, 0x00, 0x00, 0x00, 0x00, 0x00, 0xe4, 0x20, 0xe3, 0x18, 0x82, 0x18, 0xc3, 0x18, 0xc3, 0x18, 0xc3, 0x18, 0xc3, 0x20, 0xc3, 0x20, 0xe3, 0x20, 0xe3, 0x20, 0xe3, 0x20, 0xe4, 0x20, 0x04, 0x21, 0x04, 0x21, 0x04, 0x21, 0x04, 0x21, 0x04, 0x29, 0x24, 0x29, 0x24, 0x29, 0x24, 0x29, 0x24, 0x29, 0x24, 0x29, 0x44, 0x29, 0x44, 0x29, 0x24, 0x21, 0x00, 0x00, 0x2b, 0x73, 0x4b, 0x73, 0x00, 0x00, 
  0x00, 0x00, 0x00, 0x00, 0x00, 0x00, 0x00, 0x00, 0x00, 0x00, 0x00, 0x00, 0x00, 0x00, 0x00, 0x00, 0x00, 0x00, 0x00, 0x00, 0x00, 0x00, 0x00, 0x00, 0x00, 0x00, 0x00, 0x00, 0x00, 0x00, 0x00, 0x00, 0x00, 0x00, 0x00, 0x00, 0x00, 0x00, 0x00, 0x00, 0x00, 0x00, 0x00, 0x00, 0x00, 0x00, 0x00, 0x00, 0x00, 0x00, 0x00, 0x00, 0xe3, 0x18, 0xc3, 0x18, 0xa2, 0x18, 0xc3, 0x18, 0xc3, 0x20, 0xc3, 0x20, 0xc3, 0x20, 0xe3, 0x20, 0x03, 0x21, 0xe3, 0x20, 0xe3, 0x20, 0x04, 0x21, 0x04, 0x21, 0x04, 0x21, 0x04, 0x21, 0x04, 0x29, 0x24, 0x29, 0x24, 0x29, 0x24, 0x29, 0x24, 0x29, 0x24, 0x29, 0x24, 0x29, 0x44, 0x29, 0x24, 0x21, 0x00, 0x00, 0x4b, 0x73, 0x0b, 0x73, 0x00, 0x00, 
  0x00, 0x00, 0x00, 0x00, 0x00, 0x00, 0x00, 0x00, 0x00, 0x00, 0x00, 0x00, 0x00, 0x00, 0x00, 0x00, 0x00, 0x00, 0x00, 0x00, 0x00, 0x00, 0x00, 0x00, 0x00, 0x00, 0x00, 0x00, 0x00, 0x00, 0x00, 0x00, 0x00, 0x00, 0x00, 0x00, 0x00, 0x00, 0x00, 0x00, 0x00, 0x00, 0x00, 0x00, 0x00, 0x00, 0x00, 0x00, 0x00, 0x00, 0xe3, 0x18, 0x62, 0x18, 0x82, 0x18, 0xc3, 0x18, 0xc3, 0x18, 0xc3, 0x18, 0xc3, 0x20, 0xe3, 0x20, 0xe3, 0x20, 0xe3, 0x20, 0xe3, 0x20, 0x04, 0x21, 0x04, 0x21, 0x04, 0x21, 0x04, 0x21, 0x04, 0x21, 0x04, 0x29, 0x24, 0x29, 0x24, 0x29, 0x24, 0x29, 0x24, 0x29, 0x24, 0x29, 0x44, 0x29, 0x44, 0x29, 0x24, 0x21, 0x00, 0x00, 0x4b, 0x73, 0x0b, 0x73, 0x00, 0x00, 
  0x00, 0x00, 0x00, 0x00, 0x00, 0x00, 0x00, 0x00, 0x00, 0x00, 0x00, 0x00, 0x00, 0x00, 0x00, 0x00, 0x00, 0x00, 0x00, 0x00, 0x00, 0x00, 0x00, 0x00, 0x00, 0x00, 0x00, 0x00, 0x00, 0x00, 0x00, 0x00, 0x00, 0x00, 0x00, 0x00, 0x00, 0x00, 0x00, 0x00, 0x00, 0x00, 0x00, 0x00, 0x00, 0x00, 0x00, 0x00, 0x00, 0x00, 0x00, 0x18, 0x62, 0x10, 0xc3, 0x18, 0xc3, 0x18, 0xc3, 0x18, 0xc3, 0x18, 0xc3, 0x20, 0xe3, 0x20, 0xe3, 0x20, 0xe3, 0x20, 0xe3, 0x20, 0xe4, 0x20, 0x04, 0x21, 0x04, 0x21, 0x04, 0x21, 0x04, 0x21, 0x04, 0x29, 0x24, 0x29, 0x24, 0x29, 0x24, 0x29, 0x24, 0x29, 0x24, 0x29, 0x44, 0x29, 0x44, 0x29, 0x24, 0x21, 0x00, 0x00, 0x4b, 0x7b, 0x0b, 0x7b, 0x00, 0x00, 
  0x00, 0x00, 0x00, 0x00, 0x00, 0x00, 0x00, 0x00, 0x00, 0x00, 0x00, 0x00, 0x00, 0x00, 0x00, 0x00, 0x00, 0x00, 0x00, 0x00, 0x00, 0x00, 0x00, 0x00, 0x00, 0x00, 0x00, 0x00, 0x00, 0x00, 0x00, 0x00, 0x00, 0x00, 0x00, 0x00, 0x00, 0x00, 0x00, 0x00, 0x00, 0x00, 0x00, 0x00, 0x00, 0x00, 0x00, 0x00, 0x00, 0x00, 0x00, 0x00, 0xe3, 0x18, 0xc3, 0x18, 0xc3, 0x18, 0xa3, 0x18, 0xc3, 0x20, 0xc3, 0x20, 0xe3, 0x20, 0xe3, 0x18, 0x03, 0x21, 0xe3, 0x20, 0x04, 0x21, 0x04, 0x21, 0x04, 0x21, 0x04, 0x21, 0x04, 0x29, 0x04, 0x29, 0x24, 0x29, 0x24, 0x29, 0x24, 0x29, 0x24, 0x29, 0x24, 0x29, 0x44, 0x29, 0x44, 0x29, 0x24, 0x21, 0x00, 0x00, 0x4b, 0x7b, 0xea, 0x7a, 0x00, 0x00, 
  0x00, 0x00, 0x00, 0x00, 0x00, 0x00, 0x00, 0x00, 0x00, 0x00, 0x00, 0x00, 0x00, 0x00, 0x00, 0x00, 0x00, 0x00, 0x00, 0x00, 0x00, 0x00, 0x00, 0x00, 0x00, 0x00, 0x00, 0x00, 0x00, 0x00, 0x00, 0x00, 0x00, 0x00, 0x00, 0x00, 0x00, 0x00, 0x00, 0x00, 0x00, 0x00, 0x00, 0x00, 0x00, 0x00, 0x00, 0x00, 0x00, 0x00, 0xe3, 0x18, 0xe3, 0x18, 0xe3, 0x18, 0xa2, 0x18, 0xc3, 0x18, 0xc3, 0x18, 0xc3, 0x20, 0xe4, 0x20, 0xe3, 0x20, 0xe3, 0x20, 0xe3, 0x20, 0xe4, 0x20, 0x04, 0x21, 0x04, 0x21, 0x04, 0x21, 0x04, 0x21, 0x04, 0x29, 0x24, 0x29, 0x24, 0x29, 0x24, 0x29, 0x24, 0x29, 0x24, 0x29, 0x44, 0x29, 0x44, 0x29, 0x24, 0x21, 0x00, 0x00, 0x4b, 0x7b, 0x4c, 0x7b, 0x00, 0x00, 
  0x00, 0x00, 0x00, 0x00, 0x00, 0x00, 0x00, 0x00, 0x00, 0x00, 0x00, 0x00, 0x00, 0x00, 0x00, 0x00, 0x00, 0x00, 0x00, 0x00, 0x00, 0x00, 0x00, 0x00, 0x00, 0x00, 0x00, 0x00, 0x00, 0x00, 0x00, 0x00, 0x00, 0x00, 0x00, 0x00, 0x00, 0x00, 0x00, 0x00, 0x00, 0x00, 0x00, 0x00, 0x00, 0x00, 0x00, 0x00, 0x00, 0x00, 0xe3, 0x18, 0x62, 0x18, 0xc3, 0x18, 0xc3, 0x18, 0xc3, 0x18, 0xc3, 0x20, 0xc3, 0x20, 0xe3, 0x20, 0xe3, 0x20, 0xe3, 0x20, 0xe3, 0x20, 0xe4, 0x20, 0x04, 0x21, 0x04, 0x21, 0x04, 0x21, 0x04, 0x21, 0x04, 0x29, 0x24, 0x29, 0x24, 0x29, 0x24, 0x29, 0x24, 0x29, 0x24, 0x29, 0x44, 0x29, 0x44, 0x29, 0x24, 0x21, 0x00, 0x00, 0x6b, 0x7b, 0x2b, 0x73, 0x00, 0x00, 
  0x00, 0x00, 0x00, 0x00, 0x00, 0x00, 0x00, 0x00, 0x00, 0x00, 0x00, 0x00, 0x00, 0x00, 0x00, 0x00, 0x00, 0x00, 0x00, 0x00, 0x00, 0x00, 0x00, 0x00, 0x00, 0x00, 0x00, 0x00, 0x00, 0x00, 0x00, 0x00, 0x00, 0x00, 0x00, 0x00, 0x00, 0x00, 0x00, 0x00, 0x00, 0x00, 0x00, 0x00, 0x00, 0x00, 0x00, 0x00, 0x00, 0x00, 0x00, 0x18, 0x62, 0x10, 0xc3, 0x18, 0xc3, 0x18, 0xa3, 0x18, 0xc3, 0x20, 0xc3, 0x20, 0xe3, 0x20, 0xe3, 0x20, 0xe3, 0x20, 0xe4, 0x20, 0xe4, 0x20, 0x04, 0x21, 0x04, 0x21, 0x04, 0x21, 0x04, 0x29, 0x04, 0x29, 0x24, 0x29, 0x24, 0x29, 0x24, 0x29, 0x24, 0x29, 0x24, 0x29, 0x24, 0x29, 0x44, 0x29, 0x24, 0x21, 0x00, 0x00, 0x6c, 0x7b, 0x2b, 0x73, 0x00, 0x00, 
  0x00, 0x00, 0x00, 0x00, 0x00, 0x00, 0x00, 0x00, 0x00, 0x00, 0x00, 0x00, 0x00, 0x00, 0x00, 0x00, 0x00, 0x00, 0x00, 0x00, 0x00, 0x00, 0x00, 0x00, 0x00, 0x00, 0x00, 0x00, 0x00, 0x00, 0x00, 0x00, 0x00, 0x00, 0x00, 0x00, 0x00, 0x00, 0x00, 0x00, 0x00, 0x00, 0x00, 0x00, 0x00, 0x00, 0x00, 0x00, 0x00, 0x00, 0xe4, 0x20, 0xe3, 0x18, 0x82, 0x18, 0xc3, 0x18, 0xc3, 0x18, 0xc3, 0x18, 0xc3, 0x20, 0xc3, 0x20, 0xe3, 0x20, 0xe3, 0x20, 0xe3, 0x20, 0xe4, 0x20, 0x04, 0x21, 0x04, 0x21, 0x04, 0x21, 0x04, 0x21, 0x04, 0x29, 0x24, 0x29, 0x24, 0x29, 0x24, 0x29, 0x24, 0x29, 0x24, 0x29, 0x44, 0x29, 0x44, 0x29, 0x24, 0x21, 0x00, 0x00, 0x4c, 0x73, 0x2b, 0x73, 0x00, 0x00, 
  0x00, 0x00, 0x00, 0x00, 0x00, 0x00, 0x00, 0x00, 0x00, 0x00, 0x00, 0x00, 0x00, 0x00, 0x00, 0x00, 0x00, 0x00, 0x00, 0x00, 0x00, 0x00, 0x00, 0x00, 0x00, 0x00, 0x00, 0x00, 0x00, 0x00, 0x00, 0x00, 0x00, 0x00, 0x00, 0x00, 0x00, 0x00, 0x00, 0x00, 0x00, 0x00, 0x00, 0x00, 0x00, 0x00, 0x00, 0x00, 0x00, 0x00, 0x00, 0x00, 0xe3, 0x18, 0xc3, 0x18, 0xa2, 0x18, 0xc3, 0x18, 0xc3, 0x20, 0xc3, 0x20, 0xc3, 0x20, 0xe3, 0x20, 0x03, 0x21, 0xe3, 0x20, 0xe3, 0x20, 0x04, 0x21, 0x04, 0x21, 0x04, 0x21, 0x04, 0x21, 0x04, 0x29, 0x24, 0x29, 0x24, 0x29, 0x24, 0x29, 0x24, 0x29, 0x24, 0x29, 0x24, 0x29, 0x44, 0x29, 0x24, 0x21, 0x00, 0x00, 0x6b, 0x73, 0x0b, 0x6b, 0x00, 0x00, 
  0x00, 0x00, 0x00, 0x00, 0x00, 0x00, 0x00, 0x00, 0x00, 0x00, 0x00, 0x00, 0x00, 0x00, 0x00, 0x00, 0x00, 0x00, 0x00, 0x00, 0x00, 0x00, 0x00, 0x00, 0x00, 0x00, 0x00, 0x00, 0x00, 0x00, 0x00, 0x00, 0x00, 0x00, 0x00, 0x00, 0x00, 0x00, 0x00, 0x00, 0x00, 0x00, 0x00, 0x00, 0x00, 0x00, 0x00, 0x00, 0x00, 0x00, 0xe3, 0x18, 0x62, 0x18, 0x82, 0x18, 0xc3, 0x18, 0xc3, 0x18, 0xc3, 0x18, 0xc3, 0x20, 0xe3, 0x20, 0xe3, 0x20, 0xe3, 0x20, 0xe3, 0x20, 0x04, 0x21, 0x04, 0x21, 0x04, 0x21, 0x04, 0x21, 0x04, 0x21, 0x04, 0x29, 0x24, 0x29, 0x24, 0x29, 0x24, 0x29, 0x24, 0x29, 0x24, 0x29, 0x44, 0x29, 0x44, 0x29, 0x24, 0x21, 0x00, 0x00, 0x4b, 0x7b, 0x4c, 0x73, 0x00, 0x00, 
  0x00, 0x00, 0x00, 0x00, 0x00, 0x00, 0x00, 0x00, 0x00, 0x00, 0x00, 0x00, 0x00, 0x00, 0x00, 0x00, 0x00, 0x00, 0x00, 0x00, 0x00, 0x00, 0x00, 0x00, 0x00, 0x00, 0x00, 0x00, 0x00, 0x00, 0x00, 0x00, 0x00, 0x00, 0x00, 0x00, 0x00, 0x00, 0x00, 0x00, 0x00, 0x00, 0x00, 0x00, 0x00, 0x00, 0x00, 0x00, 0x00, 0x00, 0x00, 0x18, 0x62, 0x10, 0xc3, 0x18, 0xc3, 0x18, 0xc3, 0x18, 0xc3, 0x18, 0xc3, 0x20, 0xe3, 0x20, 0xe3, 0x20, 0xe3, 0x20, 0xe3, 0x20, 0xe4, 0x20, 0x04, 0x21, 0x04, 0x21, 0x04, 0x21, 0x04, 0x21, 0x04, 0x29, 0x24, 0x29, 0x24, 0x29, 0x24, 0x29, 0x24, 0x29, 0x24, 0x29, 0x44, 0x29, 0x44, 0x29, 0x24, 0x21, 0x00, 0x00, 0x6c, 0x7b, 0x6b, 0x7b, 0x00, 0x00, 
  0x00, 0x00, 0x00, 0x00, 0x00, 0x00, 0x00, 0x00, 0x00, 0x00, 0x00, 0x00, 0x00, 0x00, 0x00, 0x00, 0x00, 0x00, 0x00, 0x00, 0x00, 0x00, 0x00, 0x00, 0x00, 0x00, 0x00, 0x00, 0x00, 0x00, 0x00, 0x00, 0x00, 0x00, 0x00, 0x00, 0x00, 0x00, 0x00, 0x00, 0x00, 0x00, 0x00, 0x00, 0x00, 0x00, 0x00, 0x00, 0x00, 0x00, 0x00, 0x00, 0xe3, 0x18, 0xc3, 0x18, 0xc3, 0x18, 0xa3, 0x18, 0xc3, 0x20, 0xc3, 0x20, 0xe3, 0x20, 0xe3, 0x18, 0x03, 0x21, 0xe3, 0x20, 0x04, 0x21, 0x04, 0x21, 0x04, 0x21, 0x04, 0x21, 0x04, 0x29, 0x04, 0x29, 0x24, 0x29, 0x24, 0x29, 0x24, 0x29, 0x24, 0x29, 0x24, 0x29, 0x44, 0x29, 0x44, 0x29, 0x24, 0x21, 0x00, 0x00, 0x6c, 0x7b, 0x6b, 0x7b, 0x00, 0x00, 
  0x00, 0x00, 0x00, 0x00, 0x00, 0x00, 0x00, 0x00, 0x00, 0x00, 0x00, 0x00, 0x00, 0x00, 0x00, 0x00, 0x00, 0x00, 0x00, 0x00, 0x00, 0x00, 0x00, 0x00, 0x00, 0x00, 0x00, 0x00, 0x00, 0x00, 0x00, 0x00, 0x00, 0x00, 0x00, 0x00, 0x00, 0x00, 0x00, 0x00, 0x00, 0x00, 0x00, 0x00, 0x00, 0x00, 0x00, 0x00, 0x00, 0x00, 0xe3, 0x18, 0xe3, 0x18, 0xe3, 0x18, 0xa2, 0x18, 0xc3, 0x18, 0xc3, 0x18, 0xc3, 0x20, 0xe4, 0x20, 0xe3, 0x20, 0xe3, 0x20, 0xe3, 0x20, 0xe4, 0x20, 0x04, 0x21, 0x04, 0x21, 0x04, 0x21, 0x04, 0x21, 0x04, 0x29, 0x24, 0x29, 0x24, 0x29, 0x24, 0x29, 0x24, 0x29, 0x24, 0x29, 0x44, 0x29, 0x44, 0x29, 0x24, 0x21, 0x00, 0x00, 0x8c, 0x7b, 0x4c, 0x73, 0x00, 0x00, 
  0x00, 0x00, 0x00, 0x00, 0x00, 0x00, 0x00, 0x00, 0x00, 0x00, 0x00, 0x00, 0x00, 0x00, 0x00, 0x00, 0x00, 0x00, 0x00, 0x00, 0x00, 0x00, 0x00, 0x00, 0x00, 0x00, 0x00, 0x00, 0x00, 0x00, 0x00, 0x00, 0x00, 0x00, 0x00, 0x00, 0x00, 0x00, 0x00, 0x00, 0x00, 0x00, 0x00, 0x00, 0x00, 0x00, 0x00, 0x00, 0x00, 0x00, 0xe3, 0x18, 0x62, 0x18, 0xc3, 0x18, 0xc3, 0x18, 0xc3, 0x18, 0xc3, 0x20, 0xc3, 0x20, 0xe3, 0x20, 0xe3, 0x20, 0xe3, 0x20, 0xe3, 0x20, 0xe4, 0x20, 0x04, 0x21, 0x04, 0x21, 0x04, 0x21, 0x04, 0x21, 0x04, 0x29, 0x24, 0x29, 0x24, 0x29, 0x24, 0x29, 0x24, 0x29, 0x24, 0x29, 0x44, 0x29, 0x44, 0x29, 0x24, 0x21, 0xff, 0xff, 0x8c, 0x7b, 0x6b, 0x7b, 0x00, 0x00, 
  0x00, 0x00, 0x00, 0x00, 0x00, 0x00, 0x00, 0x00, 0x00, 0x00, 0x00, 0x00, 0x00, 0x00, 0x00, 0x00, 0x00, 0x00, 0x00, 0x00, 0x00, 0x00, 0x00, 0x00, 0x00, 0x00, 0x00, 0x00, 0x00, 0x00, 0x00, 0x00, 0x00, 0x00, 0x00, 0x00, 0x00, 0x00, 0x00, 0x00, 0x00, 0x00, 0x00, 0x00, 0x00, 0x00, 0x00, 0x00, 0x00, 0x00, 0x00, 0x18, 0x62, 0x10, 0xc3, 0x18, 0xc3, 0x18, 0xa3, 0x18, 0xc3, 0x20, 0xc3, 0x20, 0xe3, 0x20, 0xe3, 0x20, 0xe3, 0x20, 0xe4, 0x20, 0xe4, 0x20, 0x04, 0x21, 0x04, 0x21, 0x04, 0x21, 0x04, 0x29, 0x04, 0x29, 0x24, 0x29, 0x24, 0x29, 0x24, 0x29, 0x24, 0x29, 0x24, 0x29, 0x24, 0x29, 0x44, 0x29, 0x24, 0x21, 0xff, 0xff, 0x8c, 0x83, 0xcd, 0x83, 0x00, 0x00, 
  0x00, 0x00, 0x00, 0x00, 0x00, 0x00, 0x00, 0x00, 0x00, 0x00, 0x00, 0x00, 0x00, 0x00, 0x00, 0x00, 0x00, 0x00, 0x00, 0x00, 0x00, 0x00, 0x00, 0x00, 0x00, 0x00, 0x00, 0x00, 0x00, 0x00, 0x00, 0x00, 0x00, 0x00, 0x00, 0x00, 0x00, 0x00, 0x00, 0x00, 0x00, 0x00, 0x00, 0x00, 0x00, 0x00, 0x00, 0x00, 0x00, 0x00, 0xe4, 0x20, 0xe3, 0x18, 0x82, 0x18, 0xc3, 0x18, 0xc3, 0x18, 0xc3, 0x18, 0xc3, 0x20, 0xc3, 0x20, 0xe3, 0x20, 0xe3, 0x20, 0xe3, 0x20, 0xe4, 0x20, 0x04, 0x21, 0x04, 0x21, 0x04, 0x21, 0x04, 0x21, 0x04, 0x29, 0x24, 0x29, 0x24, 0x29, 0x24, 0x29, 0x24, 0x29, 0x24, 0x29, 0x44, 0x29, 0x44, 0x29, 0x24, 0x21, 0x10, 0x84, 0xac, 0x83, 0xac, 0x8b, 0x00, 0x00, 
  0x00, 0x00, 0x00, 0x00, 0x00, 0x00, 0x00, 0x00, 0x00, 0x00, 0x00, 0x00, 0x00, 0x00, 0x00, 0x00, 0x00, 0x00, 0x00, 0x00, 0x00, 0x00, 0x00, 0x00, 0x00, 0x00, 0x00, 0x00, 0x00, 0x00, 0x00, 0x00, 0x00, 0x00, 0x00, 0x00, 0x00, 0x00, 0x00, 0x00, 0x00, 0x00, 0x00, 0x00, 0x00, 0x00, 0x00, 0x00, 0x00, 0x00, 0x00, 0x00, 0xe3, 0x18, 0xc3, 0x18, 0xa2, 0x18, 0xc3, 0x18, 0xc3, 0x20, 0xc3, 0x20, 0xc3, 0x20, 0xe3, 0x20, 0x03, 0x21, 0xe3, 0x20, 0xe3, 0x20, 0x04, 0x21, 0x04, 0x21, 0x04, 0x21, 0x04, 0x21, 0x04, 0x29, 0x24, 0x29, 0x24, 0x29, 0x24, 0x29, 0x24, 0x29, 0x24, 0x29, 0x24, 0x29, 0x44, 0x29, 0x24, 0x21, 0xf0, 0xff, 0xac, 0x83, 0xac, 0x8b, 0x00, 0x00, 
  0x00, 0x00, 0x00, 0x00, 0x00, 0x00, 0x00, 0x00, 0x00, 0x00, 0x00, 0x00, 0x00, 0x00, 0x00, 0x00, 0x00, 0x00, 0x00, 0x00, 0x00, 0x00, 0x00, 0x00, 0x00, 0x00, 0x00, 0x00, 0x00, 0x00, 0x00, 0x00, 0x00, 0x00, 0x00, 0x00, 0x00, 0x00, 0x00, 0x00, 0x00, 0x00, 0x00, 0x00, 0x00, 0x00, 0x00, 0x00, 0x00, 0x00, 0xe3, 0x18, 0x62, 0x18, 0x82, 0x18, 0xc3, 0x18, 0xc3, 0x18, 0xc3, 0x18, 0xc3, 0x20, 0xe3, 0x20, 0xe3, 0x20, 0xe3, 0x20, 0xe3, 0x20, 0x04, 0x21, 0x04, 0x21, 0x04, 0x21, 0x04, 0x21, 0x04, 0x21, 0x04, 0x29, 0x24, 0x29, 0x24, 0x29, 0x24, 0x29, 0x24, 0x29, 0x24, 0x29, 0x44, 0x29, 0x44, 0x29, 0x24, 0x21, 0xf0, 0xff, 0xad, 0x8b, 0xcc, 0x83, 0x00, 0x00, 
  0x00, 0x00, 0x00, 0x00, 0x00, 0x00, 0x00, 0x00, 0x00, 0x00, 0x00, 0x00, 0x00, 0x00, 0x00, 0x00, 0x00, 0x00, 0x00, 0x00, 0x00, 0x00, 0x00, 0x00, 0x00, 0x00, 0x00, 0x00, 0x00, 0x00, 0x00, 0x00, 0x00, 0x00, 0x00, 0x00, 0x00, 0x00, 0x00, 0x00, 0x00, 0x00, 0x00, 0x00, 0x00, 0x00, 0x00, 0x00, 0x00, 0x00, 0x00, 0x18, 0x62, 0x10, 0xc3, 0x18, 0xc3, 0x18, 0xc3, 0x18, 0xc3, 0x18, 0xc3, 0x20, 0xe3, 0x20, 0xe3, 0x20, 0xe3, 0x20, 0xe3, 0x20, 0xe4, 0x20, 0x04, 0x21, 0x04, 0x21, 0x04, 0x21, 0x04, 0x21, 0x04, 0x29, 0x24, 0x29, 0x24, 0x29, 0x24, 0x29, 0x24, 0x29, 0x24, 0x29, 0x44, 0x29, 0x44, 0x29, 0x24, 0x21, 0xf0, 0xff, 0xcd, 0x8b, 0xad, 0x83, 0x00, 0x00, 
  0x00, 0x00, 0x00, 0x00, 0x00, 0x00, 0x00, 0x00, 0x00, 0x00, 0x00, 0x00, 0x00, 0x00, 0x00, 0x00, 0x00, 0x00, 0x00, 0x00, 0x00, 0x00, 0x00, 0x00, 0x00, 0x00, 0x00, 0x00, 0x00, 0x00, 0x00, 0x00, 0x00, 0x00, 0x00, 0x00, 0x00, 0x00, 0x00, 0x00, 0x00, 0x00, 0x00, 0x00, 0x00, 0x00, 0x00, 0x00, 0x00, 0x00, 0x00, 0x00, 0xe3, 0x18, 0xc3, 0x18, 0xc3, 0x18, 0xa3, 0x18, 0xc3, 0x20, 0xc3, 0x20, 0xe3, 0x20, 0xe3, 0x18, 0x03, 0x21, 0xe3, 0x20, 0x04, 0x21, 0x04, 0x21, 0x04, 0x21, 0x04, 0x21, 0x04, 0x29, 0x04, 0x29, 0x24, 0x29, 0x24, 0x29, 0x24, 0x29, 0x24, 0x29, 0x24, 0x29, 0x44, 0x29, 0x44, 0x29, 0x24, 0x21, 0x75, 0xfd, 0xcd, 0x8b, 0xcc, 0x93, 0x00, 0x00, 
  0x00, 0x00, 0x00, 0x00, 0x00, 0x00, 0x00, 0x00, 0x00, 0x00, 0x00, 0x00, 0x00, 0x00, 0x00, 0x00, 0x00, 0x00, 0x00, 0x00, 0x00, 0x00, 0x00, 0x00, 0x00, 0x00, 0x00, 0x00, 0x00, 0x00, 0x00, 0x00, 0x00, 0x00, 0x00, 0x00, 0x00, 0x00, 0x00, 0x00, 0x00, 0x00, 0x00, 0x00, 0x00, 0x00, 0x00, 0x00, 0x00, 0x00, 0xe3, 0x18, 0xe3, 0x18, 0xe3, 0x18, 0xa2, 0x18, 0xc3, 0x18, 0xc3, 0x18, 0xc3, 0x20, 0xe4, 0x20, 0xe3, 0x20, 0xe3, 0x20, 0xe3, 0x20, 0xe4, 0x20, 0x04, 0x21, 0x04, 0x21, 0x04, 0x21, 0x04, 0x21, 0x04, 0x29, 0x24, 0x29, 0x24, 0x29, 0x24, 0x29, 0x24, 0x29, 0x24, 0x29, 0x44, 0x29, 0x44, 0x29, 0x24, 0x21, 0x10, 0xc6, 0xed, 0x8b, 0x0d, 0x94, 0x00, 0x00, 
  0x00, 0x00, 0x00, 0x00, 0x00, 0x00, 0x00, 0x00, 0x00, 0x00, 0x00, 0x00, 0x00, 0x00, 0x00, 0x00, 0x00, 0x00, 0x00, 0x00, 0x00, 0x00, 0x00, 0x00, 0x00, 0x00, 0x00, 0x00, 0x00, 0x00, 0x00, 0x00, 0x00, 0x00, 0x00, 0x00, 0x00, 0x00, 0x00, 0x00, 0x00, 0x00, 0x00, 0x00, 0x00, 0x00, 0x00, 0x00, 0x00, 0x00, 0xe3, 0x18, 0x62, 0x18, 0xc3, 0x18, 0xc3, 0x18, 0xc3, 0x18, 0xc3, 0x20, 0xc3, 0x20, 0xe3, 0x20, 0xe3, 0x20, 0xe3, 0x20, 0xe3, 0x20, 0xe4, 0x20, 0x04, 0x21, 0x04, 0x21, 0x04, 0x21, 0x04, 0x21, 0x04, 0x29, 0x24, 0x29, 0x24, 0x29, 0x24, 0x29, 0x24, 0x29, 0x24, 0x29, 0x44, 0x29, 0x44, 0x29, 0x24, 0x21, 0x10, 0xc6, 0xed, 0x8b, 0x2e, 0x94, 0x00, 0x00, 
  0x00, 0x00, 0x00, 0x00, 0x00, 0x00, 0x00, 0x00, 0x00, 0x00, 0x00, 0x00, 0x00, 0x00, 0x00, 0x00, 0x00, 0x00, 0x00, 0x00, 0x00, 0x00, 0x00, 0x00, 0x00, 0x00, 0x00, 0x00, 0x00, 0x00, 0x00, 0x00, 0x00, 0x00, 0x00, 0x00, 0x00, 0x00, 0x00, 0x00, 0x00, 0x00, 0x00, 0x00, 0x00, 0x00, 0x00, 0x00, 0x00, 0x00, 0x00, 0x18, 0x62, 0x10, 0xc3, 0x18, 0xc3, 0x18, 0xa3, 0x18, 0xc3, 0x20, 0xc3, 0x20, 0xe3, 0x20, 0xe3, 0x20, 0xe3, 0x20, 0xe4, 0x20, 0xe4, 0x20, 0x04, 0x21, 0x04, 0x21, 0x04, 0x21, 0x04, 0x29, 0x04, 0x29, 0x24, 0x29, 0x24, 0x29, 0x24, 0x29, 0x24, 0x29, 0x24, 0x29, 0x24, 0x29, 0x44, 0x29, 0x24, 0x21, 0x10, 0xc6, 0x0e, 0x94, 0x2d, 0x94, 0x00, 0x00, 
  0x00, 0x00, 0x00, 0x00, 0x00, 0x00, 0x00, 0x00, 0x00, 0x00, 0x00, 0x00, 0x00, 0x00, 0x00, 0x00, 0x00, 0x00, 0x00, 0x00, 0x00, 0x00, 0x00, 0x00, 0x00, 0x00, 0x00, 0x00, 0x00, 0x00, 0x00, 0x00, 0x00, 0x00, 0x00, 0x00, 0x00, 0x00, 0x00, 0x00, 0x00, 0x00, 0x00, 0x00, 0x00, 0x00, 0x00, 0x00, 0x00, 0x00, 0xe4, 0x20, 0xe3, 0x18, 0x82, 0x18, 0xc3, 0x18, 0xc3, 0x18, 0xc3, 0x18, 0xc3, 0x20, 0xc3, 0x20, 0xe3, 0x20, 0xe3, 0x20, 0xe3, 0x20, 0xe4, 0x20, 0x04, 0x21, 0x04, 0x21, 0x04, 0x21, 0x04, 0x21, 0x04, 0x29, 0x24, 0x29, 0x24, 0x29, 0x24, 0x29, 0x24, 0x29, 0x24, 0x29, 0x44, 0x29, 0x44, 0x29, 0x24, 0x21, 0xcd, 0xd4, 0x2e, 0x94, 0x4e, 0x94, 0x00, 0x00, 
  0x00, 0x00, 0x00, 0x00, 0x00, 0x00, 0x00, 0x00, 0x00, 0x00, 0x00, 0x00, 0x00, 0x00, 0x00, 0x00, 0x00, 0x00, 0x00, 0x00, 0x00, 0x00, 0x00, 0x00, 0x00, 0x00, 0x00, 0x00, 0x00, 0x00, 0x00, 0x00, 0x00, 0x00, 0x00, 0x00, 0x00, 0x00, 0x00, 0x00, 0x00, 0x00, 0x00, 0x00, 0x00, 0x00, 0x00, 0x00, 0x00, 0x00, 0x00, 0x00, 0xe3, 0x18, 0xc3, 0x18, 0xa2, 0x18, 0xc3, 0x18, 0xc3, 0x20, 0xc3, 0x20, 0xc3, 0x20, 0xe3, 0x20, 0x03, 0x21, 0xe3, 0x20, 0xe3, 0x20, 0x04, 0x21, 0x04, 0x21, 0x04, 0x21, 0x04, 0x21, 0x04, 0x29, 0x24, 0x29, 0x24, 0x29, 0x24, 0x29, 0x24, 0x29, 0x24, 0x29, 0x24, 0x29, 0x44, 0x29, 0x24, 0x21, 0x70, 0xdd, 0x4e, 0x9c, 0x6e, 0x9c, 0x00, 0x00, 
  0x00, 0x00, 0x00, 0x00, 0x00, 0x00, 0x00, 0x00, 0x00, 0x00, 0x00, 0x00, 0x00, 0x00, 0x00, 0x00, 0x00, 0x00, 0x00, 0x00, 0x00, 0x00, 0x00, 0x00, 0x00, 0x00, 0x00, 0x00, 0x00, 0x00, 0x00, 0x00, 0x00, 0x00, 0x00, 0x00, 0x00, 0x00, 0x00, 0x00, 0x00, 0x00, 0x00, 0x00, 0x00, 0x00, 0x00, 0x00, 0x00, 0x00, 0xe3, 0x18, 0x62, 0x18, 0x82, 0x18, 0xc3, 0x18, 0xc3, 0x18, 0xc3, 0x18, 0xc3, 0x20, 0xe3, 0x20, 0xe3, 0x20, 0xe3, 0x20, 0xe3, 0x20, 0x04, 0x21, 0x04, 0x21, 0x04, 0x21, 0x04, 0x21, 0x04, 0x21, 0x04, 0x29, 0x24, 0x29, 0x24, 0x29, 0x24, 0x29, 0x24, 0x29, 0x24, 0x29, 0x44, 0x29, 0x44, 0x29, 0x24, 0x21, 0x70, 0xdd, 0x4e, 0x9c, 0x6f, 0x9c, 0x00, 0x00, 
  0x00, 0x00, 0x00, 0x00, 0x00, 0x00, 0x00, 0x00, 0x00, 0x00, 0x00, 0x00, 0x00, 0x00, 0x00, 0x00, 0x00, 0x00, 0x00, 0x00, 0x00, 0x00, 0x00, 0x00, 0x00, 0x00, 0x00, 0x00, 0x00, 0x00, 0x00, 0x00, 0x00, 0x00, 0x00, 0x00, 0x00, 0x00, 0x00, 0x00, 0x00, 0x00, 0x00, 0x00, 0x00, 0x00, 0x00, 0x00, 0x00, 0x00, 0x00, 0x18, 0x62, 0x10, 0xc3, 0x18, 0xc3, 0x18, 0xc3, 0x18, 0xc3, 0x18, 0xc3, 0x20, 0xe3, 0x20, 0xe3, 0x20, 0xe3, 0x20, 0xe3, 0x20, 0xe4, 0x20, 0x04, 0x21, 0x04, 0x21, 0x04, 0x21, 0x04, 0x21, 0x04, 0x29, 0x24, 0x29, 0x24, 0x29, 0x24, 0x29, 0x24, 0x29, 0x24, 0x29, 0x44, 0x29, 0x44, 0x29, 0x24, 0x21, 0xd2, 0xdd, 0x6f, 0x9c, 0x6f, 0xa4, 0x00, 0x00, 
  0x00, 0x00, 0x00, 0x00, 0x00, 0x00, 0x00, 0x00, 0x00, 0x00, 0x00, 0x00, 0x00, 0x00, 0x00, 0x00, 0x00, 0x00, 0x00, 0x00, 0x00, 0x00, 0x00, 0x00, 0x00, 0x00, 0x00, 0x00, 0x00, 0x00, 0x00, 0x00, 0x00, 0x00, 0x00, 0x00, 0x00, 0x00, 0x00, 0x00, 0x00, 0x00, 0x00, 0x00, 0x00, 0x00, 0x00, 0x00, 0x00, 0x00, 0x00, 0x00, 0xe3, 0x18, 0xc3, 0x18, 0xc3, 0x18, 0xa3, 0x18, 0xc3, 0x20, 0xc3, 0x20, 0xe3, 0x20, 0xe3, 0x18, 0x03, 0x21, 0xe3, 0x20, 0x04, 0x21, 0x04, 0x21, 0x04, 0x21, 0x04, 0x21, 0x04, 0x29, 0x04, 0x29, 0x24, 0x29, 0x24, 0x29, 0x24, 0x29, 0x24, 0x29, 0x24, 0x29, 0x44, 0x29, 0x44, 0x29, 0x24, 0x21, 0x14, 0xc6, 0x6f, 0xa4, 0x8f, 0x9c, 0x00, 0x00, 
  0x00, 0x00, 0x00, 0x00, 0x00, 0x00, 0x00, 0x00, 0x00, 0x00, 0x00, 0x00, 0x00, 0x00, 0x00, 0x00, 0x00, 0x00, 0x00, 0x00, 0x00, 0x00, 0x00, 0x00, 0x00, 0x00, 0x00, 0x00, 0x00, 0x00, 0x00, 0x00, 0x00, 0x00, 0x00, 0x00, 0x00, 0x00, 0x00, 0x00, 0x00, 0x00, 0x00, 0x00, 0x00, 0x00, 0x00, 0x00, 0x00, 0x00, 0xe3, 0x18, 0xe3, 0x18, 0xe3, 0x18, 0xa2, 0x18, 0xc3, 0x18, 0xc3, 0x18, 0xc3, 0x20, 0xe4, 0x20, 0xe3, 0x20, 0xe3, 0x20, 0xe3, 0x20, 0xe4, 0x20, 0x04, 0x21, 0x04, 0x21, 0x04, 0x21, 0x04, 0x21, 0x04, 0x29, 0x24, 0x29, 0x24, 0x29, 0x24, 0x29, 0x24, 0x29, 0x24, 0x29, 0x44, 0x29, 0x44, 0x29, 0x24, 0x21, 0x14, 0xe6, 0x8f, 0xa4, 0x8f, 0xa4, 0x00, 0x00, 
  0x00, 0x00, 0x00, 0x00, 0x00, 0x00, 0x00, 0x00, 0x00, 0x00, 0x00, 0x00, 0x00, 0x00, 0x00, 0x00, 0x00, 0x00, 0x00, 0x00, 0x00, 0x00, 0x00, 0x00, 0x00, 0x00, 0x00, 0x00, 0x00, 0x00, 0x00, 0x00, 0x00, 0x00, 0x00, 0x00, 0x00, 0x00, 0x00, 0x00, 0x00, 0x00, 0x00, 0x00, 0x00, 0x00, 0x00, 0x00, 0x00, 0x00, 0xe3, 0x18, 0x62, 0x18, 0xc3, 0x18, 0xc3, 0x18, 0xc3, 0x18, 0xc3, 0x20, 0xc3, 0x20, 0xe3, 0x20, 0xe3, 0x20, 0xe3, 0x20, 0xe3, 0x20, 0xe4, 0x20, 0x04, 0x21, 0x04, 0x21, 0x04, 0x21, 0x04, 0x21, 0x04, 0x29, 0x24, 0x29, 0x24, 0x29, 0x24, 0x29, 0x24, 0x29, 0x24, 0x29, 0x44, 0x29, 0x44, 0x29, 0x24, 0x21, 0x72, 0xcd, 0xaf, 0xa4, 0xaf, 0xa4, 0x00, 0x00, 
  0x00, 0x00, 0x00, 0x00, 0x00, 0x00, 0x00, 0x00, 0x00, 0x00, 0x00, 0x00, 0x00, 0x00, 0x00, 0x00, 0x00, 0x00, 0x00, 0x00, 0x00, 0x00, 0x00, 0x00, 0x00, 0x00, 0x00, 0x00, 0x00, 0x00, 0x00, 0x00, 0x00, 0x00, 0x00, 0x00, 0x00, 0x00, 0x00, 0x00, 0x00, 0x00, 0x00, 0x00, 0x00, 0x00, 0x00, 0x00, 0x00, 0x00, 0x00, 0x18, 0x62, 0x10, 0xc3, 0x18, 0xc3, 0x18, 0xa3, 0x18, 0xc3, 0x20, 0xc3, 0x20, 0xe3, 0x20, 0xe3, 0x20, 0xe3, 0x20, 0xe4, 0x20, 0xe4, 0x20, 0x04, 0x21, 0x04, 0x21, 0x04, 0x21, 0x04, 0x29, 0x04, 0x29, 0x24, 0x29, 0x24, 0x29, 0x24, 0x29, 0x24, 0x29, 0x24, 0x29, 0x24, 0x29, 0x44, 0x29, 0x24, 0x21, 0x52, 0xe6, 0xb0, 0xac, 0xcf, 0xac, 0x00, 0x00, 
  0x00, 0x00, 0x00, 0x00, 0x00, 0x00, 0x00, 0x00, 0x00, 0x00, 0x00, 0x00, 0x00, 0x00, 0x00, 0x00, 0x00, 0x00, 0x00, 0x00, 0x00, 0x00, 0x00, 0x00, 0x00, 0x00, 0x00, 0x00, 0x00, 0x00, 0x00, 0x00, 0x00, 0x00, 0x00, 0x00, 0x00, 0x00, 0x00, 0x00, 0x00, 0x00, 0x00, 0x00, 0x00, 0x00, 0x00, 0x00, 0x00, 0x00, 0xe4, 0x20, 0xe3, 0x18, 0x82, 0x18, 0xc3, 0x18, 0xc3, 0x18, 0xc3, 0x18, 0xc3, 0x20, 0xc3, 0x20, 0xe3, 0x20, 0xe3, 0x20, 0xe3, 0x20, 0xe4, 0x20, 0x04, 0x21, 0x04, 0x21, 0x04, 0x21, 0x04, 0x21, 0x04, 0x29, 0x24, 0x29, 0x24, 0x29, 0x24, 0x29, 0x24, 0x29, 0x24, 0x29, 0x44, 0x29, 0x44, 0x29, 0x24, 0x21, 0xb3, 0xd5, 0xd0, 0xac, 0xcf, 0xac, 0x00, 0x00, 
  0x00, 0x00, 0x00, 0x00, 0x00, 0x00, 0x00, 0x00, 0x00, 0x00, 0x00, 0x00, 0x00, 0x00, 0x00, 0x00, 0x00, 0x00, 0x00, 0x00, 0x00, 0x00, 0x00, 0x00, 0x00, 0x00, 0x00, 0x00, 0x00, 0x00, 0x00, 0x00, 0x00, 0x00, 0x00, 0x00, 0x00, 0x00, 0x00, 0x00, 0x00, 0x00, 0x00, 0x00, 0x00, 0x00, 0x00, 0x00, 0x00, 0x00, 0x00, 0x00, 0xe3, 0x18, 0xc3, 0x18, 0xa2, 0x18, 0xc3, 0x18, 0xc3, 0x20, 0xc3, 0x20, 0xc3, 0x20, 0xe3, 0x20, 0x03, 0x21, 0xe3, 0x20, 0xe3, 0x20, 0x04, 0x21, 0x04, 0x21, 0x04, 0x21, 0x04, 0x21, 0x04, 0x29, 0x24, 0x29, 0x24, 0x29, 0x24, 0x29, 0x24, 0x29, 0x24, 0x29, 0x24, 0x29, 0x44, 0x29, 0x24, 0x21, 0xd1, 0xd5, 0xf0, 0xb4, 0xd0, 0xac, 0x00, 0x00, 
  0x00, 0x00, 0x00, 0x00, 0x00, 0x00, 0x00, 0x00, 0x00, 0x00, 0x00, 0x00, 0x00, 0x00, 0x00, 0x00, 0x00, 0x00, 0x00, 0x00, 0x00, 0x00, 0x00, 0x00, 0x00, 0x00, 0x00, 0x00, 0x00, 0x00, 0x00, 0x00, 0x00, 0x00, 0x00, 0x00, 0x00, 0x00, 0x00, 0x00, 0x00, 0x00, 0x00, 0x00, 0x00, 0x00, 0x00, 0x00, 0x00, 0x00, 0xe3, 0x18, 0x62, 0x18, 0x82, 0x18, 0xc3, 0x18, 0xc3, 0x18, 0xc3, 0x18, 0xc3, 0x20, 0xe3, 0x20, 0xe3, 0x20, 0xe3, 0x20, 0xe3, 0x20, 0x04, 0x21, 0x04, 0x21, 0x04, 0x21, 0x04, 0x21, 0x04, 0x21, 0x04, 0x29, 0x24, 0x29, 0x24, 0x29, 0x24, 0x29, 0x24, 0x29, 0x24, 0x29, 0x44, 0x29, 0x44, 0x29, 0x24, 0x21, 0xd1, 0xd5, 0xf0, 0xb4, 0xf0, 0xb4, 0x00, 0x00, 
  0x00, 0x00, 0x00, 0x00, 0x00, 0x00, 0x00, 0x00, 0x00, 0x00, 0x00, 0x00, 0x00, 0x00, 0x00, 0x00, 0x00, 0x00, 0x00, 0x00, 0x00, 0x00, 0x00, 0x00, 0x00, 0x00, 0x00, 0x00, 0x00, 0x00, 0x00, 0x00, 0x00, 0x00, 0x00, 0x00, 0x00, 0x00, 0x00, 0x00, 0x00, 0x00, 0x00, 0x00, 0x00, 0x00, 0x00, 0x00, 0x00, 0x00, 0x00, 0x18, 0x62, 0x10, 0xc3, 0x18, 0xc3, 0x18, 0xc3, 0x18, 0xc3, 0x18, 0xc3, 0x20, 0xe3, 0x20, 0xe3, 0x20, 0xe3, 0x20, 0xe3, 0x20, 0xe4, 0x20, 0x04, 0x21, 0x04, 0x21, 0x04, 0x21, 0x04, 0x21, 0x04, 0x29, 0x24, 0x29, 0x24, 0x29, 0x24, 0x29, 0x24, 0x29, 0x24, 0x29, 0x44, 0x29, 0x44, 0x29, 0x24, 0x21, 0x13, 0xde, 0xf0, 0xb4, 0xf0, 0xac, 0x00, 0x00, 
  0x00, 0x00, 0x00, 0x00, 0x00, 0x00, 0x00, 0x00, 0x00, 0x00, 0x00, 0x00, 0x00, 0x00, 0x00, 0x00, 0x00, 0x00, 0x00, 0x00, 0x00, 0x00, 0x00, 0x00, 0x00, 0x00, 0x00, 0x00, 0x00, 0x00, 0x00, 0x00, 0x00, 0x00, 0x00, 0x00, 0x00, 0x00, 0x00, 0x00, 0x00, 0x00, 0x00, 0x00, 0x00, 0x00, 0x00, 0x00, 0x00, 0x00, 0x00, 0x00, 0xe3, 0x18, 0xc3, 0x18, 0xc3, 0x18, 0xa3, 0x18, 0xc3, 0x20, 0xc3, 0x20, 0xe3, 0x20, 0xe3, 0x18, 0x03, 0x21, 0xe3, 0x20, 0x04, 0x21, 0x04, 0x21, 0x04, 0x21, 0x04, 0x21, 0x04, 0x29, 0x04, 0x29, 0x24, 0x29, 0x24, 0x29, 0x24, 0x29, 0x24, 0x29, 0x24, 0x29, 0x44, 0x29, 0x44, 0x29, 0x24, 0x21, 0x13, 0xde, 0x10, 0xb5, 0xf0, 0xb4, 0x00, 0x00, 
  0x00, 0x00, 0x00, 0x00, 0x00, 0x00, 0x00, 0x00, 0x00, 0x00, 0x00, 0x00, 0x00, 0x00, 0x00, 0x00, 0x00, 0x00, 0x00, 0x00, 0x00, 0x00, 0x00, 0x00, 0x00, 0x00, 0x00, 0x00, 0x00, 0x00, 0x00, 0x00, 0x00, 0x00, 0x00, 0x00, 0x00, 0x00, 0x00, 0x00, 0x00, 0x00, 0x00, 0x00, 0x00, 0x00, 0x00, 0x00, 0x00, 0x00, 0xe3, 0x18, 0xe3, 0x18, 0xe3, 0x18, 0xa2, 0x18, 0xc3, 0x18, 0xc3, 0x18, 0xc3, 0x20, 0xe4, 0x20, 0xe3, 0x20, 0xe3, 0x20, 0xe3, 0x20, 0xe4, 0x20, 0x04, 0x21, 0x04, 0x21, 0x04, 0x21, 0x04, 0x21, 0x04, 0x29, 0x24, 0x29, 0x24, 0x29, 0x24, 0x29, 0x24, 0x29, 0x24, 0x29, 0x44, 0x29, 0x44, 0x29, 0x24, 0x21, 0x31, 0xde, 0x10, 0xbd, 0x10, 0xb5, 0x00, 0x00, 
  0x00, 0x00, 0x00, 0x00, 0x00, 0x00, 0x00, 0x00, 0x00, 0x00, 0x00, 0x00, 0x00, 0x00, 0x00, 0x00, 0x00, 0x00, 0x00, 0x00, 0x00, 0x00, 0x00, 0x00, 0x00, 0x00, 0x00, 0x00, 0x00, 0x00, 0x00, 0x00, 0x00, 0x00, 0x00, 0x00, 0x00, 0x00, 0x00, 0x00, 0x00, 0x00, 0x00, 0x00, 0x00, 0x00, 0x00, 0x00, 0x00, 0x00, 0xe3, 0x18, 0x62, 0x18, 0xc3, 0x18, 0xc3, 0x18, 0xc3, 0x18, 0xc3, 0x20, 0xc3, 0x20, 0xe3, 0x20, 0xe3, 0x20, 0xe3, 0x20, 0xe3, 0x20, 0xe4, 0x20, 0x04, 0x21, 0x04, 0x21, 0x04, 0x21, 0x04, 0x21, 0x04, 0x29, 0x24, 0x29, 0x24, 0x29, 0x24, 0x29, 0x24, 0x29, 0x24, 0x29, 0x44, 0x29, 0x44, 0x29, 0x24, 0x21, 0xd2, 0xdd, 0x30, 0xbd, 0x10, 0xbd, 0x00, 0x00, 
  0x00, 0x00, 0x00, 0x00, 0x00, 0x00, 0x00, 0x00, 0x00, 0x00, 0x00, 0x00, 0x00, 0x00, 0x00, 0x00, 0x00, 0x00, 0x00, 0x00, 0x00, 0x00, 0x00, 0x00, 0x00, 0x00, 0x00, 0x00, 0x00, 0x00, 0x00, 0x00, 0x00, 0x00, 0x00, 0x00, 0x00, 0x00, 0x00, 0x00, 0x00, 0x00, 0x00, 0x00, 0x00, 0x00, 0x00, 0x00, 0x00, 0x00, 0x00, 0x18, 0x62, 0x10, 0xc3, 0x18, 0xc3, 0x18, 0xa3, 0x18, 0xc3, 0x20, 0xc3, 0x20, 0xe3, 0x20, 0xe3, 0x20, 0xe3, 0x20, 0xe4, 0x20, 0xe4, 0x20, 0x04, 0x21, 0x04, 0x21, 0x04, 0x21, 0x04, 0x29, 0x04, 0x29, 0x24, 0x29, 0x24, 0x29, 0x24, 0x29, 0x24, 0x29, 0x24, 0x29, 0x24, 0x29, 0x44, 0x29, 0x24, 0x21, 0xf1, 0xe5, 0x30, 0xbd, 0x10, 0xb5, 0x00, 0x00, 
  0x00, 0x00, 0x00, 0x00, 0x00, 0x00, 0x00, 0x00, 0x00, 0x00, 0x00, 0x00, 0x00, 0x00, 0x00, 0x00, 0x00, 0x00, 0x00, 0x00, 0x00, 0x00, 0x00, 0x00, 0x00, 0x00, 0x00, 0x00, 0x00, 0x00, 0x00, 0x00, 0x00, 0x00, 0x00, 0x00, 0x00, 0x00, 0x00, 0x00, 0x00, 0x00, 0x00, 0x00, 0x00, 0x00, 0x00, 0x00, 0x00, 0x00, 0xe4, 0x20, 0xe3, 0x18, 0x82, 0x18, 0xc3, 0x18, 0xc3, 0x18, 0xc3, 0x18, 0xc3, 0x20, 0xc3, 0x20, 0xe3, 0x20, 0xe3, 0x20, 0xe3, 0x20, 0xe4, 0x20, 0x04, 0x21, 0x04, 0x21, 0x04, 0x21, 0x04, 0x21, 0x04, 0x29, 0x24, 0x29, 0x24, 0x29, 0x24, 0x29, 0x24, 0x29, 0x24, 0x29, 0x44, 0x29, 0x44, 0x29, 0x24, 0x21, 0xf1, 0xe5, 0x30, 0xbd, 0x10, 0xbd, 0x00, 0x00, 
  0x00, 0x00, 0x00, 0x00, 0x00, 0x00, 0x00, 0x00, 0x00, 0x00, 0x00, 0x00, 0x00, 0x00, 0x00, 0x00, 0x00, 0x00, 0x00, 0x00, 0x00, 0x00, 0x00, 0x00, 0x00, 0x00, 0x00, 0x00, 0x00, 0x00, 0x00, 0x00, 0x00, 0x00, 0x00, 0x00, 0x00, 0x00, 0x00, 0x00, 0x00, 0x00, 0x00, 0x00, 0x00, 0x00, 0x00, 0x00, 0x00, 0x00, 0x00, 0x00, 0xe3, 0x18, 0xc3, 0x18, 0xa2, 0x18, 0xc3, 0x18, 0xc3, 0x20, 0xc3, 0x20, 0xc3, 0x20, 0xe3, 0x20, 0x03, 0x21, 0xe3, 0x20, 0xe3, 0x20, 0x04, 0x21, 0x04, 0x21, 0x04, 0x21, 0x04, 0x21, 0x04, 0x29, 0x24, 0x29, 0x24, 0x29, 0x24, 0x29, 0x24, 0x29, 0x24, 0x29, 0x24, 0x29, 0x44, 0x29, 0x24, 0x21, 0x10, 0xd6, 0x30, 0xbd, 0x10, 0xbd, 0x00, 0x00, 
  0x00, 0x00, 0x00, 0x00, 0x00, 0x00, 0x00, 0x00, 0x00, 0x00, 0x00, 0x00, 0x00, 0x00, 0x00, 0x00, 0x00, 0x00, 0x00, 0x00, 0x00, 0x00, 0x00, 0x00, 0x00, 0x00, 0x00, 0x00, 0x00, 0x00, 0x00, 0x00, 0x00, 0x00, 0x00, 0x00, 0x00, 0x00, 0x00, 0x00, 0x00, 0x00, 0x00, 0x00, 0x00, 0x00, 0x00, 0x00, 0x00, 0x00, 0xe3, 0x18, 0x62, 0x18, 0x82, 0x18, 0xc3, 0x18, 0xc3, 0x18, 0xc3, 0x18, 0xc3, 0x20, 0xe3, 0x20, 0xe3, 0x20, 0xe3, 0x20, 0xe3, 0x20, 0x04, 0x21, 0x04, 0x21, 0x04, 0x21, 0x04, 0x21, 0x04, 0x21, 0x04, 0x29, 0x24, 0x29, 0x24, 0x29, 0x24, 0x29, 0x24, 0x29, 0x24, 0x29, 0x44, 0x29, 0x44, 0x29, 0x24, 0x21, 0x10, 0xd6, 0x30, 0xbd, 0x10, 0xbd, 0x00, 0x00, 
  0x00, 0x00, 0x00, 0x00, 0x00, 0x00, 0x00, 0x00, 0x00, 0x00, 0x00, 0x00, 0x00, 0x00, 0x00, 0x00, 0x00, 0x00, 0x00, 0x00, 0x00, 0x00, 0x00, 0x00, 0x00, 0x00, 0x00, 0x00, 0x00, 0x00, 0x00, 0x00, 0x00, 0x00, 0x00, 0x00, 0x00, 0x00, 0x00, 0x00, 0x00, 0x00, 0x00, 0x00, 0x00, 0x00, 0x00, 0x00, 0x00, 0x00, 0x00, 0x18, 0x62, 0x10, 0xc3, 0x18, 0xc3, 0x18, 0xc3, 0x18, 0xc3, 0x18, 0xc3, 0x20, 0xe3, 0x20, 0xe3, 0x20, 0xe3, 0x20, 0xe3, 0x20, 0xe4, 0x20, 0x04, 0x21, 0x04, 0x21, 0x04, 0x21, 0x04, 0x21, 0x04, 0x29, 0x24, 0x29, 0x24, 0x29, 0x24, 0x29, 0x24, 0x29, 0x24, 0x29, 0x44, 0x29, 0x44, 0x29, 0x24, 0x21, 0x10, 0xd6, 0x30, 0xbd, 0x10, 0xbd, 0x00, 0x00, 
  0x00, 0x00, 0x00, 0x00, 0x00, 0x00, 0x00, 0x00, 0x00, 0x00, 0x00, 0x00, 0x00, 0x00, 0x00, 0x00, 0x00, 0x00, 0x00, 0x00, 0x00, 0x00, 0x00, 0x00, 0x00, 0x00, 0x00, 0x00, 0x00, 0x00, 0x00, 0x00, 0x00, 0x00, 0x00, 0x00, 0x00, 0x00, 0x00, 0x00, 0x00, 0x00, 0x00, 0x00, 0x00, 0x00, 0x00, 0x00, 0x00, 0x00, 0x00, 0x00, 0xe3, 0x18, 0xc3, 0x18, 0xc3, 0x18, 0xa3, 0x18, 0xc3, 0x20, 0xc3, 0x20, 0xe3, 0x20, 0xe3, 0x18, 0x03, 0x21, 0xe3, 0x20, 0x04, 0x21, 0x04, 0x21, 0x04, 0x21, 0x04, 0x21, 0x04, 0x29, 0x04, 0x29, 0x24, 0x29, 0x24, 0x29, 0x24, 0x29, 0x24, 0x29, 0x24, 0x29, 0x44, 0x29, 0x44, 0x29, 0x24, 0x21, 0x10, 0xd6, 0x30, 0xbd, 0x10, 0xb5, 0x00, 0x00, 
  0x00, 0x00, 0x00, 0x00, 0x00, 0x00, 0x00, 0x00, 0x00, 0x00, 0x00, 0x00, 0x00, 0x00, 0x00, 0x00, 0x00, 0x00, 0x00, 0x00, 0x00, 0x00, 0x00, 0x00, 0x00, 0x00, 0x00, 0x00, 0x00, 0x00, 0x00, 0x00, 0x00, 0x00, 0x00, 0x00, 0x00, 0x00, 0x00, 0x00, 0x00, 0x00, 0x00, 0x00, 0x00, 0x00, 0x00, 0x00, 0x00, 0x00, 0xe3, 0x18, 0xe3, 0x18, 0xe3, 0x18, 0xa2, 0x18, 0xc3, 0x18, 0xc3, 0x18, 0xc3, 0x20, 0xe4, 0x20, 0xe3, 0x20, 0xe3, 0x20, 0xe3, 0x20, 0xe4, 0x20, 0x04, 0x21, 0x04, 0x21, 0x04, 0x21, 0x04, 0x21, 0x04, 0x29, 0x24, 0x29, 0x24, 0x29, 0x24, 0x29, 0x24, 0x29, 0x24, 0x29, 0x44, 0x29, 0x44, 0x29, 0x24, 0x21, 0x10, 0xd6, 0x30, 0xbd, 0x10, 0xbd, 0x00, 0x00, 
  0x00, 0x00, 0x00, 0x00, 0x00, 0x00, 0x00, 0x00, 0x00, 0x00, 0x00, 0x00, 0x00, 0x00, 0x00, 0x00, 0x00, 0x00, 0x00, 0x00, 0x00, 0x00, 0x00, 0x00, 0x00, 0x00, 0x00, 0x00, 0x00, 0x00, 0x00, 0x00, 0x00, 0x00, 0x00, 0x00, 0x00, 0x00, 0x00, 0x00, 0x00, 0x00, 0x00, 0x00, 0x00, 0x00, 0x00, 0x00, 0x00, 0x00, 0xe3, 0x18, 0x62, 0x18, 0xc3, 0x18, 0xc3, 0x18, 0xc3, 0x18, 0xc3, 0x20, 0xc3, 0x20, 0xe3, 0x20, 0xe3, 0x20, 0xe3, 0x20, 0xe3, 0x20, 0xe4, 0x20, 0x04, 0x21, 0x04, 0x21, 0x04, 0x21, 0x04, 0x21, 0x04, 0x29, 0x24, 0x29, 0x24, 0x29, 0x24, 0x29, 0x24, 0x29, 0x24, 0x29, 0x44, 0x29, 0x44, 0x29, 0x24, 0x21, 0xf1, 0xe5, 0x30, 0xbd, 0x10, 0xbd, 0x00, 0x00, 
  0x00, 0x00, 0x00, 0x00, 0x00, 0x00, 0x00, 0x00, 0x00, 0x00, 0x00, 0x00, 0x00, 0x00, 0x00, 0x00, 0x00, 0x00, 0x00, 0x00, 0x00, 0x00, 0x00, 0x00, 0x00, 0x00, 0x00, 0x00, 0x00, 0x00, 0x00, 0x00, 0x00, 0x00, 0x00, 0x00, 0x00, 0x00, 0x00, 0x00, 0x00, 0x00, 0x00, 0x00, 0x00, 0x00, 0x00, 0x00, 0x00, 0x00, 0x00, 0x18, 0x62, 0x10, 0xc3, 0x18, 0xc3, 0x18, 0xa3, 0x18, 0xc3, 0x20, 0xc3, 0x20, 0xe3, 0x20, 0xe3, 0x20, 0xe3, 0x20, 0xe4, 0x20, 0xe4, 0x20, 0x04, 0x21, 0x04, 0x21, 0x04, 0x21, 0x04, 0x29, 0x04, 0x29, 0x24, 0x29, 0x24, 0x29, 0x24, 0x29, 0x24, 0x29, 0x24, 0x29, 0x24, 0x29, 0x44, 0x29, 0x24, 0x21, 0xf1, 0xe5, 0x10, 0xbd, 0x10, 0xb5, 0x00, 0x00, 
  0x00, 0x00, 0x00, 0x00, 0x00, 0x00, 0x00, 0x00, 0x00, 0x00, 0x00, 0x00, 0x00, 0x00, 0x00, 0x00, 0x00, 0x00, 0x00, 0x00, 0x00, 0x00, 0x00, 0x00, 0x00, 0x00, 0x00, 0x00, 0x00, 0x00, 0x00, 0x00, 0x00, 0x00, 0x00, 0x00, 0x00, 0x00, 0x00, 0x00, 0x00, 0x00, 0x00, 0x00, 0x00, 0x00, 0x00, 0x00, 0x00, 0x00, 0xe4, 0x20, 0xe3, 0x18, 0x82, 0x18, 0xc3, 0x18, 0xc3, 0x18, 0xc3, 0x18, 0xc3, 0x20, 0xc3, 0x20, 0xe3, 0x20, 0xe3, 0x20, 0xe3, 0x20, 0xe4, 0x20, 0x04, 0x21, 0x04, 0x21, 0x04, 0x21, 0x04, 0x21, 0x04, 0x29, 0x24, 0x29, 0x24, 0x29, 0x24, 0x29, 0x24, 0x29, 0x24, 0x29, 0x44, 0x29, 0x44, 0x29, 0x24, 0x21, 0xf1, 0xd5, 0x10, 0xb5, 0xf0, 0xb4, 0x00, 0x00, 
  0x00, 0x00, 0x00, 0x00, 0x00, 0x00, 0x00, 0x00, 0x00, 0x00, 0x00, 0x00, 0x00, 0x00, 0x00, 0x00, 0x00, 0x00, 0x00, 0x00, 0x00, 0x00, 0x00, 0x00, 0x00, 0x00, 0x00, 0x00, 0x00, 0x00, 0x00, 0x00, 0x00, 0x00, 0x00, 0x00, 0x00, 0x00, 0x00, 0x00, 0x00, 0x00, 0x00, 0x00, 0x00, 0x00, 0x00, 0x00, 0x00, 0x00, 0x00, 0x00, 0xe3, 0x18, 0xc3, 0x18, 0xa2, 0x18, 0xc3, 0x18, 0xc3, 0x20, 0xc3, 0x20, 0xc3, 0x20, 0xe3, 0x20, 0x03, 0x21, 0xe3, 0x20, 0xe3, 0x20, 0x04, 0x21, 0x04, 0x21, 0x04, 0x21, 0x04, 0x21, 0x04, 0x29, 0x24, 0x29, 0x24, 0x29, 0x24, 0x29, 0x24, 0x29, 0x24, 0x29, 0x24, 0x29, 0x44, 0x29, 0x24, 0x21, 0xd0, 0xcd, 0x10, 0xb5, 0xf0, 0xb4, 0x00, 0x00, 
  0x00, 0x00, 0x00, 0x00, 0x00, 0x00, 0x00, 0x00, 0x00, 0x00, 0x00, 0x00, 0x00, 0x00, 0x00, 0x00, 0x00, 0x00, 0x00, 0x00, 0x00, 0x00, 0x00, 0x00, 0x00, 0x00, 0x00, 0x00, 0x00, 0x00, 0x00, 0x00, 0x00, 0x00, 0x00, 0x00, 0x00, 0x00, 0x00, 0x00, 0x00, 0x00, 0x00, 0x00, 0x00, 0x00, 0x00, 0x00, 0x00, 0x00, 0xe3, 0x18, 0x62, 0x18, 0x82, 0x18, 0xc3, 0x18, 0xc3, 0x18, 0xc3, 0x18, 0xc3, 0x20, 0xe3, 0x20, 0xe3, 0x20, 0xe3, 0x20, 0xe3, 0x20, 0x04, 0x21, 0x04, 0x21, 0x04, 0x21, 0x04, 0x21, 0x04, 0x21, 0x04, 0x29, 0x24, 0x29, 0x24, 0x29, 0x24, 0x29, 0x24, 0x29, 0x24, 0x29, 0x44, 0x29, 0x44, 0x29, 0x24, 0x21, 0x13, 0xde, 0xf0, 0xb4, 0xf0, 0xb4, 0x00, 0x00, 
  0x00, 0x00, 0x00, 0x00, 0x00, 0x00, 0x00, 0x00, 0x00, 0x00, 0x00, 0x00, 0x00, 0x00, 0x00, 0x00, 0x00, 0x00, 0x00, 0x00, 0x00, 0x00, 0x00, 0x00, 0x00, 0x00, 0x00, 0x00, 0x00, 0x00, 0x00, 0x00, 0x00, 0x00, 0x00, 0x00, 0x00, 0x00, 0x00, 0x00, 0x00, 0x00, 0x00, 0x00, 0x00, 0x00, 0x00, 0x00, 0x00, 0x00, 0x00, 0x18, 0x62, 0x10, 0xc3, 0x18, 0xc3, 0x18, 0xc3, 0x18, 0xc3, 0x18, 0xc3, 0x20, 0xe3, 0x20, 0xe3, 0x20, 0xe3, 0x20, 0xe3, 0x20, 0xe4, 0x20, 0x04, 0x21, 0x04, 0x21, 0x04, 0x21, 0x04, 0x21, 0x04, 0x29, 0x24, 0x29, 0x24, 0x29, 0x24, 0x29, 0x24, 0x29, 0x24, 0x29, 0x44, 0x29, 0x44, 0x29, 0x24, 0x21, 0x13, 0xde, 0xf0, 0xb4, 0xd0, 0xb4, 0x00, 0x00, 
  0x00, 0x00, 0x00, 0x00, 0x00, 0x00, 0x00, 0x00, 0x00, 0x00, 0x00, 0x00, 0x00, 0x00, 0x00, 0x00, 0x00, 0x00, 0x00, 0x00, 0x00, 0x00, 0x00, 0x00, 0x00, 0x00, 0x00, 0x00, 0x00, 0x00, 0x00, 0x00, 0x00, 0x00, 0x00, 0x00, 0x00, 0x00, 0x00, 0x00, 0x00, 0x00, 0x00, 0x00, 0x00, 0x00, 0x00, 0x00, 0x00, 0x00, 0x00, 0x00, 0xe3, 0x18, 0xc3, 0x18, 0xc3, 0x18, 0xa3, 0x18, 0xc3, 0x20, 0xc3, 0x20, 0xe3, 0x20, 0xe3, 0x18, 0x03, 0x21, 0xe3, 0x20, 0x04, 0x21, 0x04, 0x21, 0x04, 0x21, 0x04, 0x21, 0x04, 0x29, 0x04, 0x29, 0x24, 0x29, 0x24, 0x29, 0x24, 0x29, 0x24, 0x29, 0x24, 0x29, 0x44, 0x29, 0x44, 0x29, 0x24, 0x21, 0xd1, 0xd5, 0xd0, 0xac, 0xd0, 0xac, 0x00, 0x00, 
  0x00, 0x00, 0x00, 0x00, 0x00, 0x00, 0x00, 0x00, 0x00, 0x00, 0x00, 0x00, 0x00, 0x00, 0x00, 0x00, 0x00, 0x00, 0x00, 0x00, 0x00, 0x00, 0x00, 0x00, 0x00, 0x00, 0x00, 0x00, 0x00, 0x00, 0x00, 0x00, 0x00, 0x00, 0x00, 0x00, 0x00, 0x00, 0x00, 0x00, 0x00, 0x00, 0x00, 0x00, 0x00, 0x00, 0x00, 0x00, 0x00, 0x00, 0xe3, 0x18, 0xe3, 0x18, 0xe3, 0x18, 0xa2, 0x18, 0xc3, 0x18, 0xc3, 0x18, 0xc3, 0x20, 0xe4, 0x20, 0xe3, 0x20, 0xe3, 0x20, 0xe3, 0x20, 0xe4, 0x20, 0x04, 0x21, 0x04, 0x21, 0x04, 0x21, 0x04, 0x21, 0x04, 0x29, 0x24, 0x29, 0x24, 0x29, 0x24, 0x29, 0x24, 0x29, 0x24, 0x29, 0x44, 0x29, 0x44, 0x29, 0x24, 0x21, 0xd1, 0xd5, 0xd0, 0xac, 0xaf, 0xac, 0x00, 0x00, 
  0x00, 0x00, 0x00, 0x00, 0x00, 0x00, 0x00, 0x00, 0x00, 0x00, 0x00, 0x00, 0x00, 0x00, 0x00, 0x00, 0x00, 0x00, 0x00, 0x00, 0x00, 0x00, 0x00, 0x00, 0x00, 0x00, 0x00, 0x00, 0x00, 0x00, 0x00, 0x00, 0x00, 0x00, 0x00, 0x00, 0x00, 0x00, 0x00, 0x00, 0x00, 0x00, 0x00, 0x00, 0x00, 0x00, 0x00, 0x00, 0x00, 0x00, 0xe3, 0x18, 0x62, 0x18, 0xc3, 0x18, 0xc3, 0x18, 0xc3, 0x18, 0xc3, 0x20, 0xc3, 0x20, 0xe3, 0x20, 0xe3, 0x20, 0xe3, 0x20, 0xe3, 0x20, 0xe4, 0x20, 0x04, 0x21, 0x04, 0x21, 0x04, 0x21, 0x04, 0x21, 0x04, 0x29, 0x24, 0x29, 0x24, 0x29, 0x24, 0x29, 0x24, 0x29, 0x24, 0x29, 0x44, 0x29, 0x44, 0x29, 0x24, 0x21, 0xb3, 0xd5, 0xd0, 0xac, 0xaf, 0xac, 0x00, 0x00, 
  0x00, 0x00, 0x00, 0x00, 0x00, 0x00, 0x00, 0x00, 0x00, 0x00, 0x00, 0x00, 0x00, 0x00, 0x00, 0x00, 0x00, 0x00, 0x00, 0x00, 0x00, 0x00, 0x00, 0x00, 0x00, 0x00, 0x00, 0x00, 0x00, 0x00, 0x00, 0x00, 0x00, 0x00, 0x00, 0x00, 0x00, 0x00, 0x00, 0x00, 0x00, 0x00, 0x00, 0x00, 0x00, 0x00, 0x00, 0x00, 0x00, 0x00, 0x00, 0x18, 0x62, 0x10, 0xc3, 0x18, 0xc3, 0x18, 0xa3, 0x18, 0xc3, 0x20, 0xc3, 0x20, 0xe3, 0x20, 0xe3, 0x20, 0xe3, 0x20, 0xe4, 0x20, 0xe4, 0x20, 0x04, 0x21, 0x04, 0x21, 0x04, 0x21, 0x04, 0x29, 0x04, 0x29, 0x24, 0x29, 0x24, 0x29, 0x24, 0x29, 0x24, 0x29, 0x24, 0x29, 0x24, 0x29, 0x44, 0x29, 0x24, 0x21, 0x72, 0xcd, 0xaf, 0xa4, 0x8f, 0xa4, 0x00, 0x00, 
  0x00, 0x00, 0x00, 0x00, 0x00, 0x00, 0x00, 0x00, 0x00, 0x00, 0x00, 0x00, 0x00, 0x00, 0x00, 0x00, 0x00, 0x00, 0x00, 0x00, 0x00, 0x00, 0x00, 0x00, 0x00, 0x00, 0x00, 0x00, 0x00, 0x00, 0x00, 0x00, 0x00, 0x00, 0x00, 0x00, 0x00, 0x00, 0x00, 0x00, 0x00, 0x00, 0x00, 0x00, 0x00, 0x00, 0x00, 0x00, 0x00, 0x00, 0xe4, 0x20, 0xe3, 0x18, 0x82, 0x18, 0xc3, 0x18, 0xc3, 0x18, 0xc3, 0x18, 0xc3, 0x20, 0xc3, 0x20, 0xe3, 0x20, 0xe3, 0x20, 0xe3, 0x20, 0xe4, 0x20, 0x04, 0x21, 0x04, 0x21, 0x04, 0x21, 0x04, 0x21, 0x04, 0x29, 0x24, 0x29, 0x24, 0x29, 0x24, 0x29, 0x24, 0x29, 0x24, 0x29, 0x44, 0x29, 0x44, 0x29, 0x24, 0x21, 0x72, 0xcd, 0x8f, 0xa4, 0x8f, 0xa4, 0x00, 0x00, 
  0x00, 0x00, 0x00, 0x00, 0x00, 0x00, 0x00, 0x00, 0x00, 0x00, 0x00, 0x00, 0x00, 0x00, 0x00, 0x00, 0x00, 0x00, 0x00, 0x00, 0x00, 0x00, 0x00, 0x00, 0x00, 0x00, 0x00, 0x00, 0x00, 0x00, 0x00, 0x00, 0x00, 0x00, 0x00, 0x00, 0x00, 0x00, 0x00, 0x00, 0x00, 0x00, 0x00, 0x00, 0x00, 0x00, 0x00, 0x00, 0x00, 0x00, 0x00, 0x00, 0xe3, 0x18, 0xc3, 0x18, 0xa2, 0x18, 0xc3, 0x18, 0xc3, 0x20, 0xc3, 0x20, 0xc3, 0x20, 0xe3, 0x20, 0x03, 0x21, 0xe3, 0x20, 0xe3, 0x20, 0x04, 0x21, 0x04, 0x21, 0x04, 0x21, 0x04, 0x21, 0x04, 0x29, 0x24, 0x29, 0x24, 0x29, 0x24, 0x29, 0x24, 0x29, 0x24, 0x29, 0x24, 0x29, 0x44, 0x29, 0x24, 0x21, 0x14, 0xe6, 0x8f, 0xa4, 0x8f, 0xa4, 0x00, 0x00, 
  0x00, 0x00, 0x00, 0x00, 0x00, 0x00, 0x00, 0x00, 0x00, 0x00, 0x00, 0x00, 0x00, 0x00, 0x00, 0x00, 0x00, 0x00, 0x00, 0x00, 0x00, 0x00, 0x00, 0x00, 0x00, 0x00, 0x00, 0x00, 0x00, 0x00, 0x00, 0x00, 0x00, 0x00, 0x00, 0x00, 0x00, 0x00, 0x00, 0x00, 0x00, 0x00, 0x00, 0x00, 0x00, 0x00, 0x00, 0x00, 0x00, 0x00, 0xe3, 0x18, 0x62, 0x18, 0x82, 0x18, 0xc3, 0x18, 0xc3, 0x18, 0xc3, 0x18, 0xc3, 0x20, 0xe3, 0x20, 0xe3, 0x20, 0xe3, 0x20, 0xe3, 0x20, 0x04, 0x21, 0x04, 0x21, 0x04, 0x21, 0x04, 0x21, 0x04, 0x21, 0x04, 0x29, 0x24, 0x29, 0x24, 0x29, 0x24, 0x29, 0x24, 0x29, 0x24, 0x29, 0x44, 0x29, 0x44, 0x29, 0x24, 0x21, 0xd2, 0xdd, 0x6f, 0xa4, 0x8e, 0xa4, 0x00, 0x00, 
  0x00, 0x00, 0x00, 0x00, 0x00, 0x00, 0x00, 0x00, 0x00, 0x00, 0x00, 0x00, 0x00, 0x00, 0x00, 0x00, 0x00, 0x00, 0x00, 0x00, 0x00, 0x00, 0x00, 0x00, 0x00, 0x00, 0x00, 0x00, 0x00, 0x00, 0x00, 0x00, 0x00, 0x00, 0x00, 0x00, 0x00, 0x00, 0x00, 0x00, 0x00, 0x00, 0x00, 0x00, 0x00, 0x00, 0x00, 0x00, 0x00, 0x00, 0x00, 0x18, 0x62, 0x10, 0xc3, 0x18, 0xc3, 0x18, 0xc3, 0x18, 0xc3, 0x18, 0xc3, 0x20, 0xe3, 0x20, 0xe3, 0x20, 0xe3, 0x20, 0xe3, 0x20, 0xe4, 0x20, 0x04, 0x21, 0x04, 0x21, 0x04, 0x21, 0x04, 0x21, 0x04, 0x29, 0x24, 0x29, 0x24, 0x29, 0x24, 0x29, 0x24, 0x29, 0x24, 0x29, 0x44, 0x29, 0x44, 0x29, 0x24, 0x21, 0xd2, 0xdd, 0x6f, 0x9c, 0x6e, 0x9c, 0x00, 0x00, 
  0x00, 0x00, 0x00, 0x00, 0x00, 0x00, 0x00, 0x00, 0x00, 0x00, 0x00, 0x00, 0x00, 0x00, 0x00, 0x00, 0x00, 0x00, 0x00, 0x00, 0x00, 0x00, 0x00, 0x00, 0x00, 0x00, 0x00, 0x00, 0x00, 0x00, 0x00, 0x00, 0x00, 0x00, 0x00, 0x00, 0x00, 0x00, 0x00, 0x00, 0x00, 0x00, 0x00, 0x00, 0x00, 0x00, 0x00, 0x00, 0x00, 0x00, 0x00, 0x00, 0xe3, 0x18, 0xc3, 0x18, 0xc3, 0x18, 0xa3, 0x18, 0xc3, 0x20, 0xc3, 0x20, 0xe3, 0x20, 0xe3, 0x18, 0x03, 0x21, 0xe3, 0x20, 0x04, 0x21, 0x04, 0x21, 0x04, 0x21, 0x04, 0x21, 0x04, 0x29, 0x04, 0x29, 0x24, 0x29, 0x24, 0x29, 0x24, 0x29, 0x24, 0x29, 0x24, 0x29, 0x44, 0x29, 0x44, 0x29, 0x24, 0x21, 0x70, 0xdd, 0x4e, 0x9c, 0x4e, 0x9c, 0x00, 0x00, 
  0x00, 0x00, 0x00, 0x00, 0x00, 0x00, 0x00, 0x00, 0x00, 0x00, 0x00, 0x00, 0x00, 0x00, 0x00, 0x00, 0x00, 0x00, 0x00, 0x00, 0x00, 0x00, 0x00, 0x00, 0x00, 0x00, 0x00, 0x00, 0x00, 0x00, 0x00, 0x00, 0x00, 0x00, 0x00, 0x00, 0x00, 0x00, 0x00, 0x00, 0x00, 0x00, 0x00, 0x00, 0x00, 0x00, 0x00, 0x00, 0x00, 0x00, 0xe3, 0x18, 0xe3, 0x18, 0xe3, 0x18, 0xa2, 0x18, 0xc3, 0x18, 0xc3, 0x18, 0xc3, 0x20, 0xe4, 0x20, 0xe3, 0x20, 0xe3, 0x20, 0xe3, 0x20, 0xe4, 0x20, 0x04, 0x21, 0x04, 0x21, 0x04, 0x21, 0x04, 0x21, 0x04, 0x29, 0x24, 0x29, 0x24, 0x29, 0x24, 0x29, 0x24, 0x29, 0x24, 0x29, 0x44, 0x29, 0x44, 0x29, 0x24, 0x21, 0x73, 0xd6, 0x2e, 0x9c, 0x2e, 0x94, 0x00, 0x00, 
  0x00, 0x00, 0x00, 0x00, 0x00, 0x00, 0x00, 0x00, 0x00, 0x00, 0x00, 0x00, 0x00, 0x00, 0x00, 0x00, 0x00, 0x00, 0x00, 0x00, 0x00, 0x00, 0x00, 0x00, 0x00, 0x00, 0x00, 0x00, 0x00, 0x00, 0x00, 0x00, 0x00, 0x00, 0x00, 0x00, 0x00, 0x00, 0x00, 0x00, 0x00, 0x00, 0x00, 0x00, 0x00, 0x00, 0x00, 0x00, 0x00, 0x00, 0xe3, 0x18, 0x62, 0x18, 0xc3, 0x18, 0xc3, 0x18, 0xc3, 0x18, 0xc3, 0x20, 0xc3, 0x20, 0xe3, 0x20, 0xe3, 0x20, 0xe3, 0x20, 0xe3, 0x20, 0xe4, 0x20, 0x04, 0x21, 0x04, 0x21, 0x04, 0x21, 0x04, 0x21, 0x04, 0x29, 0x24, 0x29, 0x24, 0x29, 0x24, 0x29, 0x24, 0x29, 0x24, 0x29, 0x44, 0x29, 0x44, 0x29, 0x24, 0x21, 0xcd, 0xd4, 0x2e, 0x94, 0x2e, 0x94, 0x00, 0x00, 
  0x00, 0x00, 0x00, 0x00, 0x00, 0x00, 0x00, 0x00, 0x00, 0x00, 0x00, 0x00, 0x00, 0x00, 0x00, 0x00, 0x00, 0x00, 0x00, 0x00, 0x00, 0x00, 0x00, 0x00, 0x00, 0x00, 0x00, 0x00, 0x00, 0x00, 0x00, 0x00, 0x00, 0x00, 0x00, 0x00, 0x00, 0x00, 0x00, 0x00, 0x00, 0x00, 0x00, 0x00, 0x00, 0x00, 0x00, 0x00, 0x00, 0x00, 0x00, 0x18, 0x62, 0x10, 0xc3, 0x18, 0xc3, 0x18, 0xa3, 0x18, 0xc3, 0x20, 0xc3, 0x20, 0xe3, 0x20, 0xe3, 0x20, 0xe3, 0x20, 0xe4, 0x20, 0xe4, 0x20, 0x04, 0x21, 0x04, 0x21, 0x04, 0x21, 0x04, 0x29, 0x04, 0x29, 0x24, 0x29, 0x24, 0x29, 0x24, 0x29, 0x24, 0x29, 0x24, 0x29, 0x24, 0x29, 0x44, 0x29, 0x24, 0x21, 0x10, 0xc6, 0x0e, 0x94, 0xed, 0x93, 0x00, 0x00, 
  0x00, 0x00, 0x00, 0x00, 0x00, 0x00, 0x00, 0x00, 0x00, 0x00, 0x00, 0x00, 0x00, 0x00, 0x00, 0x00, 0x00, 0x00, 0x00, 0x00, 0x00, 0x00, 0x00, 0x00, 0x00, 0x00, 0x00, 0x00, 0x00, 0x00, 0x00, 0x00, 0x00, 0x00, 0x00, 0x00, 0x00, 0x00, 0x00, 0x00, 0x00, 0x00, 0x00, 0x00, 0x00, 0x00, 0x00, 0x00, 0x00, 0x00, 0xe4, 0x20, 0xe3, 0x18, 0x82, 0x18, 0xc3, 0x18, 0xc3, 0x18, 0xc3, 0x18, 0xc3, 0x20, 0xc3, 0x20, 0xe3, 0x20, 0xe3, 0x20, 0xe3, 0x20, 0xe4, 0x20, 0x04, 0x21, 0x04, 0x21, 0x04, 0x21, 0x04, 0x21, 0x04, 0x29, 0x24, 0x29, 0x24, 0x29, 0x24, 0x29, 0x24, 0x29, 0x24, 0x29, 0x44, 0x29, 0x44, 0x29, 0x24, 0x21, 0x10, 0xc6, 0xed, 0x8b, 0x2e, 0x8c, 0x00, 0x00, 
  0x00, 0x00, 0x00, 0x00, 0x00, 0x00, 0x00, 0x00, 0x00, 0x00, 0x00, 0x00, 0x00, 0x00, 0x00, 0x00, 0x00, 0x00, 0x00, 0x00, 0x00, 0x00, 0x00, 0x00, 0x00, 0x00, 0x00, 0x00, 0x00, 0x00, 0x00, 0x00, 0x00, 0x00, 0x00, 0x00, 0x00, 0x00, 0x00, 0x00, 0x00, 0x00, 0x00, 0x00, 0x00, 0x00, 0x00, 0x00, 0x00, 0x00, 0x00, 0x00, 0xe3, 0x18, 0xc3, 0x18, 0xa2, 0x18, 0xc3, 0x18, 0xc3, 0x20, 0xc3, 0x20, 0xc3, 0x20, 0xe3, 0x20, 0x03, 0x21, 0xe3, 0x20, 0xe3, 0x20, 0x04, 0x21, 0x04, 0x21, 0x04, 0x21, 0x04, 0x21, 0x04, 0x29, 0x24, 0x29, 0x24, 0x29, 0x24, 0x29, 0x24, 0x29, 0x24, 0x29, 0x24, 0x29, 0x44, 0x29, 0x24, 0x21, 0x10, 0xc6, 0xed, 0x8b, 0xed, 0x8b, 0x00, 0x00, 
  0x00, 0x00, 0x00, 0x00, 0x00, 0x00, 0x00, 0x00, 0x00, 0x00, 0x00, 0x00, 0x00, 0x00, 0x00, 0x00, 0x00, 0x00, 0x00, 0x00, 0x00, 0x00, 0x00, 0x00, 0x00, 0x00, 0x00, 0x00, 0x00, 0x00, 0x00, 0x00, 0x00, 0x00, 0x00, 0x00, 0x00, 0x00, 0x00, 0x00, 0x00, 0x00, 0x00, 0x00, 0x00, 0x00, 0x00, 0x00, 0x00, 0x00, 0xe3, 0x18, 0x62, 0x18, 0x82, 0x18, 0xc3, 0x18, 0xc3, 0x18, 0xc3, 0x18, 0xc3, 0x20, 0xe3, 0x20, 0xe3, 0x20, 0xe3, 0x20, 0xe3, 0x20, 0x04, 0x21, 0x04, 0x21, 0x04, 0x21, 0x04, 0x21, 0x04, 0x21, 0x04, 0x29, 0x24, 0x29, 0x24, 0x29, 0x24, 0x29, 0x24, 0x29, 0x24, 0x29, 0x44, 0x29, 0x44, 0x29, 0x24, 0x21, 0x75, 0xfd, 0xcd, 0x8b, 0xcc, 0x8b, 0x00, 0x00, 
  0x00, 0x00, 0x00, 0x00, 0x00, 0x00, 0x00, 0x00, 0x00, 0x00, 0x00, 0x00, 0x00, 0x00, 0x00, 0x00, 0x00, 0x00, 0x00, 0x00, 0x00, 0x00, 0x00, 0x00, 0x00, 0x00, 0x00, 0x00, 0x00, 0x00, 0x00, 0x00, 0x00, 0x00, 0x00, 0x00, 0x00, 0x00, 0x00, 0x00, 0x00, 0x00, 0x00, 0x00, 0x00, 0x00, 0x00, 0x00, 0x00, 0x00, 0x00, 0x18, 0x62, 0x10, 0xc3, 0x18, 0xc3, 0x18, 0xc3, 0x18, 0xc3, 0x18, 0xc3, 0x20, 0xe3, 0x20, 0xe3, 0x20, 0xe3, 0x20, 0xe3, 0x20, 0xe4, 0x20, 0x04, 0x21, 0x04, 0x21, 0x04, 0x21, 0x04, 0x21, 0x04, 0x29, 0x24, 0x29, 0x24, 0x29, 0x24, 0x29, 0x24, 0x29, 0x24, 0x29, 0x44, 0x29, 0x44, 0x29, 0x24, 0x21, 0x6b, 0xad, 0xcd, 0x83, 0xac, 0x83, 0x00, 0x00, 
  0x00, 0x00, 0x00, 0x00, 0x00, 0x00, 0x00, 0x00, 0x00, 0x00, 0x00, 0x00, 0x00, 0x00, 0x00, 0x00, 0x00, 0x00, 0x00, 0x00, 0x00, 0x00, 0x00, 0x00, 0x00, 0x00, 0x00, 0x00, 0x00, 0x00, 0x00, 0x00, 0x00, 0x00, 0x00, 0x00, 0x00, 0x00, 0x00, 0x00, 0x00, 0x00, 0x00, 0x00, 0x00, 0x00, 0x00, 0x00, 0x00, 0x00, 0x00, 0x00, 0xe3, 0x18, 0xc3, 0x18, 0xc3, 0x18, 0xa3, 0x18, 0xc3, 0x20, 0xc3, 0x20, 0xe3, 0x20, 0xe3, 0x18, 0x03, 0x21, 0xe3, 0x20, 0x04, 0x21, 0x04, 0x21, 0x04, 0x21, 0x04, 0x21, 0x04, 0x29, 0x04, 0x29, 0x24, 0x29, 0x24, 0x29, 0x24, 0x29, 0x24, 0x29, 0x24, 0x29, 0x44, 0x29, 0x44, 0x29, 0x24, 0x21, 0xf0, 0xff, 0xad, 0x83, 0xec, 0x83, 0x00, 0x00, 
  0x00, 0x00, 0x00, 0x00, 0x00, 0x00, 0x00, 0x00, 0x00, 0x00, 0x00, 0x00, 0x00, 0x00, 0x00, 0x00, 0x00, 0x00, 0x00, 0x00, 0x00, 0x00, 0x00, 0x00, 0x00, 0x00, 0x00, 0x00, 0x00, 0x00, 0x00, 0x00, 0x00, 0x00, 0x00, 0x00, 0x00, 0x00, 0x00, 0x00, 0x00, 0x00, 0x00, 0x00, 0x00, 0x00, 0x00, 0x00, 0x00, 0x00, 0xe3, 0x18, 0xe3, 0x18, 0xe3, 0x18, 0xa2, 0x18, 0xc3, 0x18, 0xc3, 0x18, 0xc3, 0x20, 0xe4, 0x20, 0xe3, 0x20, 0xe3, 0x20, 0xe3, 0x20, 0xe4, 0x20, 0x04, 0x21, 0x04, 0x21, 0x04, 0x21, 0x04, 0x21, 0x04, 0x29, 0x24, 0x29, 0x24, 0x29, 0x24, 0x29, 0x24, 0x29, 0x24, 0x29, 0x44, 0x29, 0x44, 0x29, 0x24, 0x21, 0x10, 0x84, 0xac, 0x83, 0xac, 0x83, 0x00, 0x00, 
  0x00, 0x00, 0x00, 0x00, 0x00, 0x00, 0x00, 0x00, 0x00, 0x00, 0x00, 0x00, 0x00, 0x00, 0x00, 0x00, 0x00, 0x00, 0x00, 0x00, 0x00, 0x00, 0x00, 0x00, 0x00, 0x00, 0x00, 0x00, 0x00, 0x00, 0x00, 0x00, 0x00, 0x00, 0x00, 0x00, 0x00, 0x00, 0x00, 0x00, 0x00, 0x00, 0x00, 0x00, 0x00, 0x00, 0x00, 0x00, 0x00, 0x00, 0xe3, 0x18, 0x62, 0x18, 0xc3, 0x18, 0xc3, 0x18, 0xc3, 0x18, 0xc3, 0x20, 0xc3, 0x20, 0xe3, 0x20, 0xe3, 0x20, 0xe3, 0x20, 0xe3, 0x20, 0xe4, 0x20, 0x04, 0x21, 0x04, 0x21, 0x04, 0x21, 0x04, 0x21, 0x04, 0x29, 0x24, 0x29, 0x24, 0x29, 0x24, 0x29, 0x24, 0x29, 0x24, 0x29, 0x44, 0x29, 0x44, 0x29, 0x24, 0x21, 0x10, 0x84, 0xac, 0x83, 0x6d, 0x83, 0x00, 0x00, 
  0x00, 0x00, 0x00, 0x00, 0x00, 0x00, 0x00, 0x00, 0x00, 0x00, 0x00, 0x00, 0x00, 0x00, 0x00, 0x00, 0x00, 0x00, 0x00, 0x00, 0x00, 0x00, 0x00, 0x00, 0x00, 0x00, 0x00, 0x00, 0x00, 0x00, 0x00, 0x00, 0x00, 0x00, 0x00, 0x00, 0x00, 0x00, 0x00, 0x00, 0x00, 0x00, 0x00, 0x00, 0x00, 0x00, 0x00, 0x00, 0x00, 0x00, 0x00, 0x18, 0x62, 0x10, 0xc3, 0x18, 0xc3, 0x18, 0xa3, 0x18, 0xc3, 0x20, 0xc3, 0x20, 0xe3, 0x20, 0xe3, 0x20, 0xe3, 0x20, 0xe4, 0x20, 0xe4, 0x20, 0x04, 0x21, 0x04, 0x21, 0x04, 0x21, 0x04, 0x29, 0x04, 0x29, 0x24, 0x29, 0x24, 0x29, 0x24, 0x29, 0x24, 0x29, 0x24, 0x29, 0x24, 0x29, 0x44, 0x29, 0x24, 0x21, 0xff, 0xff, 0x8c, 0x83, 0x8c, 0x83, 0x00, 0x00, 
  0x00, 0x00, 0x00, 0x00, 0x00, 0x00, 0x00, 0x00, 0x00, 0x00, 0x00, 0x00, 0x00, 0x00, 0x00, 0x00, 0x00, 0x00, 0x00, 0x00, 0x00, 0x00, 0x00, 0x00, 0x00, 0x00, 0x00, 0x00, 0x00, 0x00, 0x00, 0x00, 0x00, 0x00, 0x00, 0x00, 0x00, 0x00, 0x00, 0x00, 0x00, 0x00, 0x00, 0x00, 0x00, 0x00, 0x00, 0x00, 0x00, 0x00, 0xe4, 0x20, 0xe3, 0x18, 0x82, 0x18, 0xc3, 0x18, 0xc3, 0x18, 0xc3, 0x18, 0xc3, 0x20, 0xc3, 0x20, 0xe3, 0x20, 0xe3, 0x20, 0xe3, 0x20, 0xe4, 0x20, 0x04, 0x21, 0x04, 0x21, 0x04, 0x21, 0x04, 0x21, 0x04, 0x29, 0x24, 0x29, 0x24, 0x29, 0x24, 0x29, 0x24, 0x29, 0x24, 0x29, 0x44, 0x29, 0x44, 0x29, 0x24, 0x21, 0xff, 0xff, 0x6c, 0x7b, 0xab, 0x7b, 0x00, 0x00, 
  0x00, 0x00, 0x00, 0x00, 0x00, 0x00, 0x00, 0x00, 0x00, 0x00, 0x00, 0x00, 0x00, 0x00, 0x00, 0x00, 0x00, 0x00, 0x00, 0x00, 0x00, 0x00, 0x00, 0x00, 0x00, 0x00, 0x00, 0x00, 0x00, 0x00, 0x00, 0x00, 0x00, 0x00, 0x00, 0x00, 0x00, 0x00, 0x00, 0x00, 0x00, 0x00, 0x00, 0x00, 0x00, 0x00, 0x00, 0x00, 0x00, 0x00, 0x00, 0x00, 0xe3, 0x18, 0xc3, 0x18, 0xa2, 0x18, 0xc3, 0x18, 0xc3, 0x20, 0xc3, 0x20, 0xc3, 0x20, 0xe3, 0x20, 0x03, 0x21, 0xe3, 0x20, 0xe3, 0x20, 0x04, 0x21, 0x04, 0x21, 0x04, 0x21, 0x04, 0x21, 0x04, 0x29, 0x24, 0x29, 0x24, 0x29, 0x24, 0x29, 0x24, 0x29, 0x24, 0x29, 0x24, 0x29, 0x44, 0x29, 0x24, 0x21, 0x00, 0x00, 0x6c, 0x7b, 0x6b, 0x73, 0x00, 0x00, 
  0x00, 0x00, 0x00, 0x00, 0x00, 0x00, 0x00, 0x00, 0x00, 0x00, 0x00, 0x00, 0x00, 0x00, 0x00, 0x00, 0x00, 0x00, 0x00, 0x00, 0x00, 0x00, 0x00, 0x00, 0x00, 0x00, 0x00, 0x00, 0x00, 0x00, 0x00, 0x00, 0x00, 0x00, 0x00, 0x00, 0x00, 0x00, 0x00, 0x00, 0x00, 0x00, 0x00, 0x00, 0x00, 0x00, 0x00, 0x00, 0x00, 0x00, 0xe3, 0x18, 0x62, 0x18, 0x82, 0x18, 0xc3, 0x18, 0xc3, 0x18, 0xc3, 0x18, 0xc3, 0x20, 0xe3, 0x20, 0xe3, 0x20, 0xe3, 0x20, 0xe3, 0x20, 0x04, 0x21, 0x04, 0x21, 0x04, 0x21, 0x04, 0x21, 0x04, 0x21, 0x04, 0x29, 0x24, 0x29, 0x24, 0x29, 0x24, 0x29, 0x24, 0x29, 0x24, 0x29, 0x44, 0x29, 0x44, 0x29, 0x24, 0x21, 0x00, 0x00, 0x6c, 0x7b, 0x4c, 0x7b, 0x00, 0x00, 
  0x00, 0x00, 0x00, 0x00, 0x00, 0x00, 0x00, 0x00, 0x00, 0x00, 0x00, 0x00, 0x00, 0x00, 0x00, 0x00, 0x00, 0x00, 0x00, 0x00, 0x00, 0x00, 0x00, 0x00, 0x00, 0x00, 0x00, 0x00, 0x00, 0x00, 0x00, 0x00, 0x00, 0x00, 0x00, 0x00, 0x00, 0x00, 0x00, 0x00, 0x00, 0x00, 0x00, 0x00, 0x00, 0x00, 0x00, 0x00, 0x00, 0x00, 0x00, 0x18, 0x62, 0x10, 0xc3, 0x18, 0xc3, 0x18, 0xc3, 0x18, 0xc3, 0x18, 0xc3, 0x20, 0xe3, 0x20, 0xe3, 0x20, 0xe3, 0x20, 0xe3, 0x20, 0xe4, 0x20, 0x04, 0x21, 0x04, 0x21, 0x04, 0x21, 0x04, 0x21, 0x04, 0x29, 0x24, 0x29, 0x24, 0x29, 0x24, 0x29, 0x24, 0x29, 0x24, 0x29, 0x44, 0x29, 0x44, 0x29, 0x24, 0x21, 0x00, 0x00, 0x6c, 0x7b, 0x4c, 0x73, 0x00, 0x00, 
  0x00, 0x00, 0x00, 0x00, 0x00, 0x00, 0x00, 0x00, 0x00, 0x00, 0x00, 0x00, 0x00, 0x00, 0x00, 0x00, 0x00, 0x00, 0x00, 0x00, 0x00, 0x00, 0x00, 0x00, 0x00, 0x00, 0x00, 0x00, 0x00, 0x00, 0x00, 0x00, 0x00, 0x00, 0x00, 0x00, 0x00, 0x00, 0x00, 0x00, 0x00, 0x00, 0x00, 0x00, 0x00, 0x00, 0x00, 0x00, 0x00, 0x00, 0x00, 0x00, 0xe3, 0x18, 0xc3, 0x18, 0xc3, 0x18, 0xa3, 0x18, 0xc3, 0x20, 0xc3, 0x20, 0xe3, 0x20, 0xe3, 0x18, 0x03, 0x21, 0xe3, 0x20, 0x04, 0x21, 0x04, 0x21, 0x04, 0x21, 0x04, 0x21, 0x04, 0x29, 0x04, 0x29, 0x24, 0x29, 0x24, 0x29, 0x24, 0x29, 0x24, 0x29, 0x24, 0x29, 0x44, 0x29, 0x44, 0x29, 0x24, 0x21, 0x00, 0x00, 0x6b, 0x7b, 0x6b, 0x73, 0x00, 0x00, 
  0x00, 0x00, 0x00, 0x00, 0x00, 0x00, 0x00, 0x00, 0x00, 0x00, 0x00, 0x00, 0x00, 0x00, 0x00, 0x00, 0x00, 0x00, 0x00, 0x00, 0x00, 0x00, 0x00, 0x00, 0x00, 0x00, 0x00, 0x00, 0x00, 0x00, 0x00, 0x00, 0x00, 0x00, 0x00, 0x00, 0x00, 0x00, 0x00, 0x00, 0x00, 0x00, 0x00, 0x00, 0x00, 0x00, 0x00, 0x00, 0x00, 0x00, 0xe3, 0x18, 0xe3, 0x18, 0xe3, 0x18, 0xa2, 0x18, 0xc3, 0x18, 0xc3, 0x18, 0xc3, 0x20, 0xe4, 0x20, 0xe3, 0x20, 0xe3, 0x20, 0xe3, 0x20, 0xe4, 0x20, 0x04, 0x21, 0x04, 0x21, 0x04, 0x21, 0x04, 0x21, 0x04, 0x29, 0x24, 0x29, 0x24, 0x29, 0x24, 0x29, 0x24, 0x29, 0x24, 0x29, 0x44, 0x29, 0x44, 0x29, 0x24, 0x21, 0x00, 0x00, 0x4b, 0x7b, 0x4b, 0x73, 0x00, 0x00, 
  0x00, 0x00, 0x00, 0x00, 0x00, 0x00, 0x00, 0x00, 0x00, 0x00, 0x00, 0x00, 0x00, 0x00, 0x00, 0x00, 0x00, 0x00, 0x00, 0x00, 0x00, 0x00, 0x00, 0x00, 0x00, 0x00, 0x00, 0x00, 0x00, 0x00, 0x00, 0x00, 0x00, 0x00, 0x00, 0x00, 0x00, 0x00, 0x00, 0x00, 0x00, 0x00, 0x00, 0x00, 0x00, 0x00, 0x00, 0x00, 0x00, 0x00, 0xe3, 0x18, 0x62, 0x18, 0xc3, 0x18, 0xc3, 0x18, 0xc3, 0x18, 0xc3, 0x20, 0xc3, 0x20, 0xe3, 0x20, 0xe3, 0x20, 0xe3, 0x20, 0xe3, 0x20, 0xe4, 0x20, 0x04, 0x21, 0x04, 0x21, 0x04, 0x21, 0x04, 0x21, 0x04, 0x29, 0x24, 0x29, 0x24, 0x29, 0x24, 0x29, 0x24, 0x29, 0x24, 0x29, 0x44, 0x29, 0x44, 0x29, 0x24, 0x21, 0x00, 0x00, 0x4b, 0x73, 0x4b, 0x73, 0x00, 0x00, 
  0x00, 0x00, 0x00, 0x00, 0x00, 0x00, 0x00, 0x00, 0x00, 0x00, 0x00, 0x00, 0x00, 0x00, 0x00, 0x00, 0x00, 0x00, 0x00, 0x00, 0x00, 0x00, 0x00, 0x00, 0x00, 0x00, 0x00, 0x00, 0x00, 0x00, 0x00, 0x00, 0x00, 0x00, 0x00, 0x00, 0x00, 0x00, 0x00, 0x00, 0x00, 0x00, 0x00, 0x00, 0x00, 0x00, 0x00, 0x00, 0x00, 0x00, 0x00, 0x18, 0x62, 0x10, 0xc3, 0x18, 0xc3, 0x18, 0xa3, 0x18, 0xc3, 0x20, 0xc3, 0x20, 0xe3, 0x20, 0xe3, 0x20, 0xe3, 0x20, 0xe4, 0x20, 0xe4, 0x20, 0x04, 0x21, 0x04, 0x21, 0x04, 0x21, 0x04, 0x29, 0x04, 0x29, 0x24, 0x29, 0x24, 0x29, 0x24, 0x29, 0x24, 0x29, 0x24, 0x29, 0x24, 0x29, 0x44, 0x29, 0x24, 0x21, 0x00, 0x00, 0x4b, 0x7b, 0x0b, 0x73, 0x00, 0x00, 
  0x00, 0x00, 0x00, 0x00, 0x00, 0x00, 0x00, 0x00, 0x00, 0x00, 0x00, 0x00, 0x00, 0x00, 0x00, 0x00, 0x00, 0x00, 0x00, 0x00, 0x00, 0x00, 0x00, 0x00, 0x00, 0x00, 0x00, 0x00, 0x00, 0x00, 0x00, 0x00, 0x00, 0x00, 0x00, 0x00, 0x00, 0x00, 0x00, 0x00, 0x00, 0x00, 0x00, 0x00, 0x00, 0x00, 0x00, 0x00, 0x00, 0x00, 0xe4, 0x20, 0xe3, 0x18, 0x82, 0x18, 0xc3, 0x18, 0xc3, 0x18, 0xc3, 0x18, 0xc3, 0x20, 0xc3, 0x20, 0xe3, 0x20, 0xe3, 0x20, 0xe3, 0x20, 0xe4, 0x20, 0x04, 0x21, 0x04, 0x21, 0x04, 0x21, 0x04, 0x21, 0x04, 0x29, 0x24, 0x29, 0x24, 0x29, 0x24, 0x29, 0x24, 0x29, 0x24, 0x29, 0x44, 0x29, 0x44, 0x29, 0x24, 0x21, 0x00, 0x00, 0x4b, 0x73, 0x2b, 0x7b, 0x00, 0x00, 
  0x00, 0x00, 0x00, 0x00, 0x00, 0x00, 0x00, 0x00, 0x00, 0x00, 0x00, 0x00, 0x00, 0x00, 0x00, 0x00, 0x00, 0x00, 0x00, 0x00, 0x00, 0x00, 0x00, 0x00, 0x00, 0x00, 0x00, 0x00, 0x00, 0x00, 0x00, 0x00, 0x00, 0x00, 0x00, 0x00, 0x00, 0x00, 0x00, 0x00, 0x00, 0x00, 0x00, 0x00, 0x00, 0x00, 0x00, 0x00, 0x00, 0x00, 0x00, 0x00, 0xe3, 0x18, 0xc3, 0x18, 0xa2, 0x18, 0xc3, 0x18, 0xc3, 0x20, 0xc3, 0x20, 0xc3, 0x20, 0xe3, 0x20, 0x03, 0x21, 0xe3, 0x20, 0xe3, 0x20, 0x04, 0x21, 0x04, 0x21, 0x04, 0x21, 0x04, 0x21, 0x04, 0x29, 0x24, 0x29, 0x24, 0x29, 0x24, 0x29, 0x24, 0x29, 0x24, 0x29, 0x24, 0x29, 0x44, 0x29, 0x24, 0x21, 0x00, 0x00, 0x4b, 0x7b, 0x2b, 0x73, 0x00, 0x00, 
  0x00, 0x00, 0x00, 0x00, 0x00, 0x00, 0x00, 0x00, 0x00, 0x00, 0x00, 0x00, 0x00, 0x00, 0x00, 0x00, 0x00, 0x00, 0x00, 0x00, 0x00, 0x00, 0x00, 0x00, 0x00, 0x00, 0x00, 0x00, 0x00, 0x00, 0x00, 0x00, 0x00, 0x00, 0x00, 0x00, 0x00, 0x00, 0x00, 0x00, 0x00, 0x00, 0x00, 0x00, 0x00, 0x00, 0x00, 0x00, 0x00, 0x00, 0xe3, 0x18, 0x62, 0x18, 0x82, 0x18, 0xc3, 0x18, 0xc3, 0x18, 0xc3, 0x18, 0xc3, 0x20, 0xe3, 0x20, 0xe3, 0x20, 0xe3, 0x20, 0xe3, 0x20, 0x04, 0x21, 0x04, 0x21, 0x04, 0x21, 0x04, 0x21, 0x04, 0x21, 0x04, 0x29, 0x24, 0x29, 0x24, 0x29, 0x24, 0x29, 0x24, 0x29, 0x24, 0x29, 0x44, 0x29, 0x44, 0x29, 0x24, 0x21, 0x00, 0x00, 0x4b, 0x7b, 0x4c, 0x73, 0x00, 0x00, 
  0x00, 0x00, 0x00, 0x00, 0x00, 0x00, 0x00, 0x00, 0x00, 0x00, 0x00, 0x00, 0x00, 0x00, 0x00, 0x00, 0x00, 0x00, 0x00, 0x00, 0x00, 0x00, 0x00, 0x00, 0x00, 0x00, 0x00, 0x00, 0x00, 0x00, 0x00, 0x00, 0x00, 0x00, 0x00, 0x00, 0x00, 0x00, 0x00, 0x00, 0x00, 0x00, 0x00, 0x00, 0x00, 0x00, 0x00, 0x00, 0x00, 0x00, 0x00, 0x18, 0x62, 0x10, 0xc3, 0x18, 0xc3, 0x18, 0xc3, 0x18, 0xc3, 0x18, 0xc3, 0x20, 0xe3, 0x20, 0xe3, 0x20, 0xe3, 0x20, 0xe3, 0x20, 0xe4, 0x20, 0x04, 0x21, 0x04, 0x21, 0x04, 0x21, 0x04, 0x21, 0x04, 0x29, 0x24, 0x29, 0x24, 0x29, 0x24, 0x29, 0x24, 0x29, 0x24, 0x29, 0x44, 0x29, 0x44, 0x29, 0x24, 0x21, 0x00, 0x00, 0x4b, 0x7b, 0x4a, 0x73, 0x00, 0x00, 
  0x00, 0x00, 0x00, 0x00, 0x00, 0x00, 0x00, 0x00, 0x00, 0x00, 0x00, 0x00, 0x00, 0x00, 0x00, 0x00, 0x00, 0x00, 0x00, 0x00, 0x00, 0x00, 0x00, 0x00, 0x00, 0x00, 0x00, 0x00, 0x00, 0x00, 0x00, 0x00, 0x00, 0x00, 0x00, 0x00, 0x00, 0x00, 0x00, 0x00, 0x00, 0x00, 0x00, 0x00, 0x00, 0x00, 0x00, 0x00, 0x00, 0x00, 0x00, 0x00, 0xe3, 0x18, 0xc3, 0x18, 0xc3, 0x18, 0xa3, 0x18, 0xc3, 0x20, 0xc3, 0x20, 0xe3, 0x20, 0xe3, 0x18, 0x03, 0x21, 0xe3, 0x20, 0x04, 0x21, 0x04, 0x21, 0x04, 0x21, 0x04, 0x21, 0x04, 0x29, 0x04, 0x29, 0x24, 0x29, 0x24, 0x29, 0x24, 0x29, 0x24, 0x29, 0x24, 0x29, 0x44, 0x29, 0x44, 0x29, 0x24, 0x21, 0x00, 0x00, 0x4b, 0x73, 0x4a, 0x73, 0x00, 0x00, 
  0x00, 0x00, 0x00, 0x00, 0x00, 0x00, 0x00, 0x00, 0x00, 0x00, 0x00, 0x00, 0x00, 0x00, 0x00, 0x00, 0x00, 0x00, 0x00, 0x00, 0x00, 0x00, 0x00, 0x00, 0x00, 0x00, 0x00, 0x00, 0x00, 0x00, 0x00, 0x00, 0x00, 0x00, 0x00, 0x00, 0x00, 0x00, 0x00, 0x00, 0x00, 0x00, 0x00, 0x00, 0x00, 0x00, 0x00, 0x00, 0x00, 0x00, 0xe3, 0x18, 0xe3, 0x18, 0xe3, 0x18, 0xa2, 0x18, 0xc3, 0x18, 0xc3, 0x18, 0xc3, 0x20, 0xe4, 0x20, 0xe3, 0x20, 0xe3, 0x20, 0xe3, 0x20, 0xe4, 0x20, 0x04, 0x21, 0x04, 0x21, 0x04, 0x21, 0x04, 0x21, 0x04, 0x29, 0x24, 0x29, 0x24, 0x29, 0x24, 0x29, 0x24, 0x29, 0x24, 0x29, 0x44, 0x29, 0x44, 0x29, 0x24, 0x21, 0x00, 0x00, 0x4b, 0x73, 0x6b, 0x7b, 0x00, 0x00, 
  0x00, 0x00, 0x00, 0x00, 0x00, 0x00, 0x00, 0x00, 0x00, 0x00, 0x00, 0x00, 0x00, 0x00, 0x00, 0x00, 0x00, 0x00, 0x00, 0x00, 0x00, 0x00, 0x00, 0x00, 0x00, 0x00, 0x00, 0x00, 0x00, 0x00, 0x00, 0x00, 0x00, 0x00, 0x00, 0x00, 0x00, 0x00, 0x00, 0x00, 0x00, 0x00, 0x00, 0x00, 0x00, 0x00, 0x00, 0x00, 0x00, 0x00, 0xe3, 0x18, 0x62, 0x18, 0xc3, 0x18, 0xc3, 0x18, 0xc3, 0x18, 0xc3, 0x20, 0xc3, 0x20, 0xe3, 0x20, 0xe3, 0x20, 0xe3, 0x20, 0xe3, 0x20, 0xe4, 0x20, 0x04, 0x21, 0x04, 0x21, 0x04, 0x21, 0x04, 0x21, 0x04, 0x29, 0x24, 0x29, 0x24, 0x29, 0x24, 0x29, 0x24, 0x29, 0x24, 0x29, 0x44, 0x29, 0x44, 0x29, 0x24, 0x21, 0x00, 0x00, 0x4b, 0x73, 0x0b, 0x6b, 0x00, 0x00, 
  0x00, 0x00, 0x00, 0x00, 0x00, 0x00, 0x00, 0x00, 0x00, 0x00, 0x00, 0x00, 0x00, 0x00, 0x00, 0x00, 0x00, 0x00, 0x00, 0x00, 0x00, 0x00, 0x00, 0x00, 0x00, 0x00, 0x00, 0x00, 0x00, 0x00, 0x00, 0x00, 0x00, 0x00, 0x00, 0x00, 0x00, 0x00, 0x00, 0x00, 0x00, 0x00, 0x00, 0x00, 0x00, 0x00, 0x00, 0x00, 0x00, 0x00, 0x00, 0x18, 0x62, 0x10, 0xc3, 0x18, 0xc3, 0x18, 0xa3, 0x18, 0xc3, 0x20, 0xc3, 0x20, 0xe3, 0x20, 0xe3, 0x20, 0xe3, 0x20, 0xe4, 0x20, 0xe4, 0x20, 0x04, 0x21, 0x04, 0x21, 0x04, 0x21, 0x04, 0x29, 0x04, 0x29, 0x24, 0x29, 0x24, 0x29, 0x24, 0x29, 0x24, 0x29, 0x24, 0x29, 0x24, 0x29, 0x44, 0x29, 0x24, 0x21, 0x00, 0x00, 0x4b, 0x73, 0x2b, 0x73, 0x00, 0x00, 
  0x00, 0x00, 0x00, 0x00, 0x00, 0x00, 0x00, 0x00, 0x00, 0x00, 0x00, 0x00, 0x00, 0x00, 0x00, 0x00, 0x00, 0x00, 0x00, 0x00, 0x00, 0x00, 0x00, 0x00, 0x00, 0x00, 0x00, 0x00, 0x00, 0x00, 0x00, 0x00, 0x00, 0x00, 0x00, 0x00, 0x00, 0x00, 0x00, 0x00, 0x00, 0x00, 0x00, 0x00, 0x00, 0x00, 0x00, 0x00, 0x00, 0x00, 0xe4, 0x20, 0xe3, 0x18, 0x82, 0x18, 0xc3, 0x18, 0xc3, 0x18, 0xc3, 0x18, 0xc3, 0x20, 0xc3, 0x20, 0xe3, 0x20, 0xe3, 0x20, 0xe3, 0x20, 0xe4, 0x20, 0x04, 0x21, 0x04, 0x21, 0x04, 0x21, 0x04, 0x21, 0x04, 0x29, 0x24, 0x29, 0x24, 0x29, 0x24, 0x29, 0x24, 0x29, 0x24, 0x29, 0x44, 0x29, 0x44, 0x29, 0x24, 0x21, 0x00, 0x00, 0x4b, 0x73, 0x2b, 0x73, 0x00, 0x00, 
  0x00, 0x00, 0x00, 0x00, 0x00, 0x00, 0x00, 0x00, 0x00, 0x00, 0x00, 0x00, 0x00, 0x00, 0x00, 0x00, 0x00, 0x00, 0x00, 0x00, 0x00, 0x00, 0x00, 0x00, 0x00, 0x00, 0x00, 0x00, 0x00, 0x00, 0x00, 0x00, 0x00, 0x00, 0x00, 0x00, 0x00, 0x00, 0x00, 0x00, 0x00, 0x00, 0x00, 0x00, 0x00, 0x00, 0x00, 0x00, 0x00, 0x00, 0x00, 0x00, 0xe3, 0x18, 0xc3, 0x18, 0xa2, 0x18, 0xc3, 0x18, 0xc3, 0x20, 0xc3, 0x20, 0xc3, 0x20, 0xe3, 0x20, 0x03, 0x21, 0xe3, 0x20, 0xe3, 0x20, 0x04, 0x21, 0x04, 0x21, 0x04, 0x21, 0x04, 0x21, 0x04, 0x29, 0x24, 0x29, 0x24, 0x29, 0x24, 0x29, 0x24, 0x29, 0x24, 0x29, 0x24, 0x29, 0x44, 0x29, 0x24, 0x21, 0x00, 0x00, 0x2b, 0x73, 0x4c, 0x7b, 0x00, 0x00, 
  0x00, 0x00, 0x00, 0x00, 0x00, 0x00, 0x00, 0x00, 0x00, 0x00, 0x00, 0x00, 0x00, 0x00, 0x00, 0x00, 0x00, 0x00, 0x00, 0x00, 0x00, 0x00, 0x00, 0x00, 0x00, 0x00, 0x00, 0x00, 0x00, 0x00, 0x00, 0x00, 0x00, 0x00, 0x00, 0x00, 0x00, 0x00, 0x00, 0x00, 0x00, 0x00, 0x00, 0x00, 0x00, 0x00, 0x00, 0x00, 0x00, 0x00, 0xe3, 0x18, 0x62, 0x18, 0x82, 0x18, 0xc3, 0x18, 0xc3, 0x18, 0xc3, 0x18, 0xc3, 0x20, 0xe3, 0x20, 0xe3, 0x20, 0xe3, 0x20, 0xe3, 0x20, 0x04, 0x21, 0x04, 0x21, 0x04, 0x21, 0x04, 0x21, 0x04, 0x21, 0x04, 0x29, 0x24, 0x29, 0x24, 0x29, 0x24, 0x29, 0x24, 0x29, 0x24, 0x29, 0x44, 0x29, 0x44, 0x29, 0x24, 0x21, 0x00, 0x00, 0x2b, 0x73, 0x4a, 0x7b, 0x00, 0x00, 
  0x00, 0x00, 0x00, 0x00, 0x00, 0x00, 0x00, 0x00, 0x00, 0x00, 0x00, 0x00, 0x00, 0x00, 0x00, 0x00, 0x00, 0x00, 0x00, 0x00, 0x00, 0x00, 0x00, 0x00, 0x00, 0x00, 0x00, 0x00, 0x00, 0x00, 0x00, 0x00, 0x00, 0x00, 0x00, 0x00, 0x00, 0x00, 0x00, 0x00, 0x00, 0x00, 0x00, 0x00, 0x00, 0x00, 0x00, 0x00, 0x00, 0x00, 0x00, 0x18, 0x62, 0x10, 0xc3, 0x18, 0xc3, 0x18, 0xc3, 0x18, 0xc3, 0x18, 0xc3, 0x20, 0xe3, 0x20, 0xe3, 0x20, 0xe3, 0x20, 0xe3, 0x20, 0xe4, 0x20, 0x04, 0x21, 0x04, 0x21, 0x04, 0x21, 0x04, 0x21, 0x04, 0x29, 0x24, 0x29, 0x24, 0x29, 0x24, 0x29, 0x24, 0x29, 0x24, 0x29, 0x44, 0x29, 0x44, 0x29, 0x24, 0x21, 0x00, 0x00, 0x2b, 0x73, 0x4a, 0x7b, 0x00, 0x00, 
  0x00, 0x00, 0x00, 0x00, 0x00, 0x00, 0x00, 0x00, 0x00, 0x00, 0x00, 0x00, 0x00, 0x00, 0x00, 0x00, 0x00, 0x00, 0x00, 0x00, 0x00, 0x00, 0x00, 0x00, 0x00, 0x00, 0x00, 0x00, 0x00, 0x00, 0x00, 0x00, 0x00, 0x00, 0x00, 0x00, 0x00, 0x00, 0x00, 0x00, 0x00, 0x00, 0x00, 0x00, 0x00, 0x00, 0x00, 0x00, 0x00, 0x00, 0x00, 0x00, 0xe3, 0x18, 0xc3, 0x18, 0xc3, 0x18, 0xa3, 0x18, 0xc3, 0x20, 0xc3, 0x20, 0xe3, 0x20, 0xe3, 0x18, 0x03, 0x21, 0xe3, 0x20, 0x04, 0x21, 0x04, 0x21, 0x04, 0x21, 0x04, 0x21, 0x04, 0x29, 0x04, 0x29, 0x24, 0x29, 0x24, 0x29, 0x24, 0x29, 0x24, 0x29, 0x24, 0x29, 0x44, 0x29, 0x44, 0x29, 0x24, 0x21, 0x00, 0x00, 0x4b, 0x73, 0x0b, 0x73, 0x00, 0x00, 
  0x00, 0x00, 0x00, 0x00, 0x00, 0x00, 0x00, 0x00, 0x00, 0x00, 0x00, 0x00, 0x00, 0x00, 0x00, 0x00, 0x00, 0x00, 0x00, 0x00, 0x00, 0x00, 0x00, 0x00, 0x00, 0x00, 0x00, 0x00, 0x00, 0x00, 0x00, 0x00, 0x00, 0x00, 0x00, 0x00, 0x00, 0x00, 0x00, 0x00, 0x00, 0x00, 0x00, 0x00, 0x00, 0x00, 0x00, 0x00, 0x00, 0x00, 0xe3, 0x18, 0xe3, 0x18, 0xe3, 0x18, 0xa2, 0x18, 0xc3, 0x18, 0xc3, 0x18, 0xc3, 0x20, 0xe4, 0x20, 0xe3, 0x20, 0xe3, 0x20, 0xe3, 0x20, 0xe4, 0x20, 0x04, 0x21, 0x04, 0x21, 0x04, 0x21, 0x04, 0x21, 0x04, 0x29, 0x24, 0x29, 0x24, 0x29, 0x24, 0x29, 0x24, 0x29, 0x24, 0x29, 0x44, 0x29, 0x44, 0x29, 0x24, 0x21, 0x00, 0x00, 0x2b, 0x73, 0x0b, 0x73, 0x00, 0x00, 
  0x00, 0x00, 0x00, 0x00, 0x00, 0x00, 0x00, 0x00, 0x00, 0x00, 0x00, 0x00, 0x00, 0x00, 0x00, 0x00, 0x00, 0x00, 0x00, 0x00, 0x00, 0x00, 0x00, 0x00, 0x00, 0x00, 0x00, 0x00, 0x00, 0x00, 0x00, 0x00, 0x00, 0x00, 0x00, 0x00, 0x00, 0x00, 0x00, 0x00, 0x00, 0x00, 0x00, 0x00, 0x00, 0x00, 0x00, 0x00, 0x00, 0x00, 0xe3, 0x18, 0x62, 0x18, 0xc3, 0x18, 0xc3, 0x18, 0xc3, 0x18, 0xc3, 0x20, 0xc3, 0x20, 0xe3, 0x20, 0xe3, 0x20, 0xe3, 0x20, 0xe3, 0x20, 0xe4, 0x20, 0x04, 0x21, 0x04, 0x21, 0x04, 0x21, 0x04, 0x21, 0x04, 0x29, 0x24, 0x29, 0x24, 0x29, 0x24, 0x29, 0x24, 0x29, 0x24, 0x29, 0x44, 0x29, 0x44, 0x29, 0x24, 0x21, 0x00, 0x00, 0x2b, 0x73, 0x0b, 0x73, 0x00, 0x00, 
  0x00, 0x00, 0x00, 0x00, 0x00, 0x00, 0x00, 0x00, 0x00, 0x00, 0x00, 0x00, 0x00, 0x00, 0x00, 0x00, 0x00, 0x00, 0x00, 0x00, 0x00, 0x00, 0x00, 0x00, 0x00, 0x00, 0x00, 0x00, 0x00, 0x00, 0x00, 0x00, 0x00, 0x00, 0x00, 0x00, 0x00, 0x00, 0x00, 0x00, 0x00, 0x00, 0x00, 0x00, 0x00, 0x00, 0x00, 0x00, 0x00, 0x00, 0x00, 0x18, 0x62, 0x10, 0xc3, 0x18, 0xc3, 0x18, 0xa3, 0x18, 0xc3, 0x20, 0xc3, 0x20, 0xe3, 0x20, 0xe3, 0x20, 0xe3, 0x20, 0xe4, 0x20, 0xe4, 0x20, 0x04, 0x21, 0x04, 0x21, 0x04, 0x21, 0x04, 0x29, 0x04, 0x29, 0x24, 0x29, 0x24, 0x29, 0x24, 0x29, 0x24, 0x29, 0x24, 0x29, 0x24, 0x29, 0x44, 0x29, 0x24, 0x21, 0x00, 0x00, 0x4b, 0x73, 0x4b, 0x73, 0x00, 0x00, 
  0x00, 0x00, 0x00, 0x00, 0x00, 0x00, 0x00, 0x00, 0x00, 0x00, 0x00, 0x00, 0x00, 0x00, 0x00, 0x00, 0x00, 0x00, 0x00, 0x00, 0x00, 0x00, 0x00, 0x00, 0x00, 0x00, 0x00, 0x00, 0x00, 0x00, 0x00, 0x00, 0x00, 0x00, 0x00, 0x00, 0x00, 0x00, 0x00, 0x00, 0x00, 0x00, 0x00, 0x00, 0x00, 0x00, 0x00, 0x00, 0x00, 0x00, 0xe4, 0x20, 0xe3, 0x18, 0x82, 0x18, 0xc3, 0x18, 0xc3, 0x18, 0xc3, 0x18, 0xc3, 0x20, 0xc3, 0x20, 0xe3, 0x20, 0xe3, 0x20, 0xe3, 0x20, 0xe4, 0x20, 0x04, 0x21, 0x04, 0x21, 0x04, 0x21, 0x04, 0x21, 0x04, 0x29, 0x24, 0x29, 0x24, 0x29, 0x24, 0x29, 0x24, 0x29, 0x24, 0x29, 0x44, 0x29, 0x44, 0x29, 0x24, 0x21, 0x00, 0x00, 0x2b, 0x73, 0x4b, 0x73, 0x00, 0x00, 
  0x00, 0x00, 0x00, 0x00, 0x00, 0x00, 0x00, 0x00, 0x00, 0x00, 0x00, 0x00, 0x00, 0x00, 0x00, 0x00, 0x00, 0x00, 0x00, 0x00, 0x00, 0x00, 0x00, 0x00, 0x00, 0x00, 0x00, 0x00, 0x00, 0x00, 0x00, 0x00, 0x00, 0x00, 0x00, 0x00, 0x00, 0x00, 0x00, 0x00, 0x00, 0x00, 0x00, 0x00, 0x00, 0x00, 0x00, 0x00, 0x00, 0x00, 0x00, 0x00, 0xe3, 0x18, 0xc3, 0x18, 0xa2, 0x18, 0xc3, 0x18, 0xc3, 0x20, 0xc3, 0x20, 0xc3, 0x20, 0xe3, 0x20, 0x03, 0x21, 0xe3, 0x20, 0xe3, 0x20, 0x04, 0x21, 0x04, 0x21, 0x04, 0x21, 0x04, 0x21, 0x04, 0x29, 0x24, 0x29, 0x24, 0x29, 0x24, 0x29, 0x24, 0x29, 0x24, 0x29, 0x24, 0x29, 0x44, 0x29, 0x24, 0x21, 0x00, 0x00, 0x4b, 0x73, 0x6a, 0x6b, 0x00, 0x00, 
  0x00, 0x00, 0x00, 0x00, 0x00, 0x00, 0x00, 0x00, 0x00, 0x00, 0x00, 0x00, 0x00, 0x00, 0x00, 0x00, 0x00, 0x00, 0x00, 0x00, 0x00, 0x00, 0x00, 0x00, 0x00, 0x00, 0x00, 0x00, 0x00, 0x00, 0x00, 0x00, 0x00, 0x00, 0x00, 0x00, 0x00, 0x00, 0x00, 0x00, 0x00, 0x00, 0x00, 0x00, 0x00, 0x00, 0x00, 0x00, 0x00, 0x00, 0xe3, 0x18, 0x62, 0x18, 0x82, 0x18, 0xc3, 0x18, 0xc3, 0x18, 0xc3, 0x18, 0xc3, 0x20, 0xe3, 0x20, 0xe3, 0x20, 0xe3, 0x20, 0xe3, 0x20, 0x04, 0x21, 0x04, 0x21, 0x04, 0x21, 0x04, 0x21, 0x04, 0x21, 0x04, 0x29, 0x24, 0x29, 0x24, 0x29, 0x24, 0x29, 0x24, 0x29, 0x24, 0x29, 0x44, 0x29, 0x44, 0x29, 0x24, 0x21, 0x00, 0x00, 0x2b, 0x73, 0x0a, 0x6b, 0x00, 0x00, 
  0x00, 0x00, 0x00, 0x00, 0x00, 0x00, 0x00, 0x00, 0x00, 0x00, 0x00, 0x00, 0x00, 0x00, 0x00, 0x00, 0x00, 0x00, 0x00, 0x00, 0x00, 0x00, 0x00, 0x00, 0x00, 0x00, 0x00, 0x00, 0x00, 0x00, 0x00, 0x00, 0x00, 0x00, 0x00, 0x00, 0x00, 0x00, 0x00, 0x00, 0x00, 0x00, 0x00, 0x00, 0x00, 0x00, 0x00, 0x00, 0x00, 0x00, 0x00, 0x18, 0x62, 0x10, 0xc3, 0x18, 0xc3, 0x18, 0xc3, 0x18, 0xc3, 0x18, 0xc3, 0x20, 0xe3, 0x20, 0xe3, 0x20, 0xe3, 0x20, 0xe3, 0x20, 0xe4, 0x20, 0x04, 0x21, 0x04, 0x21, 0x04, 0x21, 0x04, 0x21, 0x04, 0x29, 0x24, 0x29, 0x24, 0x29, 0x24, 0x29, 0x24, 0x29, 0x24, 0x29, 0x44, 0x29, 0x44, 0x29, 0x24, 0x21, 0x00, 0x00, 0x4b, 0x73, 0x0a, 0x6b, 0x00, 0x00, 
  0x00, 0x00, 0x00, 0x00, 0x00, 0x00, 0x00, 0x00, 0x00, 0x00, 0x00, 0x00, 0x00, 0x00, 0x00, 0x00, 0x00, 0x00, 0x00, 0x00, 0x00, 0x00, 0x00, 0x00, 0x00, 0x00, 0x00, 0x00, 0x00, 0x00, 0x00, 0x00, 0x00, 0x00, 0x00, 0x00, 0x00, 0x00, 0x00, 0x00, 0x00, 0x00, 0x00, 0x00, 0x00, 0x00, 0x00, 0x00, 0x00, 0x00, 0x00, 0x00, 0xe3, 0x18, 0xc3, 0x18, 0xc3, 0x18, 0xa3, 0x18, 0xc3, 0x20, 0xc3, 0x20, 0xe3, 0x20, 0xe3, 0x18, 0x03, 0x21, 0xe3, 0x20, 0x04, 0x21, 0x04, 0x21, 0x04, 0x21, 0x04, 0x21, 0x04, 0x29, 0x04, 0x29, 0x24, 0x29, 0x24, 0x29, 0x24, 0x29, 0x24, 0x29, 0x24, 0x29, 0x44, 0x29, 0x44, 0x29, 0x24, 0x21, 0x00, 0x00, 0x2b, 0x73, 0x2b, 0x73, 0x00, 0x00, 
  0x00, 0x00, 0x00, 0x00, 0x00, 0x00, 0x00, 0x00, 0x00, 0x00, 0x00, 0x00, 0x00, 0x00, 0x00, 0x00, 0x00, 0x00, 0x00, 0x00, 0x00, 0x00, 0x00, 0x00, 0x00, 0x00, 0x00, 0x00, 0x00, 0x00, 0x00, 0x00, 0x00, 0x00, 0x00, 0x00, 0x00, 0x00, 0x00, 0x00, 0x00, 0x00, 0x00, 0x00, 0x00, 0x00, 0x00, 0x00, 0x00, 0x00, 0xe3, 0x18, 0xe3, 0x18, 0xe3, 0x18, 0xa2, 0x18, 0xc3, 0x18, 0xc3, 0x18, 0xc3, 0x20, 0xe4, 0x20, 0xe3, 0x20, 0xe3, 0x20, 0xe3, 0x20, 0xe4, 0x20, 0x04, 0x21, 0x04, 0x21, 0x04, 0x21, 0x04, 0x21, 0x04, 0x29, 0x24, 0x29, 0x24, 0x29, 0x24, 0x29, 0x24, 0x29, 0x24, 0x29, 0x44, 0x29, 0x44, 0x29, 0x24, 0x21, 0x00, 0x00, 0x4b, 0x73, 0x2b, 0x73, 0x00, 0x00, 
  0x00, 0x00, 0x00, 0x00, 0x00, 0x00, 0x00, 0x00, 0x00, 0x00, 0x00, 0x00, 0x00, 0x00, 0x00, 0x00, 0x00, 0x00, 0x00, 0x00, 0x00, 0x00, 0x00, 0x00, 0x00, 0x00, 0x00, 0x00, 0x00, 0x00, 0x00, 0x00, 0x00, 0x00, 0x00, 0x00, 0x00, 0x00, 0x00, 0x00, 0x00, 0x00, 0x00, 0x00, 0x00, 0x00, 0x00, 0x00, 0x00, 0x00, 0xe3, 0x18, 0x62, 0x18, 0xc3, 0x18, 0xc3, 0x18, 0xc3, 0x18, 0xc3, 0x20, 0xc3, 0x20, 0xe3, 0x20, 0xe3, 0x20, 0xe3, 0x20, 0xe3, 0x20, 0xe4, 0x20, 0x04, 0x21, 0x04, 0x21, 0x04, 0x21, 0x04, 0x21, 0x04, 0x29, 0x24, 0x29, 0x24, 0x29, 0x24, 0x29, 0x24, 0x29, 0x24, 0x29, 0x44, 0x29, 0x44, 0x29, 0x24, 0x21, 0x00, 0x00, 0x4b, 0x73, 0x4b, 0x7b, 0x00, 0x00, 
  0x00, 0x00, 0x00, 0x00, 0x00, 0x00, 0x00, 0x00, 0x00, 0x00, 0x00, 0x00, 0x00, 0x00, 0x00, 0x00, 0x00, 0x00, 0x00, 0x00, 0x00, 0x00, 0x00, 0x00, 0x00, 0x00, 0x00, 0x00, 0x00, 0x00, 0x00, 0x00, 0x00, 0x00, 0x00, 0x00, 0x00, 0x00, 0x00, 0x00, 0x00, 0x00, 0x00, 0x00, 0x00, 0x00, 0x00, 0x00, 0x00, 0x00, 0x00, 0x18, 0x62, 0x10, 0xc3, 0x18, 0xc3, 0x18, 0xa3, 0x18, 0xc3, 0x20, 0xc3, 0x20, 0xe3, 0x20, 0xe3, 0x20, 0xe3, 0x20, 0xe4, 0x20, 0xe4, 0x20, 0x04, 0x21, 0x04, 0x21, 0x04, 0x21, 0x04, 0x29, 0x04, 0x29, 0x24, 0x29, 0x24, 0x29, 0x24, 0x29, 0x24, 0x29, 0x24, 0x29, 0x24, 0x29, 0x44, 0x29, 0x24, 0x21, 0x00, 0x00, 0x4b, 0x73, 0x4b, 0x6b, 0x00, 0x00, 
  0x00, 0x00, 0x00, 0x00, 0x00, 0x00, 0x00, 0x00, 0x00, 0x00, 0x00, 0x00, 0x00, 0x00, 0x00, 0x00, 0x00, 0x00, 0x00, 0x00, 0x00, 0x00, 0x00, 0x00, 0x00, 0x00, 0x00, 0x00, 0x00, 0x00, 0x00, 0x00, 0x00, 0x00, 0x00, 0x00, 0x00, 0x00, 0x00, 0x00, 0x00, 0x00, 0x00, 0x00, 0x00, 0x00, 0x00, 0x00, 0x00, 0x00, 0xe4, 0x20, 0xe3, 0x18, 0x82, 0x18, 0xc3, 0x18, 0xc3, 0x18, 0xc3, 0x18, 0xc3, 0x20, 0xc3, 0x20, 0xe3, 0x20, 0xe3, 0x20, 0xe3, 0x20, 0xe4, 0x20, 0x04, 0x21, 0x04, 0x21, 0x04, 0x21, 0x04, 0x21, 0x04, 0x29, 0x24, 0x29, 0x24, 0x29, 0x24, 0x29, 0x24, 0x29, 0x24, 0x29, 0x44, 0x29, 0x44, 0x29, 0x24, 0x21, 0x00, 0x00, 0x2b, 0x73, 0x0a, 0x73, 0x00, 0x00, 
  0x00, 0x00, 0x00, 0x00, 0x00, 0x00, 0x00, 0x00, 0x00, 0x00, 0x00, 0x00, 0x00, 0x00, 0x00, 0x00, 0x00, 0x00, 0x00, 0x00, 0x00, 0x00, 0x00, 0x00, 0x00, 0x00, 0x00, 0x00, 0x00, 0x00, 0x00, 0x00, 0x00, 0x00, 0x00, 0x00, 0x00, 0x00, 0x00, 0x00, 0x00, 0x00, 0x00, 0x00, 0x00, 0x00, 0x00, 0x00, 0x00, 0x00, 0x00, 0x00, 0xe3, 0x18, 0xc3, 0x18, 0xa2, 0x18, 0xc3, 0x18, 0xc3, 0x20, 0xc3, 0x20, 0xc3, 0x20, 0xe3, 0x20, 0x03, 0x21, 0xe3, 0x20, 0xe3, 0x20, 0x04, 0x21, 0x04, 0x21, 0x04, 0x21, 0x04, 0x21, 0x04, 0x29, 0x24, 0x29, 0x24, 0x29, 0x24, 0x29, 0x24, 0x29, 0x24, 0x29, 0x24, 0x29, 0x44, 0x29, 0x24, 0x21, 0x00, 0x00, 0x2b, 0x73, 0x0a, 0x73, 0x00, 0x00, 
  0x00, 0x00, 0x00, 0x00, 0x00, 0x00, 0x00, 0x00, 0x00, 0x00, 0x00, 0x00, 0x00, 0x00, 0x00, 0x00, 0x00, 0x00, 0x00, 0x00, 0x00, 0x00, 0x00, 0x00, 0x00, 0x00, 0x00, 0x00, 0x00, 0x00, 0x00, 0x00, 0x00, 0x00, 0x00, 0x00, 0x00, 0x00, 0x00, 0x00, 0x00, 0x00, 0x00, 0x00, 0x00, 0x00, 0x00, 0x00, 0x00, 0x00, 0xe3, 0x18, 0x62, 0x18, 0x82, 0x18, 0xc3, 0x18, 0xc3, 0x18, 0xc3, 0x18, 0xc3, 0x20, 0xe3, 0x20, 0xe3, 0x20, 0xe3, 0x20, 0xe3, 0x20, 0x04, 0x21, 0x04, 0x21, 0x04, 0x21, 0x04, 0x21, 0x04, 0x21, 0x04, 0x29, 0x24, 0x29, 0x24, 0x29, 0x24, 0x29, 0x24, 0x29, 0x24, 0x29, 0x44, 0x29, 0x44, 0x29, 0x24, 0x21, 0x00, 0x00, 0x2b, 0x73, 0x0a, 0x73, 0x00, 0x00, 
  0x00, 0x00, 0x00, 0x00, 0x00, 0x00, 0x00, 0x00, 0x00, 0x00, 0x00, 0x00, 0x00, 0x00, 0x00, 0x00, 0x00, 0x00, 0x00, 0x00, 0x00, 0x00, 0x00, 0x00, 0x00, 0x00, 0x00, 0x00, 0x00, 0x00, 0x00, 0x00, 0x00, 0x00, 0x00, 0x00, 0x00, 0x00, 0x00, 0x00, 0x00, 0x00, 0x00, 0x00, 0x00, 0x00, 0x00, 0x00, 0x00, 0x00, 0x00, 0x18, 0x62, 0x10, 0xc3, 0x18, 0xc3, 0x18, 0xc3, 0x18, 0xc3, 0x18, 0xc3, 0x20, 0xe3, 0x20, 0xe3, 0x20, 0xe3, 0x20, 0xe3, 0x20, 0xe4, 0x20, 0x04, 0x21, 0x04, 0x21, 0x04, 0x21, 0x04, 0x21, 0x04, 0x29, 0x24, 0x29, 0x24, 0x29, 0x24, 0x29, 0x24, 0x29, 0x24, 0x29, 0x44, 0x29, 0x44, 0x29, 0x24, 0x21, 0x00, 0x00, 0x2b, 0x73, 0x4b, 0x7b, 0x00, 0x00, 
  0x00, 0x00, 0x00, 0x00, 0x00, 0x00, 0x00, 0x00, 0x00, 0x00, 0x00, 0x00, 0x00, 0x00, 0x00, 0x00, 0x00, 0x00, 0x00, 0x00, 0x00, 0x00, 0x00, 0x00, 0x00, 0x00, 0x00, 0x00, 0x00, 0x00, 0x00, 0x00, 0x00, 0x00, 0x00, 0x00, 0x00, 0x00, 0x00, 0x00, 0x00, 0x00, 0x00, 0x00, 0x00, 0x00, 0x00, 0x00, 0x00, 0x00, 0x00, 0x00, 0xe3, 0x18, 0xc3, 0x18, 0xc3, 0x18, 0xa3, 0x18, 0xc3, 0x20, 0xc3, 0x20, 0xe3, 0x20, 0xe3, 0x18, 0x03, 0x21, 0xe3, 0x20, 0x04, 0x21, 0x04, 0x21, 0x04, 0x21, 0x04, 0x21, 0x04, 0x29, 0x04, 0x29, 0x24, 0x29, 0x24, 0x29, 0x24, 0x29, 0x24, 0x29, 0x24, 0x29, 0x44, 0x29, 0x44, 0x29, 0x24, 0x21, 0x00, 0x00, 0x2b, 0x73, 0x4b, 0x6b, 0x00, 0x00, 
  0x00, 0x00, 0x00, 0x00, 0x00, 0x00, 0x00, 0x00, 0x00, 0x00, 0x00, 0x00, 0x00, 0x00, 0x00, 0x00, 0x00, 0x00, 0x00, 0x00, 0x00, 0x00, 0x00, 0x00, 0x00, 0x00, 0x00, 0x00, 0x00, 0x00, 0x00, 0x00, 0x00, 0x00, 0x00, 0x00, 0x00, 0x00, 0x00, 0x00, 0x00, 0x00, 0x00, 0x00, 0x00, 0x00, 0x00, 0x00, 0x00, 0x00, 0xe3, 0x18, 0xe3, 0x18, 0xe3, 0x18, 0xa2, 0x18, 0xc3, 0x18, 0xc3, 0x18, 0xc3, 0x20, 0xe4, 0x20, 0xe3, 0x20, 0xe3, 0x20, 0xe3, 0x20, 0xe4, 0x20, 0x04, 0x21, 0x04, 0x21, 0x04, 0x21, 0x04, 0x21, 0x04, 0x29, 0x24, 0x29, 0x24, 0x29, 0x24, 0x29, 0x24, 0x29, 0x24, 0x29, 0x44, 0x29, 0x44, 0x29, 0x24, 0x21, 0x00, 0x00, 0x2b, 0x73, 0x6b, 0x73, 0x00, 0x00, 
  0x00, 0x00, 0x00, 0x00, 0x00, 0x00, 0x00, 0x00, 0x00, 0x00, 0x00, 0x00, 0x00, 0x00, 0x00, 0x00, 0x00, 0x00, 0x00, 0x00, 0x00, 0x00, 0x00, 0x00, 0x00, 0x00, 0x00, 0x00, 0x00, 0x00, 0x00, 0x00, 0x00, 0x00, 0x00, 0x00, 0x00, 0x00, 0x00, 0x00, 0x00, 0x00, 0x00, 0x00, 0x00, 0x00, 0x00, 0x00, 0x00, 0x00, 0xe3, 0x18, 0x62, 0x18, 0xc3, 0x18, 0xc3, 0x18, 0xc3, 0x18, 0xc3, 0x20, 0xc3, 0x20, 0xe3, 0x20, 0xe3, 0x20, 0xe3, 0x20, 0xe3, 0x20, 0xe4, 0x20, 0x04, 0x21, 0x04, 0x21, 0x04, 0x21, 0x04, 0x21, 0x04, 0x29, 0x24, 0x29, 0x24, 0x29, 0x24, 0x29, 0x24, 0x29, 0x24, 0x29, 0x44, 0x29, 0x44, 0x29, 0x24, 0x21, 0x00, 0x00, 0x2b, 0x73, 0x6b, 0x73, 0x00, 0x00, 
  0x00, 0x00, 0x00, 0x00, 0x00, 0x00, 0x00, 0x00, 0x00, 0x00, 0x00, 0x00, 0x00, 0x00, 0x00, 0x00, 0x00, 0x00, 0x00, 0x00, 0x00, 0x00, 0x00, 0x00, 0x00, 0x00, 0x00, 0x00, 0x00, 0x00, 0x00, 0x00, 0x00, 0x00, 0x00, 0x00, 0x00, 0x00, 0x00, 0x00, 0x00, 0x00, 0x00, 0x00, 0x00, 0x00, 0x00, 0x00, 0x00, 0x00, 0x00, 0x18, 0x62, 0x10, 0xc3, 0x18, 0xc3, 0x18, 0xa3, 0x18, 0xc3, 0x20, 0xc3, 0x20, 0xe3, 0x20, 0xe3, 0x20, 0xe3, 0x20, 0xe4, 0x20, 0xe4, 0x20, 0x04, 0x21, 0x04, 0x21, 0x04, 0x21, 0x04, 0x29, 0x04, 0x29, 0x24, 0x29, 0x24, 0x29, 0x24, 0x29, 0x24, 0x29, 0x24, 0x29, 0x24, 0x29, 0x44, 0x29, 0x24, 0x21, 0x00, 0x00, 0x4b, 0x73, 0xe9, 0x72, 0x00, 0x00, 
  0x00, 0x00, 0x00, 0x00, 0x00, 0x00, 0x00, 0x00, 0x00, 0x00, 0x00, 0x00, 0x00, 0x00, 0x00, 0x00, 0x00, 0x00, 0x00, 0x00, 0x00, 0x00, 0x00, 0x00, 0x00, 0x00, 0x00, 0x00, 0x00, 0x00, 0x00, 0x00, 0x00, 0x00, 0x00, 0x00, 0x00, 0x00, 0x00, 0x00, 0x00, 0x00, 0x00, 0x00, 0x00, 0x00, 0x00, 0x00, 0x00, 0x00, 0xe4, 0x20, 0xe3, 0x18, 0x82, 0x18, 0xc3, 0x18, 0xc3, 0x18, 0xc3, 0x18, 0xc3, 0x20, 0xc3, 0x20, 0xe3, 0x20, 0xe3, 0x20, 0xe3, 0x20, 0xe4, 0x20, 0x04, 0x21, 0x04, 0x21, 0x04, 0x21, 0x04, 0x21, 0x04, 0x29, 0x24, 0x29, 0x24, 0x29, 0x24, 0x29, 0x24, 0x29, 0x24, 0x29, 0x44, 0x29, 0x44, 0x29, 0x24, 0x21, 0x00, 0x00, 0x4b, 0x73, 0x2a, 0x7b, 0x00, 0x00, 
  0x00, 0x00, 0x00, 0x00, 0x00, 0x00, 0x00, 0x00, 0x00, 0x00, 0x00, 0x00, 0x00, 0x00, 0x00, 0x00, 0x00, 0x00, 0x00, 0x00, 0x00, 0x00, 0x00, 0x00, 0x00, 0x00, 0x00, 0x00, 0x00, 0x00, 0x00, 0x00, 0x00, 0x00, 0x00, 0x00, 0x00, 0x00, 0x00, 0x00, 0x00, 0x00, 0x00, 0x00, 0x00, 0x00, 0x00, 0x00, 0x00, 0x00, 0x00, 0x00, 0xe3, 0x18, 0xc3, 0x18, 0xa2, 0x18, 0xc3, 0x18, 0xc3, 0x20, 0xc3, 0x20, 0xc3, 0x20, 0xe3, 0x20, 0x03, 0x21, 0xe3, 0x20, 0xe3, 0x20, 0x04, 0x21, 0x04, 0x21, 0x04, 0x21, 0x04, 0x21, 0x04, 0x29, 0x24, 0x29, 0x24, 0x29, 0x24, 0x29, 0x24, 0x29, 0x24, 0x29, 0x24, 0x29, 0x44, 0x29, 0x24, 0x21, 0x00, 0x00, 0x2b, 0x73, 0x2a, 0x7b, 0x00, 0x00, 
  0x00, 0x00, 0x00, 0x00, 0x00, 0x00, 0x00, 0x00, 0x00, 0x00, 0x00, 0x00, 0x00, 0x00, 0x00, 0x00, 0x00, 0x00, 0x00, 0x00, 0x00, 0x00, 0x00, 0x00, 0x00, 0x00, 0x00, 0x00, 0x00, 0x00, 0x00, 0x00, 0x00, 0x00, 0x00, 0x00, 0x00, 0x00, 0x00, 0x00, 0x00, 0x00, 0x00, 0x00, 0x00, 0x00, 0x00, 0x00, 0x00, 0x00, 0xe3, 0x18, 0x62, 0x18, 0x82, 0x18, 0xc3, 0x18, 0xc3, 0x18, 0xc3, 0x18, 0xc3, 0x20, 0xe3, 0x20, 0xe3, 0x20, 0xe3, 0x20, 0xe3, 0x20, 0x04, 0x21, 0x04, 0x21, 0x04, 0x21, 0x04, 0x21, 0x04, 0x21, 0x04, 0x29, 0x24, 0x29, 0x24, 0x29, 0x24, 0x29, 0x24, 0x29, 0x24, 0x29, 0x44, 0x29, 0x44, 0x29, 0x24, 0x21, 0x00, 0x00, 0x2b, 0x73, 0x6b, 0x6b, 0x00, 0x00, 
  0x00, 0x00, 0x00, 0x00, 0x00, 0x00, 0x00, 0x00, 0x00, 0x00, 0x00, 0x00, 0x00, 0x00, 0x00, 0x00, 0x00, 0x00, 0x00, 0x00, 0x00, 0x00, 0x00, 0x00, 0x00, 0x00, 0x00, 0x00, 0x00, 0x00, 0x00, 0x00, 0x00, 0x00, 0x00, 0x00, 0x00, 0x00, 0x00, 0x00, 0x00, 0x00, 0x00, 0x00, 0x00, 0x00, 0x00, 0x00, 0x00, 0x00, 0x00, 0x18, 0x62, 0x10, 0xc3, 0x18, 0xc3, 0x18, 0xc3, 0x18, 0xc3, 0x18, 0xc3, 0x20, 0xe3, 0x20, 0xe3, 0x20, 0xe3, 0x20, 0xe3, 0x20, 0xe4, 0x20, 0x04, 0x21, 0x04, 0x21, 0x04, 0x21, 0x04, 0x21, 0x04, 0x29, 0x24, 0x29, 0x24, 0x29, 0x24, 0x29, 0x24, 0x29, 0x24, 0x29, 0x44, 0x29, 0x44, 0x29, 0x24, 0x21, 0x00, 0x00, 0x2b, 0x7b, 0x6b, 0x6b, 0x00, 0x00, 
  0x00, 0x00, 0x00, 0x00, 0x00, 0x00, 0x00, 0x00, 0x00, 0x00, 0x00, 0x00, 0x00, 0x00, 0x00, 0x00, 0x00, 0x00, 0x00, 0x00, 0x00, 0x00, 0x00, 0x00, 0x00, 0x00, 0x00, 0x00, 0x00, 0x00, 0x00, 0x00, 0x00, 0x00, 0x00, 0x00, 0x00, 0x00, 0x00, 0x00, 0x00, 0x00, 0x00, 0x00, 0x00, 0x00, 0x00, 0x00, 0x00, 0x00, 0x00, 0x00, 0xe3, 0x18, 0xc3, 0x18, 0xc3, 0x18, 0xa3, 0x18, 0xc3, 0x20, 0xc3, 0x20, 0xe3, 0x20, 0xe3, 0x18, 0x03, 0x21, 0xe3, 0x20, 0x04, 0x21, 0x04, 0x21, 0x04, 0x21, 0x04, 0x21, 0x04, 0x29, 0x04, 0x29, 0x24, 0x29, 0x24, 0x29, 0x24, 0x29, 0x24, 0x29, 0x24, 0x29, 0x44, 0x29, 0x44, 0x29, 0x24, 0x21, 0x00, 0x00, 0x4b, 0x73, 0xab, 0x6a, 0x00, 0x00, 
  0x00, 0x00, 0x00, 0x00, 0x00, 0x00, 0x00, 0x00, 0x00, 0x00, 0x00, 0x00, 0x00, 0x00, 0x00, 0x00, 0x00, 0x00, 0x00, 0x00, 0x00, 0x00, 0x00, 0x00, 0x00, 0x00, 0x00, 0x00, 0x00, 0x00, 0x00, 0x00, 0x00, 0x00, 0x00, 0x00, 0x00, 0x00, 0x00, 0x00, 0x00, 0x00, 0x00, 0x00, 0x00, 0x00, 0x00, 0x00, 0x00, 0x00, 0xe3, 0x18, 0xe3, 0x18, 0xe3, 0x18, 0xa2, 0x18, 0xc3, 0x18, 0xc3, 0x18, 0xc3, 0x20, 0xe4, 0x20, 0xe3, 0x20, 0xe3, 0x20, 0xe3, 0x20, 0xe4, 0x20, 0x04, 0x21, 0x04, 0x21, 0x04, 0x21, 0x04, 0x21, 0x04, 0x29, 0x24, 0x29, 0x24, 0x29, 0x24, 0x29, 0x24, 0x29, 0x24, 0x29, 0x44, 0x29, 0x44, 0x29, 0x24, 0x21, 0x00, 0x00, 0x2b, 0x73, 0xec, 0x7a, 0x00, 0x00, 
  0x00, 0x00, 0x00, 0x00, 0x00, 0x00, 0x00, 0x00, 0x00, 0x00, 0x00, 0x00, 0x00, 0x00, 0x00, 0x00, 0x00, 0x00, 0x00, 0x00, 0x00, 0x00, 0x00, 0x00, 0x00, 0x00, 0x00, 0x00, 0x00, 0x00, 0x00, 0x00, 0x00, 0x00, 0x00, 0x00, 0x00, 0x00, 0x00, 0x00, 0x00, 0x00, 0x00, 0x00, 0x00, 0x00, 0x00, 0x00, 0x00, 0x00, 0xe3, 0x18, 0x62, 0x18, 0xc3, 0x18, 0xc3, 0x18, 0xc3, 0x18, 0xc3, 0x20, 0xc3, 0x20, 0xe3, 0x20, 0xe3, 0x20, 0xe3, 0x20, 0xe3, 0x20, 0xe4, 0x20, 0x04, 0x21, 0x04, 0x21, 0x04, 0x21, 0x04, 0x21, 0x04, 0x29, 0x24, 0x29, 0x24, 0x29, 0x24, 0x29, 0x24, 0x29, 0x24, 0x29, 0x44, 0x29, 0x44, 0x29, 0x24, 0x21, 0x00, 0x00, 0x2b, 0x7b, 0xec, 0x7a, 0x00, 0x00, 
  0x00, 0x00, 0x00, 0x00, 0x00, 0x00, 0x00, 0x00, 0x00, 0x00, 0x00, 0x00, 0x00, 0x00, 0x00, 0x00, 0x00, 0x00, 0x00, 0x00, 0x00, 0x00, 0x00, 0x00, 0x00, 0x00, 0x00, 0x00, 0x00, 0x00, 0x00, 0x00, 0x00, 0x00, 0x00, 0x00, 0x00, 0x00, 0x00, 0x00, 0x00, 0x00, 0x00, 0x00, 0x00, 0x00, 0x00, 0x00, 0x00, 0x00, 0x00, 0x18, 0x62, 0x10, 0xc3, 0x18, 0xc3, 0x18, 0xa3, 0x18, 0xc3, 0x20, 0xc3, 0x20, 0xe3, 0x20, 0xe3, 0x20, 0xe3, 0x20, 0xe4, 0x20, 0xe4, 0x20, 0x04, 0x21, 0x04, 0x21, 0x04, 0x21, 0x04, 0x29, 0x04, 0x29, 0x24, 0x29, 0x24, 0x29, 0x24, 0x29, 0x24, 0x29, 0x24, 0x29, 0x24, 0x29, 0x44, 0x29, 0x24, 0x21, 0x00, 0x00, 0x2b, 0x73, 0x4a, 0x6b, 0x00, 0x00, 
  0x00, 0x00, 0x00, 0x00, 0x00, 0x00, 0x00, 0x00, 0x00, 0x00, 0x00, 0x00, 0x00, 0x00, 0x00, 0x00, 0x00, 0x00, 0x00, 0x00, 0x00, 0x00, 0x00, 0x00, 0x00, 0x00, 0x00, 0x00, 0x00, 0x00, 0x00, 0x00, 0x00, 0x00, 0x00, 0x00, 0x00, 0x00, 0x00, 0x00, 0x00, 0x00, 0x00, 0x00, 0x00, 0x00, 0x00, 0x00, 0x00, 0x00, 0xe4, 0x20, 0xe3, 0x18, 0x82, 0x18, 0xc3, 0x18, 0xc3, 0x18, 0xc3, 0x18, 0xc3, 0x20, 0xc3, 0x20, 0xe3, 0x20, 0xe3, 0x20, 0xe3, 0x20, 0xe4, 0x20, 0x04, 0x21, 0x04, 0x21, 0x04, 0x21, 0x04, 0x21, 0x04, 0x29, 0x24, 0x29, 0x24, 0x29, 0x24, 0x29, 0x24, 0x29, 0x24, 0x29, 0x44, 0x29, 0x44, 0x29, 0x24, 0x21, 0x00, 0x00, 0x2b, 0x73, 0x4a, 0x6b, 0x00, 0x00, 
  0x00, 0x00, 0x00, 0x00, 0x00, 0x00, 0x00, 0x00, 0x00, 0x00, 0x00, 0x00, 0x00, 0x00, 0x00, 0x00, 0x00, 0x00, 0x00, 0x00, 0x00, 0x00, 0x00, 0x00, 0x00, 0x00, 0x00, 0x00, 0x00, 0x00, 0x00, 0x00, 0x00, 0x00, 0x00, 0x00, 0x00, 0x00, 0x00, 0x00, 0x00, 0x00, 0x00, 0x00, 0x00, 0x00, 0x00, 0x00, 0x00, 0x00, 0x00, 0x00, 0xe3, 0x18, 0xc3, 0x18, 0xa2, 0x18, 0xc3, 0x18, 0xc3, 0x20, 0xc3, 0x20, 0xc3, 0x20, 0xe3, 0x20, 0x03, 0x21, 0xe3, 0x20, 0xe3, 0x20, 0x04, 0x21, 0x04, 0x21, 0x04, 0x21, 0x04, 0x21, 0x04, 0x29, 0x24, 0x29, 0x24, 0x29, 0x24, 0x29, 0x24, 0x29, 0x24, 0x29, 0x24, 0x29, 0x44, 0x29, 0x24, 0x21, 0x00, 0x00, 0x4b, 0x7b, 0x4a, 0x6b, 0x00, 0x00, 
  0x00, 0x00, 0x00, 0x00, 0x00, 0x00, 0x00, 0x00, 0x00, 0x00, 0x00, 0x00, 0x00, 0x00, 0x00, 0x00, 0x00, 0x00, 0x00, 0x00, 0x00, 0x00, 0x00, 0x00, 0x00, 0x00, 0x00, 0x00, 0x00, 0x00, 0x00, 0x00, 0x00, 0x00, 0x00, 0x00, 0x00, 0x00, 0x00, 0x00, 0x00, 0x00, 0x00, 0x00, 0x00, 0x00, 0x00, 0x00, 0x00, 0x00, 0xe3, 0x18, 0x62, 0x18, 0x82, 0x18, 0xc3, 0x18, 0xc3, 0x18, 0xc3, 0x18, 0xc3, 0x20, 0xe3, 0x20, 0xe3, 0x20, 0xe3, 0x20, 0xe3, 0x20, 0x04, 0x21, 0x04, 0x21, 0x04, 0x21, 0x04, 0x21, 0x04, 0x21, 0x04, 0x29, 0x24, 0x29, 0x24, 0x29, 0x24, 0x29, 0x24, 0x29, 0x24, 0x29, 0x44, 0x29, 0x44, 0x29, 0x60, 0x29, 0x00, 0x00, 0x2b, 0x73, 0x8b, 0x73, 0x00, 0x00, 
  0x00, 0x00, 0x00, 0x00, 0x00, 0x00, 0x00, 0x00, 0x00, 0x00, 0x00, 0x00, 0x00, 0x00, 0x00, 0x00, 0x00, 0x00, 0x00, 0x00, 0x00, 0x00, 0x00, 0x00, 0x00, 0x00, 0x00, 0x00, 0x00, 0x00, 0x00, 0x00, 0x00, 0x00, 0x00, 0x00, 0x00, 0x00, 0x00, 0x00, 0x00, 0x00, 0x00, 0x00, 0x00, 0x00, 0x00, 0x00, 0x00, 0x00, 0x00, 0x18, 0x62, 0x10, 0xc3, 0x18, 0xc3, 0x18, 0xc3, 0x18, 0xc3, 0x18, 0xc3, 0x20, 0xe3, 0x20, 0xe3, 0x20, 0xe3, 0x20, 0xe3, 0x20, 0xe4, 0x20, 0x04, 0x21, 0x04, 0x21, 0x04, 0x21, 0x04, 0x21, 0x04, 0x29, 0x24, 0x29, 0x24, 0x29, 0x24, 0x29, 0x24, 0x29, 0x24, 0x29, 0x44, 0x29, 0x25, 0x29, 0x00, 0x00, 0x00, 0x84, 0x2b, 0x73, 0xab, 0x72, 0x00, 0x00, 
  0x00, 0x00, 0x00, 0x00, 0x00, 0x00, 0x00, 0x00, 0x00, 0x00, 0x00, 0x00, 0x00, 0x00, 0x00, 0x00, 0x00, 0x00, 0x00, 0x00, 0x00, 0x00, 0x00, 0x00, 0x00, 0x00, 0x00, 0x00, 0x00, 0x00, 0x00, 0x00, 0x00, 0x00, 0x00, 0x00, 0x00, 0x00, 0x00, 0x00, 0x00, 0x00, 0x00, 0x00, 0x00, 0x00, 0x00, 0x00, 0x00, 0x00, 0x00, 0x00, 0xe3, 0x18, 0xc3, 0x18, 0xc3, 0x18, 0xa3, 0x18, 0xc3, 0x20, 0xc3, 0x20, 0xe3, 0x20, 0xe3, 0x18, 0x03, 0x21, 0xe3, 0x20, 0x04, 0x21, 0x04, 0x21, 0x04, 0x21, 0x04, 0x21, 0x04, 0x29, 0x04, 0x29, 0x24, 0x29, 0x24, 0x29, 0x24, 0x29, 0x24, 0x29, 0x44, 0x29, 0x43, 0x29, 0x00, 0x00, 0x00, 0x80, 0x4b, 0x73, 0x2b, 0x73, 0x00, 0x00, 0x00, 0x00, 
  0x00, 0x00, 0x00, 0x00, 0x00, 0x00, 0x00, 0x00, 0x00, 0x00, 0x00, 0x00, 0x00, 0x00, 0x00, 0x00, 0x00, 0x00, 0x00, 0x00, 0x00, 0x00, 0x00, 0x00, 0x00, 0x00, 0x00, 0x00, 0x00, 0x00, 0x00, 0x00, 0x00, 0x00, 0x00, 0x00, 0x00, 0x00, 0x00, 0x00, 0x00, 0x00, 0x00, 0x00, 0x00, 0x00, 0x00, 0x00, 0x00, 0x00, 0xe3, 0x18, 0xe3, 0x18, 0xe3, 0x18, 0xa2, 0x18, 0xc3, 0x18, 0xc3, 0x18, 0xc3, 0x20, 0xe4, 0x20, 0xe3, 0x20, 0xe3, 0x20, 0xe3, 0x20, 0xe4, 0x20, 0x04, 0x21, 0x04, 0x21, 0x04, 0x21, 0x04, 0x21, 0x04, 0x29, 0x24, 0x29, 0x24, 0x29, 0x24, 0x29, 0x24, 0x29, 0x43, 0x29, 0x00, 0x00, 0x00, 0x80, 0x4b, 0x73, 0x2b, 0x73, 0x00, 0x00, 0x00, 0x00, 0x00, 0x00, 
  0x00, 0x00, 0x00, 0x00, 0x00, 0x00, 0x00, 0x00, 0x00, 0x00, 0x00, 0x00, 0x00, 0x00, 0x00, 0x00, 0x00, 0x00, 0x00, 0x00, 0x00, 0x00, 0x00, 0x00, 0x00, 0x00, 0x00, 0x00, 0x00, 0x00, 0x00, 0x00, 0x00, 0x00, 0x00, 0x00, 0x00, 0x00, 0x00, 0x00, 0x00, 0x00, 0x00, 0x00, 0x00, 0x00, 0x00, 0x00, 0x00, 0x00, 0xe3, 0x18, 0x62, 0x18, 0xc3, 0x18, 0xc3, 0x18, 0xc3, 0x18, 0xc3, 0x20, 0xc3, 0x20, 0xe3, 0x20, 0xe3, 0x20, 0xe3, 0x20, 0xe3, 0x20, 0xe4, 0x20, 0x04, 0x21, 0x04, 0x21, 0x04, 0x21, 0x04, 0x21, 0x04, 0x29, 0x24, 0x29, 0x24, 0x29, 0x24, 0x29, 0xe3, 0x28, 0x00, 0x00, 0x00, 0x80, 0x2b, 0x73, 0x2b, 0x7b, 0x00, 0x00, 0x00, 0x00, 0x00, 0x00, 0x00, 0x00, 
  0x00, 0x00, 0x00, 0x00, 0x00, 0x00, 0x00, 0x00, 0x00, 0x00, 0x00, 0x00, 0x00, 0x00, 0x00, 0x00, 0x00, 0x00, 0x00, 0x00, 0x00, 0x00, 0x00, 0x00, 0x00, 0x00, 0x00, 0x00, 0x00, 0x00, 0x00, 0x00, 0x00, 0x00, 0x00, 0x00, 0x00, 0x00, 0x00, 0x00, 0x00, 0x00, 0x00, 0x00, 0x00, 0x00, 0x00, 0x00, 0x00, 0x00, 0x00, 0x18, 0x62, 0x10, 0xc3, 0x18, 0xc3, 0x18, 0xa3, 0x18, 0xc3, 0x20, 0xc3, 0x20, 0xe3, 0x20, 0xe3, 0x20, 0xe3, 0x20, 0xe4, 0x20, 0xe4, 0x20, 0x04, 0x21, 0x04, 0x21, 0x04, 0x21, 0x04, 0x29, 0x04, 0x29, 0x24, 0x29, 0x24, 0x29, 0xe4, 0x20, 0x00, 0x00, 0x00, 0x00, 0x2b, 0x73, 0x2b, 0x73, 0x00, 0x00, 0x00, 0x00, 0x00, 0x00, 0x00, 0x00, 0x00, 0x00, 
  0x00, 0x00, 0x00, 0x00, 0x00, 0x00, 0x00, 0x00, 0x00, 0x00, 0x00, 0x00, 0x00, 0x00, 0x00, 0x00, 0x00, 0x00, 0x00, 0x00, 0x00, 0x00, 0x00, 0x00, 0x00, 0x00, 0x00, 0x00, 0x00, 0x00, 0x00, 0x00, 0x00, 0x00, 0x00, 0x00, 0x00, 0x00, 0x00, 0x00, 0x00, 0x00, 0x00, 0x00, 0x00, 0x00, 0x00, 0x00, 0x00, 0x00, 0xe4, 0x20, 0xe3, 0x18, 0x82, 0x18, 0xc3, 0x18, 0xc3, 0x18, 0xc3, 0x18, 0xc3, 0x20, 0xc3, 0x20, 0xe3, 0x20, 0xe3, 0x20, 0xe3, 0x20, 0xe4, 0x20, 0x04, 0x21, 0x04, 0x21, 0x04, 0x21, 0x04, 0x21, 0x04, 0x29, 0x24, 0x29, 0x04, 0x21, 0x00, 0x00, 0x00, 0x00, 0x2b, 0x73, 0x0b, 0x73, 0x00, 0x00, 0x00, 0x00, 0x00, 0x00, 0x00, 0x00, 0x00, 0x00, 0x00, 0x00, 
  0x00, 0x00, 0x00, 0x00, 0x00, 0x00, 0x00, 0x00, 0x00, 0x00, 0x00, 0x00, 0x00, 0x00, 0x00, 0x00, 0x00, 0x00, 0x00, 0x00, 0x00, 0x00, 0x00, 0x00, 0x00, 0x00, 0x00, 0x00, 0x00, 0x00, 0x00, 0x00, 0x00, 0x00, 0x00, 0x00, 0x00, 0x00, 0x00, 0x00, 0x00, 0x00, 0x00, 0x00, 0x00, 0x00, 0x00, 0x00, 0x00, 0x00, 0x00, 0x00, 0xe3, 0x18, 0xc3, 0x18, 0xa2, 0x18, 0xc3, 0x18, 0xc3, 0x20, 0xc3, 0x20, 0xc3, 0x20, 0xe3, 0x20, 0x03, 0x21, 0xe3, 0x20, 0xe3, 0x20, 0x04, 0x21, 0x04, 0x21, 0x04, 0x21, 0x04, 0x21, 0x04, 0x29, 0x04, 0x21, 0x00, 0x00, 0x00, 0x00, 0x2b, 0x73, 0x2b, 0x73, 0x00, 0x00, 0x00, 0x00, 0x00, 0x00, 0x00, 0x00, 0x00, 0x00, 0x00, 0x00, 0x00, 0x00, 
  0x00, 0x00, 0x00, 0x00, 0x00, 0x00, 0x00, 0x00, 0x00, 0x00, 0x00, 0x00, 0x00, 0x00, 0x00, 0x00, 0x00, 0x00, 0x00, 0x00, 0x00, 0x00, 0x00, 0x00, 0x00, 0x00, 0x00, 0x00, 0x00, 0x00, 0x00, 0x00, 0x00, 0x00, 0x00, 0x00, 0x00, 0x00, 0x00, 0x00, 0x00, 0x00, 0x00, 0x00, 0x00, 0x00, 0x00, 0x00, 0x00, 0x00, 0xe3, 0x18, 0x62, 0x18, 0x82, 0x18, 0xc3, 0x18, 0xc3, 0x18, 0xc3, 0x18, 0xc3, 0x20, 0xe3, 0x20, 0xe3, 0x20, 0xe3, 0x20, 0xe3, 0x20, 0x04, 0x21, 0x04, 0x21, 0x04, 0x21, 0x04, 0x21, 0x24, 0x21, 0x22, 0x21, 0x00, 0x00, 0x00, 0x00, 0x2b, 0x73, 0x6b, 0x7b, 0x00, 0x00, 0x00, 0x00, 0x00, 0x00, 0x00, 0x00, 0x00, 0x00, 0x00, 0x00, 0x00, 0x00, 0x00, 0x00, 
  0x00, 0x00, 0x00, 0x00, 0x00, 0x00, 0x00, 0x00, 0x00, 0x00, 0x00, 0x00, 0x00, 0x00, 0x00, 0x00, 0x00, 0x00, 0x00, 0x00, 0x00, 0x00, 0x00, 0x00, 0x00, 0x00, 0x00, 0x00, 0x00, 0x00, 0x00, 0x00, 0x00, 0x00, 0x00, 0x00, 0x00, 0x00, 0x00, 0x00, 0x00, 0x00, 0x00, 0x00, 0x00, 0x00, 0x00, 0x00, 0x00, 0x00, 0x00, 0x18, 0x62, 0x10, 0xc3, 0x18, 0xc3, 0x18, 0xc3, 0x18, 0xc3, 0x18, 0xc3, 0x20, 0xe3, 0x20, 0xe3, 0x20, 0xe3, 0x20, 0xe3, 0x20, 0xe4, 0x20, 0x04, 0x21, 0x04, 0x21, 0x04, 0x29, 0xa2, 0x28, 0x00, 0x00, 0x00, 0x00, 0x2a, 0x73, 0x6b, 0x7b, 0x00, 0x00, 0x00, 0x00, 0x00, 0x00, 0x00, 0x00, 0x00, 0x00, 0x00, 0x00, 0x00, 0x00, 0x00, 0x00, 0x00, 0x00, 
  0x00, 0x00, 0x00, 0x00, 0x00, 0x00, 0x00, 0x00, 0x00, 0x00, 0x00, 0x00, 0x00, 0x00, 0x00, 0x00, 0x00, 0x00, 0x00, 0x00, 0x00, 0x00, 0x00, 0x00, 0x00, 0x00, 0x00, 0x00, 0x00, 0x00, 0x00, 0x00, 0x00, 0x00, 0x00, 0x00, 0x00, 0x00, 0x00, 0x00, 0x00, 0x00, 0x00, 0x00, 0x00, 0x00, 0x00, 0x00, 0x00, 0x00, 0x00, 0x00, 0xe3, 0x18, 0xc3, 0x18, 0xc3, 0x18, 0xa3, 0x18, 0xc3, 0x20, 0xc3, 0x20, 0xe3, 0x20, 0xe3, 0x18, 0x03, 0x21, 0xe3, 0x20, 0x04, 0x21, 0x04, 0x21, 0x04, 0x21, 0xa3, 0x18, 0x00, 0x00, 0x00, 0x00, 0x2b, 0x7b, 0x2a, 0x73, 0x00, 0x00, 0x00, 0x00, 0x00, 0x00, 0x00, 0x00, 0x00, 0x00, 0x00, 0x00, 0x00, 0x00, 0x00, 0x00, 0x00, 0x00, 0x00, 0x00, 
  0x00, 0x00, 0x00, 0x00, 0x00, 0x00, 0x00, 0x00, 0x00, 0x00, 0x00, 0x00, 0x00, 0x00, 0x00, 0x00, 0x00, 0x00, 0x00, 0x00, 0x00, 0x00, 0x00, 0x00, 0x00, 0x00, 0x00, 0x00, 0x00, 0x00, 0x00, 0x00, 0x00, 0x00, 0x00, 0x00, 0x00, 0x00, 0x00, 0x00, 0x00, 0x00, 0x00, 0x00, 0x00, 0x00, 0x00, 0x00, 0x00, 0x00, 0xe3, 0x18, 0xe3, 0x18, 0xe3, 0x18, 0xa2, 0x18, 0xc3, 0x18, 0xc3, 0x18, 0xc3, 0x20, 0xe4, 0x20, 0xe3, 0x20, 0xe3, 0x20, 0xe3, 0x20, 0xe4, 0x20, 0x04, 0x21, 0xa3, 0x18, 0x00, 0x00, 0x00, 0x00, 0x6b, 0x7b, 0x0b, 0x73, 0x00, 0x00, 0x00, 0x00, 0x00, 0x00, 0x00, 0x00, 0x00, 0x00, 0x00, 0x00, 0x00, 0x00, 0x00, 0x00, 0x00, 0x00, 0x00, 0x00, 0x00, 0x00, 
  0x00, 0x00, 0x00, 0x00, 0x00, 0x00, 0x00, 0x00, 0x00, 0x00, 0x00, 0x00, 0x00, 0x00, 0x00, 0x00, 0x00, 0x00, 0x00, 0x00, 0x00, 0x00, 0x00, 0x00, 0x00, 0x00, 0x00, 0x00, 0x00, 0x00, 0x00, 0x00, 0x00, 0x00, 0x00, 0x00, 0x00, 0x00, 0x00, 0x00, 0x00, 0x00, 0x00, 0x00, 0x00, 0x00, 0x00, 0x00, 0x00, 0x00, 0xe3, 0x18, 0x62, 0x18, 0xc3, 0x18, 0xc3, 0x18, 0xc3, 0x18, 0xc3, 0x20, 0xc3, 0x20, 0xe3, 0x20, 0xe3, 0x20, 0xe3, 0x20, 0xe3, 0x20, 0xe3, 0x20, 0xc3, 0x18, 0x00, 0x00, 0x00, 0x00, 0x2b, 0x73, 0x4a, 0x73, 0x00, 0x00, 0x00, 0x00, 0x00, 0x00, 0x00, 0x00, 0x00, 0x00, 0x00, 0x00, 0x00, 0x00, 0x00, 0x00, 0x00, 0x00, 0x00, 0x00, 0x00, 0x00, 0x00, 0x00, 
  0x00, 0x00, 0x00, 0x00, 0x00, 0x00, 0x00, 0x00, 0x00, 0x00, 0x00, 0x00, 0x00, 0x00, 0x00, 0x00, 0x00, 0x00, 0x00, 0x00, 0x00, 0x00, 0x00, 0x00, 0x00, 0x00, 0x00, 0x00, 0x00, 0x00, 0x00, 0x00, 0x00, 0x00, 0x00, 0x00, 0x00, 0x00, 0x00, 0x00, 0x00, 0x00, 0x00, 0x00, 0x00, 0x00, 0x00, 0x00, 0x00, 0x00, 0x00, 0x18, 0x62, 0x10, 0xc3, 0x18, 0xc3, 0x18, 0xa3, 0x18, 0xc3, 0x20, 0xc3, 0x20, 0xe3, 0x20, 0xe3, 0x20, 0xe3, 0x20, 0xe4, 0x20, 0x03, 0x21, 0x00, 0x00, 0x00, 0x00, 0x0b, 0x73, 0x2b, 0x73, 0x00, 0x00, 0x00, 0x00, 0x00, 0x00, 0x00, 0x00, 0x00, 0x00, 0x00, 0x00, 0x00, 0x00, 0x00, 0x00, 0x00, 0x00, 0x00, 0x00, 0x00, 0x00, 0x00, 0x00, 0x00, 0x00, 
  0x00, 0x00, 0x00, 0x00, 0x00, 0x00, 0x00, 0x00, 0x00, 0x00, 0x00, 0x00, 0x00, 0x00, 0x00, 0x00, 0x00, 0x00, 0x00, 0x00, 0x00, 0x00, 0x00, 0x00, 0x00, 0x00, 0x00, 0x00, 0x00, 0x00, 0x00, 0x00, 0x00, 0x00, 0x00, 0x00, 0x00, 0x00, 0x00, 0x00, 0x00, 0x00, 0x00, 0x00, 0x00, 0x00, 0x00, 0x00, 0x00, 0x00, 0xe4, 0x20, 0xe3, 0x18, 0x82, 0x18, 0xc3, 0x18, 0xc3, 0x18, 0xc3, 0x18, 0xc3, 0x20, 0xc3, 0x20, 0xe3, 0x20, 0xe3, 0x20, 0xe3, 0x20, 0x03, 0x21, 0x00, 0x00, 0x0a, 0x73, 0xe9, 0x6a, 0x00, 0x00, 0x00, 0x00, 0x00, 0x00, 0x00, 0x00, 0x00, 0x00, 0x00, 0x00, 0x00, 0x00, 0x00, 0x00, 0x00, 0x00, 0x00, 0x00, 0x00, 0x00, 0x00, 0x00, 0x00, 0x00, 0x00, 0x00, 
  0x00, 0x00, 0x00, 0x00, 0x00, 0x00, 0x00, 0x00, 0x00, 0x00, 0x00, 0x00, 0x00, 0x00, 0x00, 0x00, 0x00, 0x00, 0x00, 0x00, 0x00, 0x00, 0x00, 0x00, 0x00, 0x00, 0x00, 0x00, 0x00, 0x00, 0x00, 0x00, 0x00, 0x00, 0x00, 0x00, 0x00, 0x00, 0x00, 0x00, 0x00, 0x00, 0x00, 0x00, 0x00, 0x00, 0x00, 0x00, 0x00, 0x00, 0x00, 0x00, 0xe3, 0x18, 0xc3, 0x18, 0xa2, 0x18, 0xc3, 0x18, 0xc3, 0x20, 0xc3, 0x20, 0xc3, 0x20, 0xe3, 0x20, 0x03, 0x21, 0xe3, 0x20, 0x04, 0x21, 0x00, 0x00, 0xeb, 0x6a, 0xab, 0x5a, 0x00, 0x00, 0x00, 0x00, 0x00, 0x00, 0x00, 0x00, 0x00, 0x00, 0x00, 0x00, 0x00, 0x00, 0x00, 0x00, 0x00, 0x00, 0x00, 0x00, 0x00, 0x00, 0x00, 0x00, 0x00, 0x00, 0x00, 0x00, 
  0x00, 0x00, 0x00, 0x00, 0x00, 0x00, 0x00, 0x00, 0x00, 0x00, 0x00, 0x00, 0x00, 0x00, 0x00, 0x00, 0x00, 0x00, 0x00, 0x00, 0x00, 0x00, 0x00, 0x00, 0x00, 0x00, 0x00, 0x00, 0x00, 0x00, 0x00, 0x00, 0x00, 0x00, 0x00, 0x00, 0x00, 0x00, 0x00, 0x00, 0x00, 0x00, 0x00, 0x00, 0x00, 0x00, 0x00, 0x00, 0x00, 0x00, 0xe3, 0x18, 0x62, 0x18, 0x82, 0x18, 0xc3, 0x18, 0xc3, 0x18, 0xc3, 0x18, 0xc3, 0x20, 0xe3, 0x20, 0xe3, 0x20, 0xe3, 0x20, 0xe3, 0x20, 0x03, 0x21, 0x00, 0x00, 0x4b, 0x7b, 0x4d, 0x6b, 0x00, 0x00, 0x00, 0x00, 0x00, 0x00, 0x00, 0x00, 0x00, 0x00, 0x00, 0x00, 0x00, 0x00, 0x00, 0x00, 0x00, 0x00, 0x00, 0x00, 0x00, 0x00, 0x00, 0x00, 0x00, 0x00, 0x00, 0x00, 
  0x00, 0x00, 0x00, 0x00, 0x00, 0x00, 0x00, 0x00, 0x00, 0x00, 0x00, 0x00, 0x00, 0x00, 0x00, 0x00, 0x00, 0x00, 0x00, 0x00, 0x00, 0x00, 0x00, 0x00, 0x00, 0x00, 0x00, 0x00, 0x00, 0x00, 0x00, 0x00, 0x00, 0x00, 0x00, 0x00, 0x00, 0x00, 0x00, 0x00, 0x00, 0x00, 0x00, 0x00, 0x00, 0x00, 0x00, 0x00, 0x00, 0x00, 0x00, 0x18, 0x62, 0x10, 0xc3, 0x18, 0xc3, 0x18, 0xc3, 0x18, 0xc3, 0x18, 0xc3, 0x20, 0xe3, 0x20, 0xe3, 0x20, 0xe3, 0x20, 0xe3, 0x20, 0x03, 0x21, 0x00, 0x00, 0x2a, 0x7b, 0x46, 0x6b, 0x00, 0x00, 0x00, 0x00, 0x00, 0x00, 0x00, 0x00, 0x00, 0x00, 0x00, 0x00, 0x00, 0x00, 0x00, 0x00, 0x00, 0x00, 0x00, 0x00, 0x00, 0x00, 0x00, 0x00, 0x00, 0x00, 0x00, 0x00, 
  0x00, 0x00, 0x00, 0x00, 0x00, 0x00, 0x00, 0x00, 0x00, 0x00, 0x00, 0x00, 0x00, 0x00, 0x00, 0x00, 0x00, 0x00, 0x00, 0x00, 0x00, 0x00, 0x00, 0x00, 0x00, 0x00, 0x00, 0x00, 0x00, 0x00, 0x00, 0x00, 0x00, 0x00, 0x00, 0x00, 0x00, 0x00, 0x00, 0x00, 0x00, 0x00, 0x00, 0x00, 0x00, 0x00, 0x00, 0x00, 0x00, 0x00, 0x00, 0x00, 0xe3, 0x18, 0xc3, 0x18, 0xc3, 0x18, 0xa3, 0x18, 0xc3, 0x20, 0xc3, 0x20, 0xe3, 0x20, 0xe3, 0x18, 0x03, 0x21, 0xe3, 0x20, 0x03, 0x21, 0x00, 0x00, 0xec, 0x7a, 0x08, 0x82, 0x00, 0x00, 0x00, 0x00, 0x00, 0x00, 0x00, 0x00, 0x00, 0x00, 0x00, 0x00, 0x00, 0x00, 0x00, 0x00, 0x00, 0x00, 0x00, 0x00, 0x00, 0x00, 0x00, 0x00, 0x00, 0x00, 0x00, 0x00, 
  0x00, 0x00, 0x00, 0x00, 0x00, 0x00, 0x00, 0x00, 0x00, 0x00, 0x00, 0x00, 0x00, 0x00, 0x00, 0x00, 0x00, 0x00, 0x00, 0x00, 0x00, 0x00, 0x00, 0x00, 0x00, 0x00, 0x00, 0x00, 0x00, 0x00, 0x00, 0x00, 0x00, 0x00, 0x00, 0x00, 0x00, 0x00, 0x00, 0x00, 0x00, 0x00, 0x00, 0x00, 0x00, 0x00, 0x00, 0x00, 0x00, 0x00, 0xe3, 0x18, 0xe3, 0x18, 0xe3, 0x18, 0xa2, 0x18, 0xc3, 0x18, 0xc3, 0x18, 0xc3, 0x20, 0xe4, 0x20, 0xe3, 0x20, 0xe3, 0x20, 0xe3, 0x20, 0x04, 0x21, 0x00, 0x00, 0x8b, 0x73, 0xab, 0x5a, 0x00, 0x00, 0x00, 0x00, 0x00, 0x00, 0x00, 0x00, 0x00, 0x00, 0x00, 0x00, 0x00, 0x00, 0x00, 0x00, 0x00, 0x00, 0x00, 0x00, 0x00, 0x00, 0x00, 0x00, 0x00, 0x00, 0x00, 0x00, 
  0x00, 0x00, 0x00, 0x00, 0x00, 0x00, 0x00, 0x00, 0x00, 0x00, 0x00, 0x00, 0x00, 0x00, 0x00, 0x00, 0x00, 0x00, 0x00, 0x00, 0x00, 0x00, 0x00, 0x00, 0x00, 0x00, 0x00, 0x00, 0x00, 0x00, 0x00, 0x00, 0x00, 0x00, 0x00, 0x00, 0x00, 0x00, 0x00, 0x00, 0x00, 0x00, 0x00, 0x00, 0x00, 0x00, 0x00, 0x00, 0x00, 0x00, 0xe3, 0x18, 0x62, 0x18, 0xc3, 0x18, 0xc3, 0x18, 0xc3, 0x18, 0xc3, 0x20, 0xc3, 0x20, 0xe3, 0x20, 0xe3, 0x20, 0xe3, 0x20, 0xe3, 0x20, 0x04, 0x21, 0x00, 0x00, 0x69, 0x73, 0x10, 0x84, 0x00, 0x00, 0x00, 0x00, 0x00, 0x00, 0x00, 0x00, 0x00, 0x00, 0x00, 0x00, 0x00, 0x00, 0x00, 0x00, 0x00, 0x00, 0x00, 0x00, 0x00, 0x00, 0x00, 0x00, 0x00, 0x00, 0x00, 0x00, 
  0x00, 0x00, 0x00, 0x00, 0x00, 0x00, 0x00, 0x00, 0x00, 0x00, 0x00, 0x00, 0x00, 0x00, 0x00, 0x00, 0x00, 0x00, 0x00, 0x00, 0x00, 0x00, 0x00, 0x00, 0x00, 0x00, 0x00, 0x00, 0x00, 0x00, 0x00, 0x00, 0x00, 0x00, 0x00, 0x00, 0x00, 0x00, 0x00, 0x00, 0x00, 0x00, 0x00, 0x00, 0x00, 0x00, 0x00, 0x00, 0x00, 0x00, 0x00, 0x18, 0x62, 0x10, 0xc3, 0x18, 0xc3, 0x18, 0xa3, 0x18, 0xc3, 0x20, 0xc3, 0x20, 0xe3, 0x20, 0xe3, 0x20, 0xe3, 0x20, 0xe4, 0x20, 0x03, 0x21, 0x00, 0x00, 0x46, 0x6b, 0x00, 0x84, 0x00, 0x00, 0x00, 0x00, 0x00, 0x00, 0x00, 0x00, 0x00, 0x00, 0x00, 0x00, 0x00, 0x00, 0x00, 0x00, 0x00, 0x00, 0x00, 0x00, 0x00, 0x00, 0x00, 0x00, 0x00, 0x00, 0x00, 0x00, 
  0x00, 0x00, 0x00, 0x00, 0x00, 0x00, 0x00, 0x00, 0x00, 0x00, 0x00, 0x00, 0x00, 0x00, 0x00, 0x00, 0x00, 0x00, 0x00, 0x00, 0x00, 0x00, 0x00, 0x00, 0x00, 0x00, 0x00, 0x00, 0x00, 0x00, 0x00, 0x00, 0x00, 0x00, 0x00, 0x00, 0x00, 0x00, 0x00, 0x00, 0x00, 0x00, 0x00, 0x00, 0x00, 0x00, 0x00, 0x00, 0x00, 0x00, 0xe4, 0x20, 0xe3, 0x18, 0x82, 0x18, 0xc3, 0x18, 0xc3, 0x18, 0xc3, 0x18, 0xc3, 0x20, 0xc3, 0x20, 0xe3, 0x20, 0xe3, 0x20, 0xe3, 0x20, 0x03, 0x21, 0x00, 0x00, 0x08, 0x42, 0x00, 0x00, 0x00, 0x00, 0x00, 0x00, 0x00, 0x00, 0x00, 0x00, 0x00, 0x00, 0x00, 0x00, 0x00, 0x00, 0x00, 0x00, 0x00, 0x00, 0x00, 0x00, 0x00, 0x00, 0x00, 0x00, 0x00, 0x00, 0x00, 0x00, 
  0x00, 0x00, 0x00, 0x00, 0x00, 0x00, 0x00, 0x00, 0x00, 0x00, 0x00, 0x00, 0x00, 0x00, 0x00, 0x00, 0x00, 0x00, 0x00, 0x00, 0x00, 0x00, 0x00, 0x00, 0x00, 0x00, 0x00, 0x00, 0x00, 0x00, 0x00, 0x00, 0x00, 0x00, 0x00, 0x00, 0x00, 0x00, 0x00, 0x00, 0x00, 0x00, 0x00, 0x00, 0x00, 0x00, 0x00, 0x00, 0x00, 0x00, 0x00, 0x00, 0xe3, 0x18, 0xc3, 0x18, 0xa2, 0x18, 0xc3, 0x18, 0xc3, 0x20, 0xc3, 0x20, 0xc3, 0x20, 0xe3, 0x20, 0x03, 0x21, 0xe3, 0x20, 0x04, 0x21, 0x00, 0x00, 0x00, 0x00, 0x00, 0x00, 0x00, 0x00, 0x00, 0x00, 0x00, 0x00, 0x00, 0x00, 0x00, 0x00, 0x00, 0x00, 0x00, 0x00, 0x00, 0x00, 0x00, 0x00, 0x00, 0x00, 0x00, 0x00, 0x00, 0x00, 0x00, 0x00, 0x00, 0x00, 
  0x00, 0x00, 0x00, 0x00, 0x00, 0x00, 0x00, 0x00, 0x00, 0x00, 0x00, 0x00, 0x00, 0x00, 0x00, 0x00, 0x00, 0x00, 0x00, 0x00, 0x00, 0x00, 0x00, 0x00, 0x00, 0x00, 0x00, 0x00, 0x00, 0x00, 0x00, 0x00, 0x00, 0x00, 0x00, 0x00, 0x00, 0x00, 0x00, 0x00, 0x00, 0x00, 0x00, 0x00, 0x00, 0x00, 0x00, 0x00, 0x00, 0x00, 0xe3, 0x18, 0x62, 0x18, 0x82, 0x18, 0xc3, 0x18, 0xc3, 0x18, 0xc3, 0x18, 0xc3, 0x20, 0xe3, 0x20, 0xe3, 0x20, 0xe3, 0x20, 0xe3, 0x20, 0x03, 0x21, 0x00, 0x00, 0x00, 0x00, 0x00, 0x00, 0x00, 0x00, 0x00, 0x00, 0x00, 0x00, 0x00, 0x00, 0x00, 0x00, 0x00, 0x00, 0x00, 0x00, 0x00, 0x00, 0x00, 0x00, 0x00, 0x00, 0x00, 0x00, 0x00, 0x00, 0x00, 0x00, 0x00, 0x00, 
  0x00, 0x00, 0x00, 0x00, 0x00, 0x00, 0x00, 0x00, 0x00, 0x00, 0x00, 0x00, 0x00, 0x00, 0x00, 0x00, 0x00, 0x00, 0x00, 0x00, 0x00, 0x00, 0x00, 0x00, 0x00, 0x00, 0x00, 0x00, 0x00, 0x00, 0x00, 0x00, 0x00, 0x00, 0x00, 0x00, 0x00, 0x00, 0x00, 0x00, 0x00, 0x00, 0x00, 0x00, 0x00, 0x00, 0x00, 0x00, 0x00, 0x00, 0x00, 0x18, 0x62, 0x10, 0xc3, 0x18, 0xc3, 0x18, 0xc3, 0x18, 0xc3, 0x18, 0xc3, 0x20, 0xe3, 0x20, 0xe3, 0x20, 0xe3, 0x20, 0xe3, 0x20, 0x03, 0x21, 0x00, 0x00, 0x00, 0x00, 0x00, 0x00, 0x00, 0x00, 0x00, 0x00, 0x00, 0x00, 0x00, 0x00, 0x00, 0x00, 0x00, 0x00, 0x00, 0x00, 0x00, 0x00, 0x00, 0x00, 0x00, 0x00, 0x00, 0x00, 0x00, 0x00, 0x00, 0x00, 0x00, 0x00, 
  0x00, 0x00, 0x00, 0x00, 0x00, 0x00, 0x00, 0x00, 0x00, 0x00, 0x00, 0x00, 0x00, 0x00, 0x00, 0x00, 0x00, 0x00, 0x00, 0x00, 0x00, 0x00, 0x00, 0x00, 0x00, 0x00, 0x00, 0x00, 0x00, 0x00, 0x00, 0x00, 0x00, 0x00, 0x00, 0x00, 0x00, 0x00, 0x00, 0x00, 0x00, 0x00, 0x00, 0x00, 0x00, 0x00, 0x00, 0x00, 0x00, 0x00, 0x00, 0x00, 0xe3, 0x18, 0xc3, 0x18, 0xc3, 0x18, 0xa3, 0x18, 0xc3, 0x20, 0xc3, 0x20, 0xe3, 0x20, 0xe3, 0x18, 0x03, 0x21, 0xe3, 0x20, 0x03, 0x21, 0x00, 0x00, 0x00, 0x00, 0x00, 0x00, 0x00, 0x00, 0x00, 0x00, 0x00, 0x00, 0x00, 0x00, 0x00, 0x00, 0x00, 0x00, 0x00, 0x00, 0x00, 0x00, 0x00, 0x00, 0x00, 0x00, 0x00, 0x00, 0x00, 0x00, 0x00, 0x00, 0x00, 0x00, 
  0x00, 0x00, 0x00, 0x00, 0x00, 0x00, 0x00, 0x00, 0x00, 0x00, 0x00, 0x00, 0x00, 0x00, 0x00, 0x00, 0x00, 0x00, 0x00, 0x00, 0x00, 0x00, 0x00, 0x00, 0x00, 0x00, 0x00, 0x00, 0x00, 0x00, 0x00, 0x00, 0x00, 0x00, 0x00, 0x00, 0x00, 0x00, 0x00, 0x00, 0x00, 0x00, 0x00, 0x00, 0x00, 0x00, 0x00, 0x00, 0x00, 0x00, 0xe3, 0x18, 0xe3, 0x18, 0xe3, 0x18, 0xa2, 0x18, 0xc3, 0x18, 0xc3, 0x18, 0xc3, 0x20, 0xe4, 0x20, 0xe3, 0x20, 0xe3, 0x20, 0xe3, 0x20, 0x04, 0x21, 0x00, 0x00, 0x00, 0x00, 0x00, 0x00, 0x00, 0x00, 0x00, 0x00, 0x00, 0x00, 0x00, 0x00, 0x00, 0x00, 0x00, 0x00, 0x00, 0x00, 0x00, 0x00, 0x00, 0x00, 0x00, 0x00, 0x00, 0x00, 0x00, 0x00, 0x00, 0x00, 0x00, 0x00, 
  0x00, 0x00, 0x00, 0x00, 0x00, 0x00, 0x00, 0x00, 0x00, 0x00, 0x00, 0x00, 0x00, 0x00, 0x00, 0x00, 0x00, 0x00, 0x00, 0x00, 0x00, 0x00, 0x00, 0x00, 0x00, 0x00, 0x00, 0x00, 0x00, 0x00, 0x00, 0x00, 0x00, 0x00, 0x00, 0x00, 0x00, 0x00, 0x00, 0x00, 0x00, 0x00, 0x00, 0x00, 0x00, 0x00, 0x00, 0x00, 0x00, 0x00, 0xe3, 0x18, 0x62, 0x18, 0xc3, 0x18, 0xc3, 0x18, 0xc3, 0x18, 0xc3, 0x20, 0xc3, 0x20, 0xe3, 0x20, 0xe3, 0x20, 0xe3, 0x20, 0xe3, 0x20, 0x04, 0x21, 0x00, 0x00, 0x00, 0x00, 0x00, 0x00, 0x00, 0x00, 0x00, 0x00, 0x00, 0x00, 0x00, 0x00, 0x00, 0x00, 0x00, 0x00, 0x00, 0x00, 0x00, 0x00, 0x00, 0x00, 0x00, 0x00, 0x00, 0x00, 0x00, 0x00, 0x00, 0x00, 0x00, 0x00, 
  0x00, 0x00, 0x00, 0x00, 0x00, 0x00, 0x00, 0x00, 0x00, 0x00, 0x00, 0x00, 0x00, 0x00, 0x00, 0x00, 0x00, 0x00, 0x00, 0x00, 0x00, 0x00, 0x00, 0x00, 0x00, 0x00, 0x00, 0x00, 0x00, 0x00, 0x00, 0x00, 0x00, 0x00, 0x00, 0x00, 0x00, 0x00, 0x00, 0x00, 0x00, 0x00, 0x00, 0x00, 0x00, 0x00, 0x00, 0x00, 0x00, 0x00, 0x00, 0x00, 0x00, 0x00, 0xa2, 0x10, 0xe4, 0x20, 0xc3, 0x18, 0xa2, 0x18, 0xc3, 0x18, 0xe3, 0x20, 0xc3, 0x20, 0xe3, 0x18, 0xe4, 0x20, 0xe4, 0x20, 0x00, 0x00, 0x00, 0x00, 0x00, 0x00, 0x00, 0x00, 0x00, 0x00, 0x00, 0x00, 0x00, 0x00, 0x00, 0x00, 0x00, 0x00, 0x00, 0x00, 0x00, 0x00, 0x00, 0x00, 0x00, 0x00, 0x00, 0x00, 0x00, 0x00, 0x00, 0x00, 0x00, 0x00, 
#endif
#if LV_COLOR_DEPTH == 16 && LV_COLOR_16_SWAP != 0
  /*Pixel format: Red: 5 bit, Green: 6 bit, Blue: 5 bit BUT the 2 bytes are swapped*/
  0x00, 0x00, 0x00, 0x00, 0x00, 0x00, 0x00, 0x00, 0x00, 0x00, 0x00, 0x00, 0x00, 0x00, 0x00, 0x00, 0x00, 0x00, 0x00, 0x00, 0x00, 0x00, 0x00, 0x00, 0x00, 0x00, 0x00, 0x00, 0x00, 0x00, 0x00, 0x00, 0x00, 0x00, 0x00, 0x00, 0x00, 0x00, 0x00, 0x00, 0x00, 0x00, 0x00, 0x00, 0x00, 0x00, 0x00, 0x00, 0x00, 0x00, 0x00, 0x00, 0x00, 0x00, 0x00, 0x00, 0x00, 0x00, 0x00, 0x00, 0x00, 0x00, 0x00, 0x00, 0x00, 0x00, 0x00, 0x00, 0x00, 0x00, 0x00, 0x00, 0x00, 0x00, 0x00, 0x00, 0x00, 0x00, 0x00, 0x00, 0x00, 0x00, 0x00, 0x00, 0x00, 0x00, 0x00, 0x00, 0x00, 0x00, 0x00, 0x00, 0x00, 0x00, 0x00, 0x00, 0x00, 0x00, 0x00, 0x00, 0x00, 0x00, 0x00, 0x00, 0x00, 0x00, 0x00, 0x00, 
  0x00, 0x00, 0x00, 0x00, 0x00, 0x00, 0x00, 0x00, 0x00, 0x00, 0x00, 0x00, 0x00, 0x00, 0x00, 0x00, 0x00, 0x00, 0x00, 0x00, 0x00, 0x00, 0x00, 0x00, 0x00, 0x00, 0x00, 0x00, 0x00, 0x00, 0x00, 0x00, 0x00, 0x00, 0x00, 0x00, 0x00, 0x00, 0x00, 0x00, 0x00, 0x00, 0x00, 0x00, 0x00, 0x00, 0x00, 0x00, 0x00, 0x00, 0x00, 0x00, 0x00, 0x00, 0x00, 0x00, 0x00, 0x00, 0x00, 0x00, 0x00, 0x00, 0x00, 0x00, 0x00, 0x00, 0x00, 0x00, 0x00, 0x00, 0x00, 0x00, 0x00, 0x00, 0x00, 0x00, 0x84, 0x00, 0x00, 0x00, 0x00, 0x00, 0x00, 0x00, 0x00, 0x00, 0x00, 0x00, 0x00, 0x00, 0x00, 0x00, 0x00, 0x00, 0x00, 0x00, 0x00, 0x00, 0x00, 0x00, 0x00, 0x00, 0x00, 0x00, 0x00, 0x00, 0x00, 0x00, 
  0x00, 0x00, 0x00, 0x00, 0x00, 0x00, 0x00, 0x00, 0x00, 0x00, 0x00, 0x00, 0x00, 0x00, 0x00, 0x00, 0x00, 0x00, 0x00, 0x00, 0x00, 0x00, 0x00, 0x00, 0x00, 0x00, 0x00, 0x00, 0x00, 0x00, 0x00, 0x00, 0x00, 0x00, 0x00, 0x00, 0x00, 0x00, 0x00, 0x00, 0x00, 0x00, 0x00, 0x00, 0x00, 0x00, 0x00, 0x00, 0x00, 0x00, 0x00, 0x00, 0x00, 0x00, 0x00, 0x00, 0x00, 0x00, 0x00, 0x00, 0x00, 0x00, 0x00, 0x00, 0x00, 0x00, 0x00, 0x00, 0x00, 0x00, 0x00, 0x00, 0x00, 0x00, 0x00, 0x00, 0x42, 0x08, 0x00, 0x00, 0x00, 0x00, 0x00, 0x00, 0x00, 0x00, 0x00, 0x00, 0x00, 0x00, 0x00, 0x00, 0x00, 0x00, 0x00, 0x00, 0x00, 0x00, 0x00, 0x00, 0x00, 0x00, 0x00, 0x00, 0x00, 0x00, 0x00, 0x00, 
  0x00, 0x00, 0x00, 0x00, 0x00, 0x00, 0x00, 0x00, 0x00, 0x00, 0x00, 0x00, 0x00, 0x00, 0x00, 0x00, 0x00, 0x00, 0x00, 0x00, 0x00, 0x00, 0x00, 0x00, 0x00, 0x00, 0x00, 0x00, 0x00, 0x00, 0x00, 0x00, 0x00, 0x00, 0x00, 0x00, 0x00, 0x00, 0x00, 0x00, 0x00, 0x00, 0x00, 0x00, 0x00, 0x00, 0x00, 0x00, 0x00, 0x00, 0x00, 0x00, 0x18, 0xe3, 0x10, 0x82, 0x18, 0x62, 0x20, 0xa2, 0x18, 0xc3, 0x18, 0xa3, 0x18, 0xc3, 0x20, 0xe3, 0x20, 0xe4, 0x21, 0x03, 0x20, 0xe3, 0x00, 0x00, 0x82, 0xab, 0x84, 0x10, 0x00, 0x00, 0x00, 0x00, 0x00, 0x00, 0x00, 0x00, 0x00, 0x00, 0x00, 0x00, 0x00, 0x00, 0x00, 0x00, 0x00, 0x00, 0x00, 0x00, 0x00, 0x00, 0x00, 0x00, 0x00, 0x00, 0x00, 0x00, 
  0x00, 0x00, 0x00, 0x00, 0x00, 0x00, 0x00, 0x00, 0x00, 0x00, 0x00, 0x00, 0x00, 0x00, 0x00, 0x00, 0x00, 0x00, 0x00, 0x00, 0x00, 0x00, 0x00, 0x00, 0x00, 0x00, 0x00, 0x00, 0x00, 0x00, 0x00, 0x00, 0x00, 0x00, 0x00, 0x00, 0x00, 0x00, 0x00, 0x00, 0x00, 0x00, 0x00, 0x00, 0x00, 0x00, 0x00, 0x00, 0x00, 0x00, 0x18, 0xe3, 0x18, 0x62, 0x18, 0xc3, 0x18, 0xc3, 0x18, 0xc3, 0x20, 0xc3, 0x20, 0xc3, 0x20, 0xe3, 0x20, 0xe3, 0x20, 0xe3, 0x20, 0xe3, 0x21, 0x04, 0x00, 0x00, 0x73, 0x69, 0x84, 0x10, 0x00, 0x00, 0x00, 0x00, 0x00, 0x00, 0x00, 0x00, 0x00, 0x00, 0x00, 0x00, 0x00, 0x00, 0x00, 0x00, 0x00, 0x00, 0x00, 0x00, 0x00, 0x00, 0x00, 0x00, 0x00, 0x00, 0x00, 0x00, 
  0x00, 0x00, 0x00, 0x00, 0x00, 0x00, 0x00, 0x00, 0x00, 0x00, 0x00, 0x00, 0x00, 0x00, 0x00, 0x00, 0x00, 0x00, 0x00, 0x00, 0x00, 0x00, 0x00, 0x00, 0x00, 0x00, 0x00, 0x00, 0x00, 0x00, 0x00, 0x00, 0x00, 0x00, 0x00, 0x00, 0x00, 0x00, 0x00, 0x00, 0x00, 0x00, 0x00, 0x00, 0x00, 0x00, 0x00, 0x00, 0x00, 0x00, 0x18, 0x00, 0x10, 0x62, 0x18, 0xc3, 0x18, 0xc3, 0x18, 0xa3, 0x20, 0xc3, 0x20, 0xc3, 0x20, 0xe3, 0x20, 0xe3, 0x20, 0xe3, 0x20, 0xe4, 0x21, 0x03, 0x00, 0x00, 0x72, 0xab, 0x5a, 0xab, 0x00, 0x00, 0x00, 0x00, 0x00, 0x00, 0x00, 0x00, 0x00, 0x00, 0x00, 0x00, 0x00, 0x00, 0x00, 0x00, 0x00, 0x00, 0x00, 0x00, 0x00, 0x00, 0x00, 0x00, 0x00, 0x00, 0x00, 0x00, 
  0x00, 0x00, 0x00, 0x00, 0x00, 0x00, 0x00, 0x00, 0x00, 0x00, 0x00, 0x00, 0x00, 0x00, 0x00, 0x00, 0x00, 0x00, 0x00, 0x00, 0x00, 0x00, 0x00, 0x00, 0x00, 0x00, 0x00, 0x00, 0x00, 0x00, 0x00, 0x00, 0x00, 0x00, 0x00, 0x00, 0x00, 0x00, 0x00, 0x00, 0x00, 0x00, 0x00, 0x00, 0x00, 0x00, 0x00, 0x00, 0x00, 0x00, 0x20, 0xe4, 0x18, 0xe3, 0x18, 0x82, 0x18, 0xc3, 0x18, 0xc3, 0x18, 0xc3, 0x20, 0xc3, 0x20, 0xc3, 0x20, 0xe3, 0x20, 0xe3, 0x20, 0xe3, 0x21, 0x03, 0x00, 0x00, 0x7a, 0xe9, 0x82, 0x08, 0x00, 0x00, 0x00, 0x00, 0x00, 0x00, 0x00, 0x00, 0x00, 0x00, 0x00, 0x00, 0x00, 0x00, 0x00, 0x00, 0x00, 0x00, 0x00, 0x00, 0x00, 0x00, 0x00, 0x00, 0x00, 0x00, 0x00, 0x00, 
  0x00, 0x00, 0x00, 0x00, 0x00, 0x00, 0x00, 0x00, 0x00, 0x00, 0x00, 0x00, 0x00, 0x00, 0x00, 0x00, 0x00, 0x00, 0x00, 0x00, 0x00, 0x00, 0x00, 0x00, 0x00, 0x00, 0x00, 0x00, 0x00, 0x00, 0x00, 0x00, 0x00, 0x00, 0x00, 0x00, 0x00, 0x00, 0x00, 0x00, 0x00, 0x00, 0x00, 0x00, 0x00, 0x00, 0x00, 0x00, 0x00, 0x00, 0x00, 0x00, 0x18, 0xe3, 0x18, 0xc3, 0x18, 0xa2, 0x18, 0xc3, 0x20, 0xc3, 0x20, 0xc3, 0x20, 0xc3, 0x20, 0xe3, 0x21, 0x03, 0x20, 0xe3, 0x21, 0x04, 0x00, 0x00, 0x7b, 0x2a, 0x6b, 0x46, 0x00, 0x00, 0x00, 0x00, 0x00, 0x00, 0x00, 0x00, 0x00, 0x00, 0x00, 0x00, 0x00, 0x00, 0x00, 0x00, 0x00, 0x00, 0x00, 0x00, 0x00, 0x00, 0x00, 0x00, 0x00, 0x00, 0x00, 0x00, 
  0x00, 0x00, 0x00, 0x00, 0x00, 0x00, 0x00, 0x00, 0x00, 0x00, 0x00, 0x00, 0x00, 0x00, 0x00, 0x00, 0x00, 0x00, 0x00, 0x00, 0x00, 0x00, 0x00, 0x00, 0x00, 0x00, 0x00, 0x00, 0x00, 0x00, 0x00, 0x00, 0x00, 0x00, 0x00, 0x00, 0x00, 0x00, 0x00, 0x00, 0x00, 0x00, 0x00, 0x00, 0x00, 0x00, 0x00, 0x00, 0x00, 0x00, 0x18, 0xe3, 0x18, 0x62, 0x18, 0x82, 0x18, 0xc3, 0x18, 0xc3, 0x18, 0xc3, 0x20, 0xc3, 0x20, 0xe3, 0x20, 0xe3, 0x20, 0xe3, 0x20, 0xe3, 0x21, 0x03, 0x00, 0x00, 0x6b, 0x4b, 0x6b, 0x4d, 0x00, 0x00, 0x00, 0x00, 0x00, 0x00, 0x00, 0x00, 0x00, 0x00, 0x00, 0x00, 0x00, 0x00, 0x00, 0x00, 0x00, 0x00, 0x00, 0x00, 0x00, 0x00, 0x00, 0x00, 0x00, 0x00, 0x00, 0x00, 
  0x00, 0x00, 0x00, 0x00, 0x00, 0x00, 0x00, 0x00, 0x00, 0x00, 0x00, 0x00, 0x00, 0x00, 0x00, 0x00, 0x00, 0x00, 0x00, 0x00, 0x00, 0x00, 0x00, 0x00, 0x00, 0x00, 0x00, 0x00, 0x00, 0x00, 0x00, 0x00, 0x00, 0x00, 0x00, 0x00, 0x00, 0x00, 0x00, 0x00, 0x00, 0x00, 0x00, 0x00, 0x00, 0x00, 0x00, 0x00, 0x00, 0x00, 0x18, 0x00, 0x10, 0x62, 0x18, 0xc3, 0x18, 0xc3, 0x18, 0xc3, 0x18, 0xc3, 0x20, 0xc3, 0x20, 0xe3, 0x20, 0xe3, 0x20, 0xe3, 0x20, 0xe3, 0x21, 0x03, 0x00, 0x00, 0x6a, 0xe9, 0x5a, 0xab, 0x00, 0x00, 0x00, 0x00, 0x00, 0x00, 0x00, 0x00, 0x00, 0x00, 0x00, 0x00, 0x00, 0x00, 0x00, 0x00, 0x00, 0x00, 0x00, 0x00, 0x00, 0x00, 0x00, 0x00, 0x00, 0x00, 0x00, 0x00, 
  0x00, 0x00, 0x00, 0x00, 0x00, 0x00, 0x00, 0x00, 0x00, 0x00, 0x00, 0x00, 0x00, 0x00, 0x00, 0x00, 0x00, 0x00, 0x00, 0x00, 0x00, 0x00, 0x00, 0x00, 0x00, 0x00, 0x00, 0x00, 0x00, 0x00, 0x00, 0x00, 0x00, 0x00, 0x00, 0x00, 0x00, 0x00, 0x00, 0x00, 0x00, 0x00, 0x00, 0x00, 0x00, 0x00, 0x00, 0x00, 0x00, 0x00, 0x00, 0x00, 0x18, 0xe3, 0x18, 0xc3, 0x18, 0xc3, 0x18, 0xa3, 0x20, 0xc3, 0x20, 0xc3, 0x20, 0xe3, 0x18, 0xe3, 0x21, 0x03, 0x20, 0xe3, 0x21, 0x03, 0x00, 0x00, 0x73, 0x2b, 0x72, 0x49, 0x00, 0x00, 0x00, 0x00, 0x00, 0x00, 0x00, 0x00, 0x00, 0x00, 0x00, 0x00, 0x00, 0x00, 0x00, 0x00, 0x00, 0x00, 0x00, 0x00, 0x00, 0x00, 0x00, 0x00, 0x00, 0x00, 0x00, 0x00, 
  0x00, 0x00, 0x00, 0x00, 0x00, 0x00, 0x00, 0x00, 0x00, 0x00, 0x00, 0x00, 0x00, 0x00, 0x00, 0x00, 0x00, 0x00, 0x00, 0x00, 0x00, 0x00, 0x00, 0x00, 0x00, 0x00, 0x00, 0x00, 0x00, 0x00, 0x00, 0x00, 0x00, 0x00, 0x00, 0x00, 0x00, 0x00, 0x00, 0x00, 0x00, 0x00, 0x00, 0x00, 0x00, 0x00, 0x00, 0x00, 0x00, 0x00, 0x18, 0xe3, 0x18, 0xe3, 0x18, 0xe3, 0x18, 0xa2, 0x18, 0xc3, 0x18, 0xc3, 0x20, 0xc3, 0x20, 0xe4, 0x20, 0xe3, 0x20, 0xe3, 0x20, 0xe3, 0x21, 0x04, 0x00, 0x00, 0x73, 0x4b, 0x73, 0x69, 0x00, 0x00, 0x00, 0x00, 0x00, 0x00, 0x00, 0x00, 0x00, 0x00, 0x00, 0x00, 0x00, 0x00, 0x00, 0x00, 0x00, 0x00, 0x00, 0x00, 0x00, 0x00, 0x00, 0x00, 0x00, 0x00, 0x00, 0x00, 
  0x00, 0x00, 0x00, 0x00, 0x00, 0x00, 0x00, 0x00, 0x00, 0x00, 0x00, 0x00, 0x00, 0x00, 0x00, 0x00, 0x00, 0x00, 0x00, 0x00, 0x00, 0x00, 0x00, 0x00, 0x00, 0x00, 0x00, 0x00, 0x00, 0x00, 0x00, 0x00, 0x00, 0x00, 0x00, 0x00, 0x00, 0x00, 0x00, 0x00, 0x00, 0x00, 0x00, 0x00, 0x00, 0x00, 0x00, 0x00, 0x00, 0x00, 0x18, 0xe3, 0x18, 0x62, 0x18, 0xc3, 0x18, 0xc3, 0x18, 0xc3, 0x20, 0xc3, 0x20, 0xc3, 0x20, 0xe3, 0x20, 0xe3, 0x20, 0xe3, 0x20, 0xe3, 0x21, 0x04, 0x00, 0x00, 0x7a, 0xec, 0x83, 0x0c, 0x00, 0x00, 0x00, 0x00, 0x00, 0x00, 0x00, 0x00, 0x00, 0x00, 0x00, 0x00, 0x00, 0x00, 0x00, 0x00, 0x00, 0x00, 0x00, 0x00, 0x00, 0x00, 0x00, 0x00, 0x00, 0x00, 0x00, 0x00, 
  0x00, 0x00, 0x00, 0x00, 0x00, 0x00, 0x00, 0x00, 0x00, 0x00, 0x00, 0x00, 0x00, 0x00, 0x00, 0x00, 0x00, 0x00, 0x00, 0x00, 0x00, 0x00, 0x00, 0x00, 0x00, 0x00, 0x00, 0x00, 0x00, 0x00, 0x00, 0x00, 0x00, 0x00, 0x00, 0x00, 0x00, 0x00, 0x00, 0x00, 0x00, 0x00, 0x00, 0x00, 0x00, 0x00, 0x00, 0x00, 0x00, 0x00, 0x18, 0x00, 0x10, 0x62, 0x18, 0xc3, 0x18, 0xc3, 0x18, 0xa3, 0x20, 0xc3, 0x20, 0xc3, 0x20, 0xe3, 0x20, 0xe3, 0x20, 0xe3, 0x20, 0xe4, 0x21, 0x03, 0x00, 0x00, 0x6b, 0x0b, 0x6b, 0x4a, 0x00, 0x00, 0x00, 0x00, 0x00, 0x00, 0x00, 0x00, 0x00, 0x00, 0x00, 0x00, 0x00, 0x00, 0x00, 0x00, 0x00, 0x00, 0x00, 0x00, 0x00, 0x00, 0x00, 0x00, 0x00, 0x00, 0x00, 0x00, 
  0x00, 0x00, 0x00, 0x00, 0x00, 0x00, 0x00, 0x00, 0x00, 0x00, 0x00, 0x00, 0x00, 0x00, 0x00, 0x00, 0x00, 0x00, 0x00, 0x00, 0x00, 0x00, 0x00, 0x00, 0x00, 0x00, 0x00, 0x00, 0x00, 0x00, 0x00, 0x00, 0x00, 0x00, 0x00, 0x00, 0x00, 0x00, 0x00, 0x00, 0x00, 0x00, 0x00, 0x00, 0x00, 0x00, 0x00, 0x00, 0x00, 0x00, 0x20, 0xe4, 0x18, 0xe3, 0x18, 0x82, 0x18, 0xc3, 0x18, 0xc3, 0x18, 0xc3, 0x20, 0xc3, 0x20, 0xc3, 0x20, 0xe3, 0x20, 0xe3, 0x20, 0xe3, 0x21, 0x03, 0x00, 0x00, 0x7a, 0xec, 0x73, 0x4b, 0x5a, 0xab, 0x00, 0x00, 0x00, 0x00, 0x00, 0x00, 0x00, 0x00, 0x00, 0x00, 0x00, 0x00, 0x00, 0x00, 0x00, 0x00, 0x00, 0x00, 0x00, 0x00, 0x00, 0x00, 0x00, 0x00, 0x00, 0x00, 
  0x00, 0x00, 0x00, 0x00, 0x00, 0x00, 0x00, 0x00, 0x00, 0x00, 0x00, 0x00, 0x00, 0x00, 0x00, 0x00, 0x00, 0x00, 0x00, 0x00, 0x00, 0x00, 0x00, 0x00, 0x00, 0x00, 0x00, 0x00, 0x00, 0x00, 0x00, 0x00, 0x00, 0x00, 0x00, 0x00, 0x00, 0x00, 0x00, 0x00, 0x00, 0x00, 0x00, 0x00, 0x00, 0x00, 0x00, 0x00, 0x00, 0x00, 0x00, 0x00, 0x18, 0xe3, 0x18, 0xc3, 0x18, 0xa2, 0x18, 0xc3, 0x20, 0xc3, 0x20, 0xc3, 0x20, 0xc3, 0x20, 0xe3, 0x21, 0x03, 0x20, 0xe3, 0x21, 0x04, 0x00, 0x00, 0x00, 0x00, 0x6b, 0x6b, 0x73, 0x2a, 0x4a, 0x49, 0x00, 0x00, 0x00, 0x00, 0x00, 0x00, 0x00, 0x00, 0x00, 0x00, 0x00, 0x00, 0x00, 0x00, 0x00, 0x00, 0x00, 0x00, 0x00, 0x00, 0x00, 0x00, 0x00, 0x00, 
  0x00, 0x00, 0x00, 0x00, 0x00, 0x00, 0x00, 0x00, 0x00, 0x00, 0x00, 0x00, 0x00, 0x00, 0x00, 0x00, 0x00, 0x00, 0x00, 0x00, 0x00, 0x00, 0x00, 0x00, 0x00, 0x00, 0x00, 0x00, 0x00, 0x00, 0x00, 0x00, 0x00, 0x00, 0x00, 0x00, 0x00, 0x00, 0x00, 0x00, 0x00, 0x00, 0x00, 0x00, 0x00, 0x00, 0x00, 0x00, 0x00, 0x00, 0x18, 0xe3, 0x18, 0x62, 0x18, 0x82, 0x18, 0xc3, 0x18, 0xc3, 0x18, 0xc3, 0x20, 0xc3, 0x20, 0xe3, 0x20, 0xe3, 0x20, 0xe3, 0x20, 0xe3, 0x21, 0x04, 0x20, 0xe4, 0x00, 0x00, 0x00, 0x00, 0x7b, 0x2a, 0x73, 0x2b, 0x72, 0x49, 0x00, 0x00, 0x00, 0x00, 0x00, 0x00, 0x00, 0x00, 0x00, 0x00, 0x00, 0x00, 0x00, 0x00, 0x00, 0x00, 0x00, 0x00, 0x00, 0x00, 0x00, 0x00, 
  0x00, 0x00, 0x00, 0x00, 0x00, 0x00, 0x00, 0x00, 0x00, 0x00, 0x00, 0x00, 0x00, 0x00, 0x00, 0x00, 0x00, 0x00, 0x00, 0x00, 0x00, 0x00, 0x00, 0x00, 0x00, 0x00, 0x00, 0x00, 0x00, 0x00, 0x00, 0x00, 0x00, 0x00, 0x00, 0x00, 0x00, 0x00, 0x00, 0x00, 0x00, 0x00, 0x00, 0x00, 0x00, 0x00, 0x00, 0x00, 0x00, 0x00, 0x18, 0x00, 0x10, 0x62, 0x18, 0xc3, 0x18, 0xc3, 0x18, 0xc3, 0x18, 0xc3, 0x20, 0xc3, 0x20, 0xe3, 0x20, 0xe3, 0x20, 0xe3, 0x20, 0xe3, 0x20, 0xe4, 0x20, 0xe3, 0x21, 0x04, 0x00, 0x00, 0x00, 0x00, 0x72, 0xe9, 0x73, 0x2b, 0x72, 0x49, 0x00, 0x00, 0x00, 0x00, 0x00, 0x00, 0x00, 0x00, 0x00, 0x00, 0x00, 0x00, 0x00, 0x00, 0x00, 0x00, 0x00, 0x00, 0x00, 0x00, 
  0x00, 0x00, 0x00, 0x00, 0x00, 0x00, 0x00, 0x00, 0x00, 0x00, 0x00, 0x00, 0x00, 0x00, 0x00, 0x00, 0x00, 0x00, 0x00, 0x00, 0x00, 0x00, 0x00, 0x00, 0x00, 0x00, 0x00, 0x00, 0x00, 0x00, 0x00, 0x00, 0x00, 0x00, 0x00, 0x00, 0x00, 0x00, 0x00, 0x00, 0x00, 0x00, 0x00, 0x00, 0x00, 0x00, 0x00, 0x00, 0x00, 0x00, 0x00, 0x00, 0x18, 0xe3, 0x18, 0xc3, 0x18, 0xc3, 0x18, 0xa3, 0x20, 0xc3, 0x20, 0xc3, 0x20, 0xe3, 0x18, 0xe3, 0x21, 0x03, 0x20, 0xe3, 0x21, 0x04, 0x21, 0x04, 0x21, 0x04, 0x21, 0x03, 0x00, 0x00, 0x00, 0x00, 0x6b, 0x4b, 0x73, 0x4b, 0x63, 0x08, 0x00, 0x00, 0x00, 0x00, 0x00, 0x00, 0x00, 0x00, 0x00, 0x00, 0x00, 0x00, 0x00, 0x00, 0x00, 0x00, 0x00, 0x00, 
  0x00, 0x00, 0x00, 0x00, 0x00, 0x00, 0x00, 0x00, 0x00, 0x00, 0x00, 0x00, 0x00, 0x00, 0x00, 0x00, 0x00, 0x00, 0x00, 0x00, 0x00, 0x00, 0x00, 0x00, 0x00, 0x00, 0x00, 0x00, 0x00, 0x00, 0x00, 0x00, 0x00, 0x00, 0x00, 0x00, 0x00, 0x00, 0x00, 0x00, 0x00, 0x00, 0x00, 0x00, 0x00, 0x00, 0x00, 0x00, 0x00, 0x00, 0x18, 0xe3, 0x18, 0xe3, 0x18, 0xe3, 0x18, 0xa2, 0x18, 0xc3, 0x18, 0xc3, 0x20, 0xc3, 0x20, 0xe4, 0x20, 0xe3, 0x20, 0xe3, 0x20, 0xe3, 0x20, 0xe4, 0x21, 0x04, 0x21, 0x04, 0x21, 0x04, 0x29, 0x04, 0x00, 0x00, 0x00, 0x00, 0x73, 0x0a, 0x73, 0x4b, 0x63, 0x08, 0x00, 0x00, 0x00, 0x00, 0x00, 0x00, 0x00, 0x00, 0x00, 0x00, 0x00, 0x00, 0x00, 0x00, 0x00, 0x00, 
  0x00, 0x00, 0x00, 0x00, 0x00, 0x00, 0x00, 0x00, 0x00, 0x00, 0x00, 0x00, 0x00, 0x00, 0x00, 0x00, 0x00, 0x00, 0x00, 0x00, 0x00, 0x00, 0x00, 0x00, 0x00, 0x00, 0x00, 0x00, 0x00, 0x00, 0x00, 0x00, 0x00, 0x00, 0x00, 0x00, 0x00, 0x00, 0x00, 0x00, 0x00, 0x00, 0x00, 0x00, 0x00, 0x00, 0x00, 0x00, 0x00, 0x00, 0x18, 0xe3, 0x18, 0x62, 0x18, 0xc3, 0x18, 0xc3, 0x18, 0xc3, 0x20, 0xc3, 0x20, 0xc3, 0x20, 0xe3, 0x20, 0xe3, 0x20, 0xe3, 0x20, 0xe3, 0x20, 0xe4, 0x21, 0x04, 0x21, 0x04, 0x21, 0x04, 0x29, 0x04, 0x21, 0x04, 0x00, 0x00, 0x00, 0x00, 0x73, 0x0a, 0x73, 0x4b, 0x5a, 0xab, 0x00, 0x00, 0x00, 0x00, 0x00, 0x00, 0x00, 0x00, 0x00, 0x00, 0x00, 0x00, 0x00, 0x00, 
  0x00, 0x00, 0x00, 0x00, 0x00, 0x00, 0x00, 0x00, 0x00, 0x00, 0x00, 0x00, 0x00, 0x00, 0x00, 0x00, 0x00, 0x00, 0x00, 0x00, 0x00, 0x00, 0x00, 0x00, 0x00, 0x00, 0x00, 0x00, 0x00, 0x00, 0x00, 0x00, 0x00, 0x00, 0x00, 0x00, 0x00, 0x00, 0x00, 0x00, 0x00, 0x00, 0x00, 0x00, 0x00, 0x00, 0x00, 0x00, 0x00, 0x00, 0x18, 0x00, 0x10, 0x62, 0x18, 0xc3, 0x18, 0xc3, 0x18, 0xa3, 0x20, 0xc3, 0x20, 0xc3, 0x20, 0xe3, 0x20, 0xe3, 0x20, 0xe3, 0x20, 0xe4, 0x20, 0xe4, 0x21, 0x04, 0x21, 0x04, 0x21, 0x04, 0x29, 0x04, 0x29, 0x24, 0x29, 0x24, 0x00, 0x00, 0x00, 0x00, 0x7b, 0x4b, 0x73, 0x4b, 0x72, 0xab, 0x00, 0x00, 0x00, 0x00, 0x00, 0x00, 0x00, 0x00, 0x00, 0x00, 0x00, 0x00, 
  0x00, 0x00, 0x00, 0x00, 0x00, 0x00, 0x00, 0x00, 0x00, 0x00, 0x00, 0x00, 0x00, 0x00, 0x00, 0x00, 0x00, 0x00, 0x00, 0x00, 0x00, 0x00, 0x00, 0x00, 0x00, 0x00, 0x00, 0x00, 0x00, 0x00, 0x00, 0x00, 0x00, 0x00, 0x00, 0x00, 0x00, 0x00, 0x00, 0x00, 0x00, 0x00, 0x00, 0x00, 0x00, 0x00, 0x00, 0x00, 0x00, 0x00, 0x20, 0xe4, 0x18, 0xe3, 0x18, 0x82, 0x18, 0xc3, 0x18, 0xc3, 0x18, 0xc3, 0x20, 0xc3, 0x20, 0xc3, 0x20, 0xe3, 0x20, 0xe3, 0x20, 0xe3, 0x20, 0xe4, 0x21, 0x04, 0x21, 0x04, 0x21, 0x04, 0x21, 0x04, 0x29, 0x04, 0x29, 0x24, 0x29, 0x04, 0x00, 0x00, 0x00, 0x00, 0x73, 0x2b, 0x73, 0x4b, 0x72, 0xab, 0x00, 0x00, 0x00, 0x00, 0x00, 0x00, 0x00, 0x00, 0x00, 0x00, 
  0x00, 0x00, 0x00, 0x00, 0x00, 0x00, 0x00, 0x00, 0x00, 0x00, 0x00, 0x00, 0x00, 0x00, 0x00, 0x00, 0x00, 0x00, 0x00, 0x00, 0x00, 0x00, 0x00, 0x00, 0x00, 0x00, 0x00, 0x00, 0x00, 0x00, 0x00, 0x00, 0x00, 0x00, 0x00, 0x00, 0x00, 0x00, 0x00, 0x00, 0x00, 0x00, 0x00, 0x00, 0x00, 0x00, 0x00, 0x00, 0x00, 0x00, 0x00, 0x00, 0x18, 0xe3, 0x18, 0xc3, 0x18, 0xa2, 0x18, 0xc3, 0x20, 0xc3, 0x20, 0xc3, 0x20, 0xc3, 0x20, 0xe3, 0x21, 0x03, 0x20, 0xe3, 0x20, 0xe3, 0x21, 0x04, 0x21, 0x04, 0x21, 0x04, 0x21, 0x04, 0x29, 0x04, 0x29, 0x24, 0x29, 0x24, 0x29, 0x24, 0x00, 0x00, 0x00, 0x00, 0x6b, 0x6a, 0x73, 0x2b, 0x6a, 0x6a, 0x00, 0x00, 0x00, 0x00, 0x00, 0x00, 0x00, 0x00, 
  0x00, 0x00, 0x00, 0x00, 0x00, 0x00, 0x00, 0x00, 0x00, 0x00, 0x00, 0x00, 0x00, 0x00, 0x00, 0x00, 0x00, 0x00, 0x00, 0x00, 0x00, 0x00, 0x00, 0x00, 0x00, 0x00, 0x00, 0x00, 0x00, 0x00, 0x00, 0x00, 0x00, 0x00, 0x00, 0x00, 0x00, 0x00, 0x00, 0x00, 0x00, 0x00, 0x00, 0x00, 0x00, 0x00, 0x00, 0x00, 0x00, 0x00, 0x18, 0xe3, 0x18, 0x62, 0x18, 0x82, 0x18, 0xc3, 0x18, 0xc3, 0x18, 0xc3, 0x20, 0xc3, 0x20, 0xe3, 0x20, 0xe3, 0x20, 0xe3, 0x20, 0xe3, 0x21, 0x04, 0x21, 0x04, 0x21, 0x04, 0x21, 0x04, 0x21, 0x04, 0x29, 0x04, 0x29, 0x24, 0x29, 0x24, 0x29, 0x24, 0x29, 0x24, 0x00, 0x00, 0x00, 0x00, 0x73, 0x4b, 0x73, 0x2b, 0x6b, 0x4a, 0x00, 0x00, 0x00, 0x00, 0x00, 0x00, 
  0x00, 0x00, 0x00, 0x00, 0x00, 0x00, 0x00, 0x00, 0x00, 0x00, 0x00, 0x00, 0x00, 0x00, 0x00, 0x00, 0x00, 0x00, 0x00, 0x00, 0x00, 0x00, 0x00, 0x00, 0x00, 0x00, 0x00, 0x00, 0x00, 0x00, 0x00, 0x00, 0x00, 0x00, 0x00, 0x00, 0x00, 0x00, 0x00, 0x00, 0x00, 0x00, 0x00, 0x00, 0x00, 0x00, 0x00, 0x00, 0x00, 0x00, 0x18, 0x00, 0x10, 0x62, 0x18, 0xc3, 0x18, 0xc3, 0x18, 0xc3, 0x18, 0xc3, 0x20, 0xc3, 0x20, 0xe3, 0x20, 0xe3, 0x20, 0xe3, 0x20, 0xe3, 0x20, 0xe4, 0x21, 0x04, 0x21, 0x04, 0x21, 0x04, 0x21, 0x04, 0x29, 0x04, 0x29, 0x24, 0x29, 0x24, 0x29, 0x24, 0x29, 0x24, 0x29, 0x44, 0x00, 0x00, 0x00, 0x00, 0x73, 0x0b, 0x73, 0x2b, 0x62, 0xe9, 0x00, 0x00, 0x00, 0x00, 
  0x00, 0x00, 0x00, 0x00, 0x00, 0x00, 0x00, 0x00, 0x00, 0x00, 0x00, 0x00, 0x00, 0x00, 0x00, 0x00, 0x00, 0x00, 0x00, 0x00, 0x00, 0x00, 0x00, 0x00, 0x00, 0x00, 0x00, 0x00, 0x00, 0x00, 0x00, 0x00, 0x00, 0x00, 0x00, 0x00, 0x00, 0x00, 0x00, 0x00, 0x00, 0x00, 0x00, 0x00, 0x00, 0x00, 0x00, 0x00, 0x00, 0x00, 0x00, 0x00, 0x18, 0xe3, 0x18, 0xc3, 0x18, 0xc3, 0x18, 0xa3, 0x20, 0xc3, 0x20, 0xc3, 0x20, 0xe3, 0x18, 0xe3, 0x21, 0x03, 0x20, 0xe3, 0x21, 0x04, 0x21, 0x04, 0x21, 0x04, 0x21, 0x04, 0x29, 0x04, 0x29, 0x04, 0x29, 0x24, 0x29, 0x24, 0x29, 0x24, 0x29, 0x24, 0x29, 0x24, 0x29, 0x44, 0x00, 0x00, 0x00, 0x00, 0x6a, 0xea, 0x73, 0x2b, 0x6b, 0x46, 0x00, 0x00, 
  0x00, 0x00, 0x00, 0x00, 0x00, 0x00, 0x00, 0x00, 0x00, 0x00, 0x00, 0x00, 0x00, 0x00, 0x00, 0x00, 0x00, 0x00, 0x00, 0x00, 0x00, 0x00, 0x00, 0x00, 0x00, 0x00, 0x00, 0x00, 0x00, 0x00, 0x00, 0x00, 0x00, 0x00, 0x00, 0x00, 0x00, 0x00, 0x00, 0x00, 0x00, 0x00, 0x00, 0x00, 0x00, 0x00, 0x00, 0x00, 0x00, 0x00, 0x18, 0xe3, 0x18, 0xe3, 0x18, 0xe3, 0x18, 0xa2, 0x18, 0xc3, 0x18, 0xc3, 0x20, 0xc3, 0x20, 0xe4, 0x20, 0xe3, 0x20, 0xe3, 0x20, 0xe3, 0x20, 0xe4, 0x21, 0x04, 0x21, 0x04, 0x21, 0x04, 0x21, 0x04, 0x29, 0x04, 0x29, 0x24, 0x29, 0x24, 0x29, 0x24, 0x29, 0x24, 0x29, 0x24, 0x29, 0x44, 0x29, 0x24, 0x00, 0x00, 0x00, 0x00, 0x73, 0x2b, 0x6b, 0x4a, 0x00, 0x00, 
  0x00, 0x00, 0x00, 0x00, 0x00, 0x00, 0x00, 0x00, 0x00, 0x00, 0x00, 0x00, 0x00, 0x00, 0x00, 0x00, 0x00, 0x00, 0x00, 0x00, 0x00, 0x00, 0x00, 0x00, 0x00, 0x00, 0x00, 0x00, 0x00, 0x00, 0x00, 0x00, 0x00, 0x00, 0x00, 0x00, 0x00, 0x00, 0x00, 0x00, 0x00, 0x00, 0x00, 0x00, 0x00, 0x00, 0x00, 0x00, 0x00, 0x00, 0x18, 0xe3, 0x18, 0x62, 0x18, 0xc3, 0x18, 0xc3, 0x18, 0xc3, 0x20, 0xc3, 0x20, 0xc3, 0x20, 0xe3, 0x20, 0xe3, 0x20, 0xe3, 0x20, 0xe3, 0x20, 0xe4, 0x21, 0x04, 0x21, 0x04, 0x21, 0x04, 0x21, 0x04, 0x29, 0x04, 0x29, 0x24, 0x29, 0x24, 0x29, 0x24, 0x29, 0x24, 0x29, 0x24, 0x29, 0x44, 0x29, 0x44, 0x21, 0x24, 0x00, 0x00, 0x73, 0x2b, 0x83, 0x4a, 0x00, 0x00, 
  0x00, 0x00, 0x00, 0x00, 0x00, 0x00, 0x00, 0x00, 0x00, 0x00, 0x00, 0x00, 0x00, 0x00, 0x00, 0x00, 0x00, 0x00, 0x00, 0x00, 0x00, 0x00, 0x00, 0x00, 0x00, 0x00, 0x00, 0x00, 0x00, 0x00, 0x00, 0x00, 0x00, 0x00, 0x00, 0x00, 0x00, 0x00, 0x00, 0x00, 0x00, 0x00, 0x00, 0x00, 0x00, 0x00, 0x00, 0x00, 0x00, 0x00, 0x18, 0x00, 0x10, 0x62, 0x18, 0xc3, 0x18, 0xc3, 0x18, 0xa3, 0x20, 0xc3, 0x20, 0xc3, 0x20, 0xe3, 0x20, 0xe3, 0x20, 0xe3, 0x20, 0xe4, 0x20, 0xe4, 0x21, 0x04, 0x21, 0x04, 0x21, 0x04, 0x29, 0x04, 0x29, 0x04, 0x29, 0x24, 0x29, 0x24, 0x29, 0x24, 0x29, 0x24, 0x29, 0x24, 0x29, 0x24, 0x29, 0x44, 0x21, 0x24, 0x00, 0x00, 0x73, 0x2b, 0x7a, 0xec, 0x00, 0x00, 
  0x00, 0x00, 0x00, 0x00, 0x00, 0x00, 0x00, 0x00, 0x00, 0x00, 0x00, 0x00, 0x00, 0x00, 0x00, 0x00, 0x00, 0x00, 0x00, 0x00, 0x00, 0x00, 0x00, 0x00, 0x00, 0x00, 0x00, 0x00, 0x00, 0x00, 0x00, 0x00, 0x00, 0x00, 0x00, 0x00, 0x00, 0x00, 0x00, 0x00, 0x00, 0x00, 0x00, 0x00, 0x00, 0x00, 0x00, 0x00, 0x00, 0x00, 0x20, 0xe4, 0x18, 0xe3, 0x18, 0x82, 0x18, 0xc3, 0x18, 0xc3, 0x18, 0xc3, 0x20, 0xc3, 0x20, 0xc3, 0x20, 0xe3, 0x20, 0xe3, 0x20, 0xe3, 0x20, 0xe4, 0x21, 0x04, 0x21, 0x04, 0x21, 0x04, 0x21, 0x04, 0x29, 0x04, 0x29, 0x24, 0x29, 0x24, 0x29, 0x24, 0x29, 0x24, 0x29, 0x24, 0x29, 0x44, 0x29, 0x44, 0x21, 0x24, 0x00, 0x00, 0x73, 0x2b, 0x7a, 0xec, 0x00, 0x00, 
  0x00, 0x00, 0x00, 0x00, 0x00, 0x00, 0x00, 0x00, 0x00, 0x00, 0x00, 0x00, 0x00, 0x00, 0x00, 0x00, 0x00, 0x00, 0x00, 0x00, 0x00, 0x00, 0x00, 0x00, 0x00, 0x00, 0x00, 0x00, 0x00, 0x00, 0x00, 0x00, 0x00, 0x00, 0x00, 0x00, 0x00, 0x00, 0x00, 0x00, 0x00, 0x00, 0x00, 0x00, 0x00, 0x00, 0x00, 0x00, 0x00, 0x00, 0x00, 0x00, 0x18, 0xe3, 0x18, 0xc3, 0x18, 0xa2, 0x18, 0xc3, 0x20, 0xc3, 0x20, 0xc3, 0x20, 0xc3, 0x20, 0xe3, 0x21, 0x03, 0x20, 0xe3, 0x20, 0xe3, 0x21, 0x04, 0x21, 0x04, 0x21, 0x04, 0x21, 0x04, 0x29, 0x04, 0x29, 0x24, 0x29, 0x24, 0x29, 0x24, 0x29, 0x24, 0x29, 0x24, 0x29, 0x24, 0x29, 0x44, 0x21, 0x24, 0x00, 0x00, 0x73, 0x4b, 0x6a, 0xab, 0x00, 0x00, 
  0x00, 0x00, 0x00, 0x00, 0x00, 0x00, 0x00, 0x00, 0x00, 0x00, 0x00, 0x00, 0x00, 0x00, 0x00, 0x00, 0x00, 0x00, 0x00, 0x00, 0x00, 0x00, 0x00, 0x00, 0x00, 0x00, 0x00, 0x00, 0x00, 0x00, 0x00, 0x00, 0x00, 0x00, 0x00, 0x00, 0x00, 0x00, 0x00, 0x00, 0x00, 0x00, 0x00, 0x00, 0x00, 0x00, 0x00, 0x00, 0x00, 0x00, 0x18, 0xe3, 0x18, 0x62, 0x18, 0x82, 0x18, 0xc3, 0x18, 0xc3, 0x18, 0xc3, 0x20, 0xc3, 0x20, 0xe3, 0x20, 0xe3, 0x20, 0xe3, 0x20, 0xe3, 0x21, 0x04, 0x21, 0x04, 0x21, 0x04, 0x21, 0x04, 0x21, 0x04, 0x29, 0x04, 0x29, 0x24, 0x29, 0x24, 0x29, 0x24, 0x29, 0x24, 0x29, 0x24, 0x29, 0x44, 0x29, 0x44, 0x21, 0x24, 0x00, 0x00, 0x73, 0x4b, 0x6b, 0x6b, 0x00, 0x00, 
  0x00, 0x00, 0x00, 0x00, 0x00, 0x00, 0x00, 0x00, 0x00, 0x00, 0x00, 0x00, 0x00, 0x00, 0x00, 0x00, 0x00, 0x00, 0x00, 0x00, 0x00, 0x00, 0x00, 0x00, 0x00, 0x00, 0x00, 0x00, 0x00, 0x00, 0x00, 0x00, 0x00, 0x00, 0x00, 0x00, 0x00, 0x00, 0x00, 0x00, 0x00, 0x00, 0x00, 0x00, 0x00, 0x00, 0x00, 0x00, 0x00, 0x00, 0x18, 0x00, 0x10, 0x62, 0x18, 0xc3, 0x18, 0xc3, 0x18, 0xc3, 0x18, 0xc3, 0x20, 0xc3, 0x20, 0xe3, 0x20, 0xe3, 0x20, 0xe3, 0x20, 0xe3, 0x20, 0xe4, 0x21, 0x04, 0x21, 0x04, 0x21, 0x04, 0x21, 0x04, 0x29, 0x04, 0x29, 0x24, 0x29, 0x24, 0x29, 0x24, 0x29, 0x24, 0x29, 0x24, 0x29, 0x44, 0x29, 0x44, 0x21, 0x24, 0x00, 0x00, 0x73, 0x4b, 0x6b, 0x6b, 0x00, 0x00, 
  0x00, 0x00, 0x00, 0x00, 0x00, 0x00, 0x00, 0x00, 0x00, 0x00, 0x00, 0x00, 0x00, 0x00, 0x00, 0x00, 0x00, 0x00, 0x00, 0x00, 0x00, 0x00, 0x00, 0x00, 0x00, 0x00, 0x00, 0x00, 0x00, 0x00, 0x00, 0x00, 0x00, 0x00, 0x00, 0x00, 0x00, 0x00, 0x00, 0x00, 0x00, 0x00, 0x00, 0x00, 0x00, 0x00, 0x00, 0x00, 0x00, 0x00, 0x00, 0x00, 0x18, 0xe3, 0x18, 0xc3, 0x18, 0xc3, 0x18, 0xa3, 0x20, 0xc3, 0x20, 0xc3, 0x20, 0xe3, 0x18, 0xe3, 0x21, 0x03, 0x20, 0xe3, 0x21, 0x04, 0x21, 0x04, 0x21, 0x04, 0x21, 0x04, 0x29, 0x04, 0x29, 0x04, 0x29, 0x24, 0x29, 0x24, 0x29, 0x24, 0x29, 0x24, 0x29, 0x24, 0x29, 0x44, 0x29, 0x44, 0x21, 0x24, 0x00, 0x00, 0x73, 0x4b, 0x7b, 0x2a, 0x00, 0x00, 
  0x00, 0x00, 0x00, 0x00, 0x00, 0x00, 0x00, 0x00, 0x00, 0x00, 0x00, 0x00, 0x00, 0x00, 0x00, 0x00, 0x00, 0x00, 0x00, 0x00, 0x00, 0x00, 0x00, 0x00, 0x00, 0x00, 0x00, 0x00, 0x00, 0x00, 0x00, 0x00, 0x00, 0x00, 0x00, 0x00, 0x00, 0x00, 0x00, 0x00, 0x00, 0x00, 0x00, 0x00, 0x00, 0x00, 0x00, 0x00, 0x00, 0x00, 0x18, 0xe3, 0x18, 0xe3, 0x18, 0xe3, 0x18, 0xa2, 0x18, 0xc3, 0x18, 0xc3, 0x20, 0xc3, 0x20, 0xe4, 0x20, 0xe3, 0x20, 0xe3, 0x20, 0xe3, 0x20, 0xe4, 0x21, 0x04, 0x21, 0x04, 0x21, 0x04, 0x21, 0x04, 0x29, 0x04, 0x29, 0x24, 0x29, 0x24, 0x29, 0x24, 0x29, 0x24, 0x29, 0x24, 0x29, 0x44, 0x29, 0x44, 0x21, 0x24, 0x00, 0x00, 0x73, 0x2b, 0x7b, 0x2a, 0x00, 0x00, 
  0x00, 0x00, 0x00, 0x00, 0x00, 0x00, 0x00, 0x00, 0x00, 0x00, 0x00, 0x00, 0x00, 0x00, 0x00, 0x00, 0x00, 0x00, 0x00, 0x00, 0x00, 0x00, 0x00, 0x00, 0x00, 0x00, 0x00, 0x00, 0x00, 0x00, 0x00, 0x00, 0x00, 0x00, 0x00, 0x00, 0x00, 0x00, 0x00, 0x00, 0x00, 0x00, 0x00, 0x00, 0x00, 0x00, 0x00, 0x00, 0x00, 0x00, 0x18, 0xe3, 0x18, 0x62, 0x18, 0xc3, 0x18, 0xc3, 0x18, 0xc3, 0x20, 0xc3, 0x20, 0xc3, 0x20, 0xe3, 0x20, 0xe3, 0x20, 0xe3, 0x20, 0xe3, 0x20, 0xe4, 0x21, 0x04, 0x21, 0x04, 0x21, 0x04, 0x21, 0x04, 0x29, 0x04, 0x29, 0x24, 0x29, 0x24, 0x29, 0x24, 0x29, 0x24, 0x29, 0x24, 0x29, 0x44, 0x29, 0x44, 0x21, 0x24, 0x00, 0x00, 0x73, 0x2b, 0x72, 0xe9, 0x00, 0x00, 
  0x00, 0x00, 0x00, 0x00, 0x00, 0x00, 0x00, 0x00, 0x00, 0x00, 0x00, 0x00, 0x00, 0x00, 0x00, 0x00, 0x00, 0x00, 0x00, 0x00, 0x00, 0x00, 0x00, 0x00, 0x00, 0x00, 0x00, 0x00, 0x00, 0x00, 0x00, 0x00, 0x00, 0x00, 0x00, 0x00, 0x00, 0x00, 0x00, 0x00, 0x00, 0x00, 0x00, 0x00, 0x00, 0x00, 0x00, 0x00, 0x00, 0x00, 0x18, 0x00, 0x10, 0x62, 0x18, 0xc3, 0x18, 0xc3, 0x18, 0xa3, 0x20, 0xc3, 0x20, 0xc3, 0x20, 0xe3, 0x20, 0xe3, 0x20, 0xe3, 0x20, 0xe4, 0x20, 0xe4, 0x21, 0x04, 0x21, 0x04, 0x21, 0x04, 0x29, 0x04, 0x29, 0x04, 0x29, 0x24, 0x29, 0x24, 0x29, 0x24, 0x29, 0x24, 0x29, 0x24, 0x29, 0x24, 0x29, 0x44, 0x21, 0x24, 0x00, 0x00, 0x73, 0x2b, 0x72, 0xeb, 0x00, 0x00, 
  0x00, 0x00, 0x00, 0x00, 0x00, 0x00, 0x00, 0x00, 0x00, 0x00, 0x00, 0x00, 0x00, 0x00, 0x00, 0x00, 0x00, 0x00, 0x00, 0x00, 0x00, 0x00, 0x00, 0x00, 0x00, 0x00, 0x00, 0x00, 0x00, 0x00, 0x00, 0x00, 0x00, 0x00, 0x00, 0x00, 0x00, 0x00, 0x00, 0x00, 0x00, 0x00, 0x00, 0x00, 0x00, 0x00, 0x00, 0x00, 0x00, 0x00, 0x20, 0xe4, 0x18, 0xe3, 0x18, 0x82, 0x18, 0xc3, 0x18, 0xc3, 0x18, 0xc3, 0x20, 0xc3, 0x20, 0xc3, 0x20, 0xe3, 0x20, 0xe3, 0x20, 0xe3, 0x20, 0xe4, 0x21, 0x04, 0x21, 0x04, 0x21, 0x04, 0x21, 0x04, 0x29, 0x04, 0x29, 0x24, 0x29, 0x24, 0x29, 0x24, 0x29, 0x24, 0x29, 0x24, 0x29, 0x44, 0x29, 0x44, 0x21, 0x24, 0x00, 0x00, 0x73, 0x2b, 0x73, 0x6b, 0x00, 0x00, 
  0x00, 0x00, 0x00, 0x00, 0x00, 0x00, 0x00, 0x00, 0x00, 0x00, 0x00, 0x00, 0x00, 0x00, 0x00, 0x00, 0x00, 0x00, 0x00, 0x00, 0x00, 0x00, 0x00, 0x00, 0x00, 0x00, 0x00, 0x00, 0x00, 0x00, 0x00, 0x00, 0x00, 0x00, 0x00, 0x00, 0x00, 0x00, 0x00, 0x00, 0x00, 0x00, 0x00, 0x00, 0x00, 0x00, 0x00, 0x00, 0x00, 0x00, 0x00, 0x00, 0x18, 0xe3, 0x18, 0xc3, 0x18, 0xa2, 0x18, 0xc3, 0x20, 0xc3, 0x20, 0xc3, 0x20, 0xc3, 0x20, 0xe3, 0x21, 0x03, 0x20, 0xe3, 0x20, 0xe3, 0x21, 0x04, 0x21, 0x04, 0x21, 0x04, 0x21, 0x04, 0x29, 0x04, 0x29, 0x24, 0x29, 0x24, 0x29, 0x24, 0x29, 0x24, 0x29, 0x24, 0x29, 0x24, 0x29, 0x44, 0x21, 0x24, 0x00, 0x00, 0x73, 0x4b, 0x6b, 0x4b, 0x00, 0x00, 
  0x00, 0x00, 0x00, 0x00, 0x00, 0x00, 0x00, 0x00, 0x00, 0x00, 0x00, 0x00, 0x00, 0x00, 0x00, 0x00, 0x00, 0x00, 0x00, 0x00, 0x00, 0x00, 0x00, 0x00, 0x00, 0x00, 0x00, 0x00, 0x00, 0x00, 0x00, 0x00, 0x00, 0x00, 0x00, 0x00, 0x00, 0x00, 0x00, 0x00, 0x00, 0x00, 0x00, 0x00, 0x00, 0x00, 0x00, 0x00, 0x00, 0x00, 0x18, 0xe3, 0x18, 0x62, 0x18, 0x82, 0x18, 0xc3, 0x18, 0xc3, 0x18, 0xc3, 0x20, 0xc3, 0x20, 0xe3, 0x20, 0xe3, 0x20, 0xe3, 0x20, 0xe3, 0x21, 0x04, 0x21, 0x04, 0x21, 0x04, 0x21, 0x04, 0x21, 0x04, 0x29, 0x04, 0x29, 0x24, 0x29, 0x24, 0x29, 0x24, 0x29, 0x24, 0x29, 0x24, 0x29, 0x44, 0x29, 0x44, 0x21, 0x24, 0x00, 0x00, 0x73, 0x4b, 0x7b, 0x4b, 0x00, 0x00, 
  0x00, 0x00, 0x00, 0x00, 0x00, 0x00, 0x00, 0x00, 0x00, 0x00, 0x00, 0x00, 0x00, 0x00, 0x00, 0x00, 0x00, 0x00, 0x00, 0x00, 0x00, 0x00, 0x00, 0x00, 0x00, 0x00, 0x00, 0x00, 0x00, 0x00, 0x00, 0x00, 0x00, 0x00, 0x00, 0x00, 0x00, 0x00, 0x00, 0x00, 0x00, 0x00, 0x00, 0x00, 0x00, 0x00, 0x00, 0x00, 0x00, 0x00, 0x18, 0x00, 0x10, 0x62, 0x18, 0xc3, 0x18, 0xc3, 0x18, 0xc3, 0x18, 0xc3, 0x20, 0xc3, 0x20, 0xe3, 0x20, 0xe3, 0x20, 0xe3, 0x20, 0xe3, 0x20, 0xe4, 0x21, 0x04, 0x21, 0x04, 0x21, 0x04, 0x21, 0x04, 0x29, 0x04, 0x29, 0x24, 0x29, 0x24, 0x29, 0x24, 0x29, 0x24, 0x29, 0x24, 0x29, 0x44, 0x29, 0x44, 0x21, 0x24, 0x00, 0x00, 0x7b, 0x2b, 0x7b, 0x4b, 0x00, 0x00, 
  0x00, 0x00, 0x00, 0x00, 0x00, 0x00, 0x00, 0x00, 0x00, 0x00, 0x00, 0x00, 0x00, 0x00, 0x00, 0x00, 0x00, 0x00, 0x00, 0x00, 0x00, 0x00, 0x00, 0x00, 0x00, 0x00, 0x00, 0x00, 0x00, 0x00, 0x00, 0x00, 0x00, 0x00, 0x00, 0x00, 0x00, 0x00, 0x00, 0x00, 0x00, 0x00, 0x00, 0x00, 0x00, 0x00, 0x00, 0x00, 0x00, 0x00, 0x00, 0x00, 0x18, 0xe3, 0x18, 0xc3, 0x18, 0xc3, 0x18, 0xa3, 0x20, 0xc3, 0x20, 0xc3, 0x20, 0xe3, 0x18, 0xe3, 0x21, 0x03, 0x20, 0xe3, 0x21, 0x04, 0x21, 0x04, 0x21, 0x04, 0x21, 0x04, 0x29, 0x04, 0x29, 0x04, 0x29, 0x24, 0x29, 0x24, 0x29, 0x24, 0x29, 0x24, 0x29, 0x24, 0x29, 0x44, 0x29, 0x44, 0x21, 0x24, 0x00, 0x00, 0x7b, 0x2b, 0x73, 0x0a, 0x00, 0x00, 
  0x00, 0x00, 0x00, 0x00, 0x00, 0x00, 0x00, 0x00, 0x00, 0x00, 0x00, 0x00, 0x00, 0x00, 0x00, 0x00, 0x00, 0x00, 0x00, 0x00, 0x00, 0x00, 0x00, 0x00, 0x00, 0x00, 0x00, 0x00, 0x00, 0x00, 0x00, 0x00, 0x00, 0x00, 0x00, 0x00, 0x00, 0x00, 0x00, 0x00, 0x00, 0x00, 0x00, 0x00, 0x00, 0x00, 0x00, 0x00, 0x00, 0x00, 0x18, 0xe3, 0x18, 0xe3, 0x18, 0xe3, 0x18, 0xa2, 0x18, 0xc3, 0x18, 0xc3, 0x20, 0xc3, 0x20, 0xe4, 0x20, 0xe3, 0x20, 0xe3, 0x20, 0xe3, 0x20, 0xe4, 0x21, 0x04, 0x21, 0x04, 0x21, 0x04, 0x21, 0x04, 0x29, 0x04, 0x29, 0x24, 0x29, 0x24, 0x29, 0x24, 0x29, 0x24, 0x29, 0x24, 0x29, 0x44, 0x29, 0x44, 0x21, 0x24, 0x00, 0x00, 0x73, 0x4b, 0x73, 0x0a, 0x00, 0x00, 
  0x00, 0x00, 0x00, 0x00, 0x00, 0x00, 0x00, 0x00, 0x00, 0x00, 0x00, 0x00, 0x00, 0x00, 0x00, 0x00, 0x00, 0x00, 0x00, 0x00, 0x00, 0x00, 0x00, 0x00, 0x00, 0x00, 0x00, 0x00, 0x00, 0x00, 0x00, 0x00, 0x00, 0x00, 0x00, 0x00, 0x00, 0x00, 0x00, 0x00, 0x00, 0x00, 0x00, 0x00, 0x00, 0x00, 0x00, 0x00, 0x00, 0x00, 0x18, 0xe3, 0x18, 0x62, 0x18, 0xc3, 0x18, 0xc3, 0x18, 0xc3, 0x20, 0xc3, 0x20, 0xc3, 0x20, 0xe3, 0x20, 0xe3, 0x20, 0xe3, 0x20, 0xe3, 0x20, 0xe4, 0x21, 0x04, 0x21, 0x04, 0x21, 0x04, 0x21, 0x04, 0x29, 0x04, 0x29, 0x24, 0x29, 0x24, 0x29, 0x24, 0x29, 0x24, 0x29, 0x24, 0x29, 0x44, 0x29, 0x44, 0x21, 0x24, 0x00, 0x00, 0x73, 0x4b, 0x73, 0x0c, 0x00, 0x00, 
  0x00, 0x00, 0x00, 0x00, 0x00, 0x00, 0x00, 0x00, 0x00, 0x00, 0x00, 0x00, 0x00, 0x00, 0x00, 0x00, 0x00, 0x00, 0x00, 0x00, 0x00, 0x00, 0x00, 0x00, 0x00, 0x00, 0x00, 0x00, 0x00, 0x00, 0x00, 0x00, 0x00, 0x00, 0x00, 0x00, 0x00, 0x00, 0x00, 0x00, 0x00, 0x00, 0x00, 0x00, 0x00, 0x00, 0x00, 0x00, 0x00, 0x00, 0x18, 0x00, 0x10, 0x62, 0x18, 0xc3, 0x18, 0xc3, 0x18, 0xa3, 0x20, 0xc3, 0x20, 0xc3, 0x20, 0xe3, 0x20, 0xe3, 0x20, 0xe3, 0x20, 0xe4, 0x20, 0xe4, 0x21, 0x04, 0x21, 0x04, 0x21, 0x04, 0x29, 0x04, 0x29, 0x04, 0x29, 0x24, 0x29, 0x24, 0x29, 0x24, 0x29, 0x24, 0x29, 0x24, 0x29, 0x24, 0x29, 0x44, 0x21, 0x24, 0x00, 0x00, 0x73, 0x4b, 0x6b, 0x4b, 0x00, 0x00, 
  0x00, 0x00, 0x00, 0x00, 0x00, 0x00, 0x00, 0x00, 0x00, 0x00, 0x00, 0x00, 0x00, 0x00, 0x00, 0x00, 0x00, 0x00, 0x00, 0x00, 0x00, 0x00, 0x00, 0x00, 0x00, 0x00, 0x00, 0x00, 0x00, 0x00, 0x00, 0x00, 0x00, 0x00, 0x00, 0x00, 0x00, 0x00, 0x00, 0x00, 0x00, 0x00, 0x00, 0x00, 0x00, 0x00, 0x00, 0x00, 0x00, 0x00, 0x20, 0xe4, 0x18, 0xe3, 0x18, 0x82, 0x18, 0xc3, 0x18, 0xc3, 0x18, 0xc3, 0x20, 0xc3, 0x20, 0xc3, 0x20, 0xe3, 0x20, 0xe3, 0x20, 0xe3, 0x20, 0xe4, 0x21, 0x04, 0x21, 0x04, 0x21, 0x04, 0x21, 0x04, 0x29, 0x04, 0x29, 0x24, 0x29, 0x24, 0x29, 0x24, 0x29, 0x24, 0x29, 0x24, 0x29, 0x44, 0x29, 0x44, 0x21, 0x24, 0x00, 0x00, 0x73, 0x2b, 0x7b, 0x4b, 0x00, 0x00, 
  0x00, 0x00, 0x00, 0x00, 0x00, 0x00, 0x00, 0x00, 0x00, 0x00, 0x00, 0x00, 0x00, 0x00, 0x00, 0x00, 0x00, 0x00, 0x00, 0x00, 0x00, 0x00, 0x00, 0x00, 0x00, 0x00, 0x00, 0x00, 0x00, 0x00, 0x00, 0x00, 0x00, 0x00, 0x00, 0x00, 0x00, 0x00, 0x00, 0x00, 0x00, 0x00, 0x00, 0x00, 0x00, 0x00, 0x00, 0x00, 0x00, 0x00, 0x00, 0x00, 0x18, 0xe3, 0x18, 0xc3, 0x18, 0xa2, 0x18, 0xc3, 0x20, 0xc3, 0x20, 0xc3, 0x20, 0xc3, 0x20, 0xe3, 0x21, 0x03, 0x20, 0xe3, 0x20, 0xe3, 0x21, 0x04, 0x21, 0x04, 0x21, 0x04, 0x21, 0x04, 0x29, 0x04, 0x29, 0x24, 0x29, 0x24, 0x29, 0x24, 0x29, 0x24, 0x29, 0x24, 0x29, 0x24, 0x29, 0x44, 0x21, 0x24, 0x00, 0x00, 0x73, 0x4b, 0x73, 0x2b, 0x00, 0x00, 
  0x00, 0x00, 0x00, 0x00, 0x00, 0x00, 0x00, 0x00, 0x00, 0x00, 0x00, 0x00, 0x00, 0x00, 0x00, 0x00, 0x00, 0x00, 0x00, 0x00, 0x00, 0x00, 0x00, 0x00, 0x00, 0x00, 0x00, 0x00, 0x00, 0x00, 0x00, 0x00, 0x00, 0x00, 0x00, 0x00, 0x00, 0x00, 0x00, 0x00, 0x00, 0x00, 0x00, 0x00, 0x00, 0x00, 0x00, 0x00, 0x00, 0x00, 0x18, 0xe3, 0x18, 0x62, 0x18, 0x82, 0x18, 0xc3, 0x18, 0xc3, 0x18, 0xc3, 0x20, 0xc3, 0x20, 0xe3, 0x20, 0xe3, 0x20, 0xe3, 0x20, 0xe3, 0x21, 0x04, 0x21, 0x04, 0x21, 0x04, 0x21, 0x04, 0x21, 0x04, 0x29, 0x04, 0x29, 0x24, 0x29, 0x24, 0x29, 0x24, 0x29, 0x24, 0x29, 0x24, 0x29, 0x44, 0x29, 0x44, 0x21, 0x24, 0x00, 0x00, 0x73, 0x2b, 0x73, 0x2b, 0x00, 0x00, 
  0x00, 0x00, 0x00, 0x00, 0x00, 0x00, 0x00, 0x00, 0x00, 0x00, 0x00, 0x00, 0x00, 0x00, 0x00, 0x00, 0x00, 0x00, 0x00, 0x00, 0x00, 0x00, 0x00, 0x00, 0x00, 0x00, 0x00, 0x00, 0x00, 0x00, 0x00, 0x00, 0x00, 0x00, 0x00, 0x00, 0x00, 0x00, 0x00, 0x00, 0x00, 0x00, 0x00, 0x00, 0x00, 0x00, 0x00, 0x00, 0x00, 0x00, 0x18, 0x00, 0x10, 0x62, 0x18, 0xc3, 0x18, 0xc3, 0x18, 0xc3, 0x18, 0xc3, 0x20, 0xc3, 0x20, 0xe3, 0x20, 0xe3, 0x20, 0xe3, 0x20, 0xe3, 0x20, 0xe4, 0x21, 0x04, 0x21, 0x04, 0x21, 0x04, 0x21, 0x04, 0x29, 0x04, 0x29, 0x24, 0x29, 0x24, 0x29, 0x24, 0x29, 0x24, 0x29, 0x24, 0x29, 0x44, 0x29, 0x44, 0x21, 0x24, 0x00, 0x00, 0x73, 0x4b, 0x73, 0x2b, 0x00, 0x00, 
  0x00, 0x00, 0x00, 0x00, 0x00, 0x00, 0x00, 0x00, 0x00, 0x00, 0x00, 0x00, 0x00, 0x00, 0x00, 0x00, 0x00, 0x00, 0x00, 0x00, 0x00, 0x00, 0x00, 0x00, 0x00, 0x00, 0x00, 0x00, 0x00, 0x00, 0x00, 0x00, 0x00, 0x00, 0x00, 0x00, 0x00, 0x00, 0x00, 0x00, 0x00, 0x00, 0x00, 0x00, 0x00, 0x00, 0x00, 0x00, 0x00, 0x00, 0x00, 0x00, 0x18, 0xe3, 0x18, 0xc3, 0x18, 0xc3, 0x18, 0xa3, 0x20, 0xc3, 0x20, 0xc3, 0x20, 0xe3, 0x18, 0xe3, 0x21, 0x03, 0x20, 0xe3, 0x21, 0x04, 0x21, 0x04, 0x21, 0x04, 0x21, 0x04, 0x29, 0x04, 0x29, 0x04, 0x29, 0x24, 0x29, 0x24, 0x29, 0x24, 0x29, 0x24, 0x29, 0x24, 0x29, 0x44, 0x29, 0x44, 0x21, 0x24, 0x00, 0x00, 0x73, 0x4b, 0x6b, 0x0a, 0x00, 0x00, 
  0x00, 0x00, 0x00, 0x00, 0x00, 0x00, 0x00, 0x00, 0x00, 0x00, 0x00, 0x00, 0x00, 0x00, 0x00, 0x00, 0x00, 0x00, 0x00, 0x00, 0x00, 0x00, 0x00, 0x00, 0x00, 0x00, 0x00, 0x00, 0x00, 0x00, 0x00, 0x00, 0x00, 0x00, 0x00, 0x00, 0x00, 0x00, 0x00, 0x00, 0x00, 0x00, 0x00, 0x00, 0x00, 0x00, 0x00, 0x00, 0x00, 0x00, 0x18, 0xe3, 0x18, 0xe3, 0x18, 0xe3, 0x18, 0xa2, 0x18, 0xc3, 0x18, 0xc3, 0x20, 0xc3, 0x20, 0xe4, 0x20, 0xe3, 0x20, 0xe3, 0x20, 0xe3, 0x20, 0xe4, 0x21, 0x04, 0x21, 0x04, 0x21, 0x04, 0x21, 0x04, 0x29, 0x04, 0x29, 0x24, 0x29, 0x24, 0x29, 0x24, 0x29, 0x24, 0x29, 0x24, 0x29, 0x44, 0x29, 0x44, 0x21, 0x24, 0x00, 0x00, 0x73, 0x2b, 0x6b, 0x6a, 0x00, 0x00, 
  0x00, 0x00, 0x00, 0x00, 0x00, 0x00, 0x00, 0x00, 0x00, 0x00, 0x00, 0x00, 0x00, 0x00, 0x00, 0x00, 0x00, 0x00, 0x00, 0x00, 0x00, 0x00, 0x00, 0x00, 0x00, 0x00, 0x00, 0x00, 0x00, 0x00, 0x00, 0x00, 0x00, 0x00, 0x00, 0x00, 0x00, 0x00, 0x00, 0x00, 0x00, 0x00, 0x00, 0x00, 0x00, 0x00, 0x00, 0x00, 0x00, 0x00, 0x18, 0xe3, 0x18, 0x62, 0x18, 0xc3, 0x18, 0xc3, 0x18, 0xc3, 0x20, 0xc3, 0x20, 0xc3, 0x20, 0xe3, 0x20, 0xe3, 0x20, 0xe3, 0x20, 0xe3, 0x20, 0xe4, 0x21, 0x04, 0x21, 0x04, 0x21, 0x04, 0x21, 0x04, 0x29, 0x04, 0x29, 0x24, 0x29, 0x24, 0x29, 0x24, 0x29, 0x24, 0x29, 0x24, 0x29, 0x44, 0x29, 0x44, 0x21, 0x24, 0x00, 0x00, 0x73, 0x2b, 0x7b, 0x6c, 0x00, 0x00, 
  0x00, 0x00, 0x00, 0x00, 0x00, 0x00, 0x00, 0x00, 0x00, 0x00, 0x00, 0x00, 0x00, 0x00, 0x00, 0x00, 0x00, 0x00, 0x00, 0x00, 0x00, 0x00, 0x00, 0x00, 0x00, 0x00, 0x00, 0x00, 0x00, 0x00, 0x00, 0x00, 0x00, 0x00, 0x00, 0x00, 0x00, 0x00, 0x00, 0x00, 0x00, 0x00, 0x00, 0x00, 0x00, 0x00, 0x00, 0x00, 0x00, 0x00, 0x18, 0x00, 0x10, 0x62, 0x18, 0xc3, 0x18, 0xc3, 0x18, 0xa3, 0x20, 0xc3, 0x20, 0xc3, 0x20, 0xe3, 0x20, 0xe3, 0x20, 0xe3, 0x20, 0xe4, 0x20, 0xe4, 0x21, 0x04, 0x21, 0x04, 0x21, 0x04, 0x29, 0x04, 0x29, 0x04, 0x29, 0x24, 0x29, 0x24, 0x29, 0x24, 0x29, 0x24, 0x29, 0x24, 0x29, 0x24, 0x29, 0x44, 0x21, 0x24, 0x00, 0x00, 0x73, 0x4b, 0x73, 0x4b, 0x00, 0x00, 
  0x00, 0x00, 0x00, 0x00, 0x00, 0x00, 0x00, 0x00, 0x00, 0x00, 0x00, 0x00, 0x00, 0x00, 0x00, 0x00, 0x00, 0x00, 0x00, 0x00, 0x00, 0x00, 0x00, 0x00, 0x00, 0x00, 0x00, 0x00, 0x00, 0x00, 0x00, 0x00, 0x00, 0x00, 0x00, 0x00, 0x00, 0x00, 0x00, 0x00, 0x00, 0x00, 0x00, 0x00, 0x00, 0x00, 0x00, 0x00, 0x00, 0x00, 0x20, 0xe4, 0x18, 0xe3, 0x18, 0x82, 0x18, 0xc3, 0x18, 0xc3, 0x18, 0xc3, 0x20, 0xc3, 0x20, 0xc3, 0x20, 0xe3, 0x20, 0xe3, 0x20, 0xe3, 0x20, 0xe4, 0x21, 0x04, 0x21, 0x04, 0x21, 0x04, 0x21, 0x04, 0x29, 0x04, 0x29, 0x24, 0x29, 0x24, 0x29, 0x24, 0x29, 0x24, 0x29, 0x24, 0x29, 0x44, 0x29, 0x44, 0x21, 0x24, 0x00, 0x00, 0x73, 0x2b, 0x73, 0x4b, 0x00, 0x00, 
  0x00, 0x00, 0x00, 0x00, 0x00, 0x00, 0x00, 0x00, 0x00, 0x00, 0x00, 0x00, 0x00, 0x00, 0x00, 0x00, 0x00, 0x00, 0x00, 0x00, 0x00, 0x00, 0x00, 0x00, 0x00, 0x00, 0x00, 0x00, 0x00, 0x00, 0x00, 0x00, 0x00, 0x00, 0x00, 0x00, 0x00, 0x00, 0x00, 0x00, 0x00, 0x00, 0x00, 0x00, 0x00, 0x00, 0x00, 0x00, 0x00, 0x00, 0x00, 0x00, 0x18, 0xe3, 0x18, 0xc3, 0x18, 0xa2, 0x18, 0xc3, 0x20, 0xc3, 0x20, 0xc3, 0x20, 0xc3, 0x20, 0xe3, 0x21, 0x03, 0x20, 0xe3, 0x20, 0xe3, 0x21, 0x04, 0x21, 0x04, 0x21, 0x04, 0x21, 0x04, 0x29, 0x04, 0x29, 0x24, 0x29, 0x24, 0x29, 0x24, 0x29, 0x24, 0x29, 0x24, 0x29, 0x24, 0x29, 0x44, 0x21, 0x24, 0x00, 0x00, 0x73, 0x4b, 0x73, 0x0b, 0x00, 0x00, 
  0x00, 0x00, 0x00, 0x00, 0x00, 0x00, 0x00, 0x00, 0x00, 0x00, 0x00, 0x00, 0x00, 0x00, 0x00, 0x00, 0x00, 0x00, 0x00, 0x00, 0x00, 0x00, 0x00, 0x00, 0x00, 0x00, 0x00, 0x00, 0x00, 0x00, 0x00, 0x00, 0x00, 0x00, 0x00, 0x00, 0x00, 0x00, 0x00, 0x00, 0x00, 0x00, 0x00, 0x00, 0x00, 0x00, 0x00, 0x00, 0x00, 0x00, 0x18, 0xe3, 0x18, 0x62, 0x18, 0x82, 0x18, 0xc3, 0x18, 0xc3, 0x18, 0xc3, 0x20, 0xc3, 0x20, 0xe3, 0x20, 0xe3, 0x20, 0xe3, 0x20, 0xe3, 0x21, 0x04, 0x21, 0x04, 0x21, 0x04, 0x21, 0x04, 0x21, 0x04, 0x29, 0x04, 0x29, 0x24, 0x29, 0x24, 0x29, 0x24, 0x29, 0x24, 0x29, 0x24, 0x29, 0x44, 0x29, 0x44, 0x21, 0x24, 0x00, 0x00, 0x73, 0x4b, 0x73, 0x0b, 0x00, 0x00, 
  0x00, 0x00, 0x00, 0x00, 0x00, 0x00, 0x00, 0x00, 0x00, 0x00, 0x00, 0x00, 0x00, 0x00, 0x00, 0x00, 0x00, 0x00, 0x00, 0x00, 0x00, 0x00, 0x00, 0x00, 0x00, 0x00, 0x00, 0x00, 0x00, 0x00, 0x00, 0x00, 0x00, 0x00, 0x00, 0x00, 0x00, 0x00, 0x00, 0x00, 0x00, 0x00, 0x00, 0x00, 0x00, 0x00, 0x00, 0x00, 0x00, 0x00, 0x18, 0x00, 0x10, 0x62, 0x18, 0xc3, 0x18, 0xc3, 0x18, 0xc3, 0x18, 0xc3, 0x20, 0xc3, 0x20, 0xe3, 0x20, 0xe3, 0x20, 0xe3, 0x20, 0xe3, 0x20, 0xe4, 0x21, 0x04, 0x21, 0x04, 0x21, 0x04, 0x21, 0x04, 0x29, 0x04, 0x29, 0x24, 0x29, 0x24, 0x29, 0x24, 0x29, 0x24, 0x29, 0x24, 0x29, 0x44, 0x29, 0x44, 0x21, 0x24, 0x00, 0x00, 0x7b, 0x4b, 0x7b, 0x0b, 0x00, 0x00, 
  0x00, 0x00, 0x00, 0x00, 0x00, 0x00, 0x00, 0x00, 0x00, 0x00, 0x00, 0x00, 0x00, 0x00, 0x00, 0x00, 0x00, 0x00, 0x00, 0x00, 0x00, 0x00, 0x00, 0x00, 0x00, 0x00, 0x00, 0x00, 0x00, 0x00, 0x00, 0x00, 0x00, 0x00, 0x00, 0x00, 0x00, 0x00, 0x00, 0x00, 0x00, 0x00, 0x00, 0x00, 0x00, 0x00, 0x00, 0x00, 0x00, 0x00, 0x00, 0x00, 0x18, 0xe3, 0x18, 0xc3, 0x18, 0xc3, 0x18, 0xa3, 0x20, 0xc3, 0x20, 0xc3, 0x20, 0xe3, 0x18, 0xe3, 0x21, 0x03, 0x20, 0xe3, 0x21, 0x04, 0x21, 0x04, 0x21, 0x04, 0x21, 0x04, 0x29, 0x04, 0x29, 0x04, 0x29, 0x24, 0x29, 0x24, 0x29, 0x24, 0x29, 0x24, 0x29, 0x24, 0x29, 0x44, 0x29, 0x44, 0x21, 0x24, 0x00, 0x00, 0x7b, 0x4b, 0x7a, 0xea, 0x00, 0x00, 
  0x00, 0x00, 0x00, 0x00, 0x00, 0x00, 0x00, 0x00, 0x00, 0x00, 0x00, 0x00, 0x00, 0x00, 0x00, 0x00, 0x00, 0x00, 0x00, 0x00, 0x00, 0x00, 0x00, 0x00, 0x00, 0x00, 0x00, 0x00, 0x00, 0x00, 0x00, 0x00, 0x00, 0x00, 0x00, 0x00, 0x00, 0x00, 0x00, 0x00, 0x00, 0x00, 0x00, 0x00, 0x00, 0x00, 0x00, 0x00, 0x00, 0x00, 0x18, 0xe3, 0x18, 0xe3, 0x18, 0xe3, 0x18, 0xa2, 0x18, 0xc3, 0x18, 0xc3, 0x20, 0xc3, 0x20, 0xe4, 0x20, 0xe3, 0x20, 0xe3, 0x20, 0xe3, 0x20, 0xe4, 0x21, 0x04, 0x21, 0x04, 0x21, 0x04, 0x21, 0x04, 0x29, 0x04, 0x29, 0x24, 0x29, 0x24, 0x29, 0x24, 0x29, 0x24, 0x29, 0x24, 0x29, 0x44, 0x29, 0x44, 0x21, 0x24, 0x00, 0x00, 0x7b, 0x4b, 0x7b, 0x4c, 0x00, 0x00, 
  0x00, 0x00, 0x00, 0x00, 0x00, 0x00, 0x00, 0x00, 0x00, 0x00, 0x00, 0x00, 0x00, 0x00, 0x00, 0x00, 0x00, 0x00, 0x00, 0x00, 0x00, 0x00, 0x00, 0x00, 0x00, 0x00, 0x00, 0x00, 0x00, 0x00, 0x00, 0x00, 0x00, 0x00, 0x00, 0x00, 0x00, 0x00, 0x00, 0x00, 0x00, 0x00, 0x00, 0x00, 0x00, 0x00, 0x00, 0x00, 0x00, 0x00, 0x18, 0xe3, 0x18, 0x62, 0x18, 0xc3, 0x18, 0xc3, 0x18, 0xc3, 0x20, 0xc3, 0x20, 0xc3, 0x20, 0xe3, 0x20, 0xe3, 0x20, 0xe3, 0x20, 0xe3, 0x20, 0xe4, 0x21, 0x04, 0x21, 0x04, 0x21, 0x04, 0x21, 0x04, 0x29, 0x04, 0x29, 0x24, 0x29, 0x24, 0x29, 0x24, 0x29, 0x24, 0x29, 0x24, 0x29, 0x44, 0x29, 0x44, 0x21, 0x24, 0x00, 0x00, 0x7b, 0x6b, 0x73, 0x2b, 0x00, 0x00, 
  0x00, 0x00, 0x00, 0x00, 0x00, 0x00, 0x00, 0x00, 0x00, 0x00, 0x00, 0x00, 0x00, 0x00, 0x00, 0x00, 0x00, 0x00, 0x00, 0x00, 0x00, 0x00, 0x00, 0x00, 0x00, 0x00, 0x00, 0x00, 0x00, 0x00, 0x00, 0x00, 0x00, 0x00, 0x00, 0x00, 0x00, 0x00, 0x00, 0x00, 0x00, 0x00, 0x00, 0x00, 0x00, 0x00, 0x00, 0x00, 0x00, 0x00, 0x18, 0x00, 0x10, 0x62, 0x18, 0xc3, 0x18, 0xc3, 0x18, 0xa3, 0x20, 0xc3, 0x20, 0xc3, 0x20, 0xe3, 0x20, 0xe3, 0x20, 0xe3, 0x20, 0xe4, 0x20, 0xe4, 0x21, 0x04, 0x21, 0x04, 0x21, 0x04, 0x29, 0x04, 0x29, 0x04, 0x29, 0x24, 0x29, 0x24, 0x29, 0x24, 0x29, 0x24, 0x29, 0x24, 0x29, 0x24, 0x29, 0x44, 0x21, 0x24, 0x00, 0x00, 0x7b, 0x6c, 0x73, 0x2b, 0x00, 0x00, 
  0x00, 0x00, 0x00, 0x00, 0x00, 0x00, 0x00, 0x00, 0x00, 0x00, 0x00, 0x00, 0x00, 0x00, 0x00, 0x00, 0x00, 0x00, 0x00, 0x00, 0x00, 0x00, 0x00, 0x00, 0x00, 0x00, 0x00, 0x00, 0x00, 0x00, 0x00, 0x00, 0x00, 0x00, 0x00, 0x00, 0x00, 0x00, 0x00, 0x00, 0x00, 0x00, 0x00, 0x00, 0x00, 0x00, 0x00, 0x00, 0x00, 0x00, 0x20, 0xe4, 0x18, 0xe3, 0x18, 0x82, 0x18, 0xc3, 0x18, 0xc3, 0x18, 0xc3, 0x20, 0xc3, 0x20, 0xc3, 0x20, 0xe3, 0x20, 0xe3, 0x20, 0xe3, 0x20, 0xe4, 0x21, 0x04, 0x21, 0x04, 0x21, 0x04, 0x21, 0x04, 0x29, 0x04, 0x29, 0x24, 0x29, 0x24, 0x29, 0x24, 0x29, 0x24, 0x29, 0x24, 0x29, 0x44, 0x29, 0x44, 0x21, 0x24, 0x00, 0x00, 0x73, 0x4c, 0x73, 0x2b, 0x00, 0x00, 
  0x00, 0x00, 0x00, 0x00, 0x00, 0x00, 0x00, 0x00, 0x00, 0x00, 0x00, 0x00, 0x00, 0x00, 0x00, 0x00, 0x00, 0x00, 0x00, 0x00, 0x00, 0x00, 0x00, 0x00, 0x00, 0x00, 0x00, 0x00, 0x00, 0x00, 0x00, 0x00, 0x00, 0x00, 0x00, 0x00, 0x00, 0x00, 0x00, 0x00, 0x00, 0x00, 0x00, 0x00, 0x00, 0x00, 0x00, 0x00, 0x00, 0x00, 0x00, 0x00, 0x18, 0xe3, 0x18, 0xc3, 0x18, 0xa2, 0x18, 0xc3, 0x20, 0xc3, 0x20, 0xc3, 0x20, 0xc3, 0x20, 0xe3, 0x21, 0x03, 0x20, 0xe3, 0x20, 0xe3, 0x21, 0x04, 0x21, 0x04, 0x21, 0x04, 0x21, 0x04, 0x29, 0x04, 0x29, 0x24, 0x29, 0x24, 0x29, 0x24, 0x29, 0x24, 0x29, 0x24, 0x29, 0x24, 0x29, 0x44, 0x21, 0x24, 0x00, 0x00, 0x73, 0x6b, 0x6b, 0x0b, 0x00, 0x00, 
  0x00, 0x00, 0x00, 0x00, 0x00, 0x00, 0x00, 0x00, 0x00, 0x00, 0x00, 0x00, 0x00, 0x00, 0x00, 0x00, 0x00, 0x00, 0x00, 0x00, 0x00, 0x00, 0x00, 0x00, 0x00, 0x00, 0x00, 0x00, 0x00, 0x00, 0x00, 0x00, 0x00, 0x00, 0x00, 0x00, 0x00, 0x00, 0x00, 0x00, 0x00, 0x00, 0x00, 0x00, 0x00, 0x00, 0x00, 0x00, 0x00, 0x00, 0x18, 0xe3, 0x18, 0x62, 0x18, 0x82, 0x18, 0xc3, 0x18, 0xc3, 0x18, 0xc3, 0x20, 0xc3, 0x20, 0xe3, 0x20, 0xe3, 0x20, 0xe3, 0x20, 0xe3, 0x21, 0x04, 0x21, 0x04, 0x21, 0x04, 0x21, 0x04, 0x21, 0x04, 0x29, 0x04, 0x29, 0x24, 0x29, 0x24, 0x29, 0x24, 0x29, 0x24, 0x29, 0x24, 0x29, 0x44, 0x29, 0x44, 0x21, 0x24, 0x00, 0x00, 0x7b, 0x4b, 0x73, 0x4c, 0x00, 0x00, 
  0x00, 0x00, 0x00, 0x00, 0x00, 0x00, 0x00, 0x00, 0x00, 0x00, 0x00, 0x00, 0x00, 0x00, 0x00, 0x00, 0x00, 0x00, 0x00, 0x00, 0x00, 0x00, 0x00, 0x00, 0x00, 0x00, 0x00, 0x00, 0x00, 0x00, 0x00, 0x00, 0x00, 0x00, 0x00, 0x00, 0x00, 0x00, 0x00, 0x00, 0x00, 0x00, 0x00, 0x00, 0x00, 0x00, 0x00, 0x00, 0x00, 0x00, 0x18, 0x00, 0x10, 0x62, 0x18, 0xc3, 0x18, 0xc3, 0x18, 0xc3, 0x18, 0xc3, 0x20, 0xc3, 0x20, 0xe3, 0x20, 0xe3, 0x20, 0xe3, 0x20, 0xe3, 0x20, 0xe4, 0x21, 0x04, 0x21, 0x04, 0x21, 0x04, 0x21, 0x04, 0x29, 0x04, 0x29, 0x24, 0x29, 0x24, 0x29, 0x24, 0x29, 0x24, 0x29, 0x24, 0x29, 0x44, 0x29, 0x44, 0x21, 0x24, 0x00, 0x00, 0x7b, 0x6c, 0x7b, 0x6b, 0x00, 0x00, 
  0x00, 0x00, 0x00, 0x00, 0x00, 0x00, 0x00, 0x00, 0x00, 0x00, 0x00, 0x00, 0x00, 0x00, 0x00, 0x00, 0x00, 0x00, 0x00, 0x00, 0x00, 0x00, 0x00, 0x00, 0x00, 0x00, 0x00, 0x00, 0x00, 0x00, 0x00, 0x00, 0x00, 0x00, 0x00, 0x00, 0x00, 0x00, 0x00, 0x00, 0x00, 0x00, 0x00, 0x00, 0x00, 0x00, 0x00, 0x00, 0x00, 0x00, 0x00, 0x00, 0x18, 0xe3, 0x18, 0xc3, 0x18, 0xc3, 0x18, 0xa3, 0x20, 0xc3, 0x20, 0xc3, 0x20, 0xe3, 0x18, 0xe3, 0x21, 0x03, 0x20, 0xe3, 0x21, 0x04, 0x21, 0x04, 0x21, 0x04, 0x21, 0x04, 0x29, 0x04, 0x29, 0x04, 0x29, 0x24, 0x29, 0x24, 0x29, 0x24, 0x29, 0x24, 0x29, 0x24, 0x29, 0x44, 0x29, 0x44, 0x21, 0x24, 0x00, 0x00, 0x7b, 0x6c, 0x7b, 0x6b, 0x00, 0x00, 
  0x00, 0x00, 0x00, 0x00, 0x00, 0x00, 0x00, 0x00, 0x00, 0x00, 0x00, 0x00, 0x00, 0x00, 0x00, 0x00, 0x00, 0x00, 0x00, 0x00, 0x00, 0x00, 0x00, 0x00, 0x00, 0x00, 0x00, 0x00, 0x00, 0x00, 0x00, 0x00, 0x00, 0x00, 0x00, 0x00, 0x00, 0x00, 0x00, 0x00, 0x00, 0x00, 0x00, 0x00, 0x00, 0x00, 0x00, 0x00, 0x00, 0x00, 0x18, 0xe3, 0x18, 0xe3, 0x18, 0xe3, 0x18, 0xa2, 0x18, 0xc3, 0x18, 0xc3, 0x20, 0xc3, 0x20, 0xe4, 0x20, 0xe3, 0x20, 0xe3, 0x20, 0xe3, 0x20, 0xe4, 0x21, 0x04, 0x21, 0x04, 0x21, 0x04, 0x21, 0x04, 0x29, 0x04, 0x29, 0x24, 0x29, 0x24, 0x29, 0x24, 0x29, 0x24, 0x29, 0x24, 0x29, 0x44, 0x29, 0x44, 0x21, 0x24, 0x00, 0x00, 0x7b, 0x8c, 0x73, 0x4c, 0x00, 0x00, 
  0x00, 0x00, 0x00, 0x00, 0x00, 0x00, 0x00, 0x00, 0x00, 0x00, 0x00, 0x00, 0x00, 0x00, 0x00, 0x00, 0x00, 0x00, 0x00, 0x00, 0x00, 0x00, 0x00, 0x00, 0x00, 0x00, 0x00, 0x00, 0x00, 0x00, 0x00, 0x00, 0x00, 0x00, 0x00, 0x00, 0x00, 0x00, 0x00, 0x00, 0x00, 0x00, 0x00, 0x00, 0x00, 0x00, 0x00, 0x00, 0x00, 0x00, 0x18, 0xe3, 0x18, 0x62, 0x18, 0xc3, 0x18, 0xc3, 0x18, 0xc3, 0x20, 0xc3, 0x20, 0xc3, 0x20, 0xe3, 0x20, 0xe3, 0x20, 0xe3, 0x20, 0xe3, 0x20, 0xe4, 0x21, 0x04, 0x21, 0x04, 0x21, 0x04, 0x21, 0x04, 0x29, 0x04, 0x29, 0x24, 0x29, 0x24, 0x29, 0x24, 0x29, 0x24, 0x29, 0x24, 0x29, 0x44, 0x29, 0x44, 0x21, 0x24, 0xff, 0xff, 0x7b, 0x8c, 0x7b, 0x6b, 0x00, 0x00, 
  0x00, 0x00, 0x00, 0x00, 0x00, 0x00, 0x00, 0x00, 0x00, 0x00, 0x00, 0x00, 0x00, 0x00, 0x00, 0x00, 0x00, 0x00, 0x00, 0x00, 0x00, 0x00, 0x00, 0x00, 0x00, 0x00, 0x00, 0x00, 0x00, 0x00, 0x00, 0x00, 0x00, 0x00, 0x00, 0x00, 0x00, 0x00, 0x00, 0x00, 0x00, 0x00, 0x00, 0x00, 0x00, 0x00, 0x00, 0x00, 0x00, 0x00, 0x18, 0x00, 0x10, 0x62, 0x18, 0xc3, 0x18, 0xc3, 0x18, 0xa3, 0x20, 0xc3, 0x20, 0xc3, 0x20, 0xe3, 0x20, 0xe3, 0x20, 0xe3, 0x20, 0xe4, 0x20, 0xe4, 0x21, 0x04, 0x21, 0x04, 0x21, 0x04, 0x29, 0x04, 0x29, 0x04, 0x29, 0x24, 0x29, 0x24, 0x29, 0x24, 0x29, 0x24, 0x29, 0x24, 0x29, 0x24, 0x29, 0x44, 0x21, 0x24, 0xff, 0xff, 0x83, 0x8c, 0x83, 0xcd, 0x00, 0x00, 
  0x00, 0x00, 0x00, 0x00, 0x00, 0x00, 0x00, 0x00, 0x00, 0x00, 0x00, 0x00, 0x00, 0x00, 0x00, 0x00, 0x00, 0x00, 0x00, 0x00, 0x00, 0x00, 0x00, 0x00, 0x00, 0x00, 0x00, 0x00, 0x00, 0x00, 0x00, 0x00, 0x00, 0x00, 0x00, 0x00, 0x00, 0x00, 0x00, 0x00, 0x00, 0x00, 0x00, 0x00, 0x00, 0x00, 0x00, 0x00, 0x00, 0x00, 0x20, 0xe4, 0x18, 0xe3, 0x18, 0x82, 0x18, 0xc3, 0x18, 0xc3, 0x18, 0xc3, 0x20, 0xc3, 0x20, 0xc3, 0x20, 0xe3, 0x20, 0xe3, 0x20, 0xe3, 0x20, 0xe4, 0x21, 0x04, 0x21, 0x04, 0x21, 0x04, 0x21, 0x04, 0x29, 0x04, 0x29, 0x24, 0x29, 0x24, 0x29, 0x24, 0x29, 0x24, 0x29, 0x24, 0x29, 0x44, 0x29, 0x44, 0x21, 0x24, 0x84, 0x10, 0x83, 0xac, 0x8b, 0xac, 0x00, 0x00, 
  0x00, 0x00, 0x00, 0x00, 0x00, 0x00, 0x00, 0x00, 0x00, 0x00, 0x00, 0x00, 0x00, 0x00, 0x00, 0x00, 0x00, 0x00, 0x00, 0x00, 0x00, 0x00, 0x00, 0x00, 0x00, 0x00, 0x00, 0x00, 0x00, 0x00, 0x00, 0x00, 0x00, 0x00, 0x00, 0x00, 0x00, 0x00, 0x00, 0x00, 0x00, 0x00, 0x00, 0x00, 0x00, 0x00, 0x00, 0x00, 0x00, 0x00, 0x00, 0x00, 0x18, 0xe3, 0x18, 0xc3, 0x18, 0xa2, 0x18, 0xc3, 0x20, 0xc3, 0x20, 0xc3, 0x20, 0xc3, 0x20, 0xe3, 0x21, 0x03, 0x20, 0xe3, 0x20, 0xe3, 0x21, 0x04, 0x21, 0x04, 0x21, 0x04, 0x21, 0x04, 0x29, 0x04, 0x29, 0x24, 0x29, 0x24, 0x29, 0x24, 0x29, 0x24, 0x29, 0x24, 0x29, 0x24, 0x29, 0x44, 0x21, 0x24, 0xff, 0xf0, 0x83, 0xac, 0x8b, 0xac, 0x00, 0x00, 
  0x00, 0x00, 0x00, 0x00, 0x00, 0x00, 0x00, 0x00, 0x00, 0x00, 0x00, 0x00, 0x00, 0x00, 0x00, 0x00, 0x00, 0x00, 0x00, 0x00, 0x00, 0x00, 0x00, 0x00, 0x00, 0x00, 0x00, 0x00, 0x00, 0x00, 0x00, 0x00, 0x00, 0x00, 0x00, 0x00, 0x00, 0x00, 0x00, 0x00, 0x00, 0x00, 0x00, 0x00, 0x00, 0x00, 0x00, 0x00, 0x00, 0x00, 0x18, 0xe3, 0x18, 0x62, 0x18, 0x82, 0x18, 0xc3, 0x18, 0xc3, 0x18, 0xc3, 0x20, 0xc3, 0x20, 0xe3, 0x20, 0xe3, 0x20, 0xe3, 0x20, 0xe3, 0x21, 0x04, 0x21, 0x04, 0x21, 0x04, 0x21, 0x04, 0x21, 0x04, 0x29, 0x04, 0x29, 0x24, 0x29, 0x24, 0x29, 0x24, 0x29, 0x24, 0x29, 0x24, 0x29, 0x44, 0x29, 0x44, 0x21, 0x24, 0xff, 0xf0, 0x8b, 0xad, 0x83, 0xcc, 0x00, 0x00, 
  0x00, 0x00, 0x00, 0x00, 0x00, 0x00, 0x00, 0x00, 0x00, 0x00, 0x00, 0x00, 0x00, 0x00, 0x00, 0x00, 0x00, 0x00, 0x00, 0x00, 0x00, 0x00, 0x00, 0x00, 0x00, 0x00, 0x00, 0x00, 0x00, 0x00, 0x00, 0x00, 0x00, 0x00, 0x00, 0x00, 0x00, 0x00, 0x00, 0x00, 0x00, 0x00, 0x00, 0x00, 0x00, 0x00, 0x00, 0x00, 0x00, 0x00, 0x18, 0x00, 0x10, 0x62, 0x18, 0xc3, 0x18, 0xc3, 0x18, 0xc3, 0x18, 0xc3, 0x20, 0xc3, 0x20, 0xe3, 0x20, 0xe3, 0x20, 0xe3, 0x20, 0xe3, 0x20, 0xe4, 0x21, 0x04, 0x21, 0x04, 0x21, 0x04, 0x21, 0x04, 0x29, 0x04, 0x29, 0x24, 0x29, 0x24, 0x29, 0x24, 0x29, 0x24, 0x29, 0x24, 0x29, 0x44, 0x29, 0x44, 0x21, 0x24, 0xff, 0xf0, 0x8b, 0xcd, 0x83, 0xad, 0x00, 0x00, 
  0x00, 0x00, 0x00, 0x00, 0x00, 0x00, 0x00, 0x00, 0x00, 0x00, 0x00, 0x00, 0x00, 0x00, 0x00, 0x00, 0x00, 0x00, 0x00, 0x00, 0x00, 0x00, 0x00, 0x00, 0x00, 0x00, 0x00, 0x00, 0x00, 0x00, 0x00, 0x00, 0x00, 0x00, 0x00, 0x00, 0x00, 0x00, 0x00, 0x00, 0x00, 0x00, 0x00, 0x00, 0x00, 0x00, 0x00, 0x00, 0x00, 0x00, 0x00, 0x00, 0x18, 0xe3, 0x18, 0xc3, 0x18, 0xc3, 0x18, 0xa3, 0x20, 0xc3, 0x20, 0xc3, 0x20, 0xe3, 0x18, 0xe3, 0x21, 0x03, 0x20, 0xe3, 0x21, 0x04, 0x21, 0x04, 0x21, 0x04, 0x21, 0x04, 0x29, 0x04, 0x29, 0x04, 0x29, 0x24, 0x29, 0x24, 0x29, 0x24, 0x29, 0x24, 0x29, 0x24, 0x29, 0x44, 0x29, 0x44, 0x21, 0x24, 0xfd, 0x75, 0x8b, 0xcd, 0x93, 0xcc, 0x00, 0x00, 
  0x00, 0x00, 0x00, 0x00, 0x00, 0x00, 0x00, 0x00, 0x00, 0x00, 0x00, 0x00, 0x00, 0x00, 0x00, 0x00, 0x00, 0x00, 0x00, 0x00, 0x00, 0x00, 0x00, 0x00, 0x00, 0x00, 0x00, 0x00, 0x00, 0x00, 0x00, 0x00, 0x00, 0x00, 0x00, 0x00, 0x00, 0x00, 0x00, 0x00, 0x00, 0x00, 0x00, 0x00, 0x00, 0x00, 0x00, 0x00, 0x00, 0x00, 0x18, 0xe3, 0x18, 0xe3, 0x18, 0xe3, 0x18, 0xa2, 0x18, 0xc3, 0x18, 0xc3, 0x20, 0xc3, 0x20, 0xe4, 0x20, 0xe3, 0x20, 0xe3, 0x20, 0xe3, 0x20, 0xe4, 0x21, 0x04, 0x21, 0x04, 0x21, 0x04, 0x21, 0x04, 0x29, 0x04, 0x29, 0x24, 0x29, 0x24, 0x29, 0x24, 0x29, 0x24, 0x29, 0x24, 0x29, 0x44, 0x29, 0x44, 0x21, 0x24, 0xc6, 0x10, 0x8b, 0xed, 0x94, 0x0d, 0x00, 0x00, 
  0x00, 0x00, 0x00, 0x00, 0x00, 0x00, 0x00, 0x00, 0x00, 0x00, 0x00, 0x00, 0x00, 0x00, 0x00, 0x00, 0x00, 0x00, 0x00, 0x00, 0x00, 0x00, 0x00, 0x00, 0x00, 0x00, 0x00, 0x00, 0x00, 0x00, 0x00, 0x00, 0x00, 0x00, 0x00, 0x00, 0x00, 0x00, 0x00, 0x00, 0x00, 0x00, 0x00, 0x00, 0x00, 0x00, 0x00, 0x00, 0x00, 0x00, 0x18, 0xe3, 0x18, 0x62, 0x18, 0xc3, 0x18, 0xc3, 0x18, 0xc3, 0x20, 0xc3, 0x20, 0xc3, 0x20, 0xe3, 0x20, 0xe3, 0x20, 0xe3, 0x20, 0xe3, 0x20, 0xe4, 0x21, 0x04, 0x21, 0x04, 0x21, 0x04, 0x21, 0x04, 0x29, 0x04, 0x29, 0x24, 0x29, 0x24, 0x29, 0x24, 0x29, 0x24, 0x29, 0x24, 0x29, 0x44, 0x29, 0x44, 0x21, 0x24, 0xc6, 0x10, 0x8b, 0xed, 0x94, 0x2e, 0x00, 0x00, 
  0x00, 0x00, 0x00, 0x00, 0x00, 0x00, 0x00, 0x00, 0x00, 0x00, 0x00, 0x00, 0x00, 0x00, 0x00, 0x00, 0x00, 0x00, 0x00, 0x00, 0x00, 0x00, 0x00, 0x00, 0x00, 0x00, 0x00, 0x00, 0x00, 0x00, 0x00, 0x00, 0x00, 0x00, 0x00, 0x00, 0x00, 0x00, 0x00, 0x00, 0x00, 0x00, 0x00, 0x00, 0x00, 0x00, 0x00, 0x00, 0x00, 0x00, 0x18, 0x00, 0x10, 0x62, 0x18, 0xc3, 0x18, 0xc3, 0x18, 0xa3, 0x20, 0xc3, 0x20, 0xc3, 0x20, 0xe3, 0x20, 0xe3, 0x20, 0xe3, 0x20, 0xe4, 0x20, 0xe4, 0x21, 0x04, 0x21, 0x04, 0x21, 0x04, 0x29, 0x04, 0x29, 0x04, 0x29, 0x24, 0x29, 0x24, 0x29, 0x24, 0x29, 0x24, 0x29, 0x24, 0x29, 0x24, 0x29, 0x44, 0x21, 0x24, 0xc6, 0x10, 0x94, 0x0e, 0x94, 0x2d, 0x00, 0x00, 
  0x00, 0x00, 0x00, 0x00, 0x00, 0x00, 0x00, 0x00, 0x00, 0x00, 0x00, 0x00, 0x00, 0x00, 0x00, 0x00, 0x00, 0x00, 0x00, 0x00, 0x00, 0x00, 0x00, 0x00, 0x00, 0x00, 0x00, 0x00, 0x00, 0x00, 0x00, 0x00, 0x00, 0x00, 0x00, 0x00, 0x00, 0x00, 0x00, 0x00, 0x00, 0x00, 0x00, 0x00, 0x00, 0x00, 0x00, 0x00, 0x00, 0x00, 0x20, 0xe4, 0x18, 0xe3, 0x18, 0x82, 0x18, 0xc3, 0x18, 0xc3, 0x18, 0xc3, 0x20, 0xc3, 0x20, 0xc3, 0x20, 0xe3, 0x20, 0xe3, 0x20, 0xe3, 0x20, 0xe4, 0x21, 0x04, 0x21, 0x04, 0x21, 0x04, 0x21, 0x04, 0x29, 0x04, 0x29, 0x24, 0x29, 0x24, 0x29, 0x24, 0x29, 0x24, 0x29, 0x24, 0x29, 0x44, 0x29, 0x44, 0x21, 0x24, 0xd4, 0xcd, 0x94, 0x2e, 0x94, 0x4e, 0x00, 0x00, 
  0x00, 0x00, 0x00, 0x00, 0x00, 0x00, 0x00, 0x00, 0x00, 0x00, 0x00, 0x00, 0x00, 0x00, 0x00, 0x00, 0x00, 0x00, 0x00, 0x00, 0x00, 0x00, 0x00, 0x00, 0x00, 0x00, 0x00, 0x00, 0x00, 0x00, 0x00, 0x00, 0x00, 0x00, 0x00, 0x00, 0x00, 0x00, 0x00, 0x00, 0x00, 0x00, 0x00, 0x00, 0x00, 0x00, 0x00, 0x00, 0x00, 0x00, 0x00, 0x00, 0x18, 0xe3, 0x18, 0xc3, 0x18, 0xa2, 0x18, 0xc3, 0x20, 0xc3, 0x20, 0xc3, 0x20, 0xc3, 0x20, 0xe3, 0x21, 0x03, 0x20, 0xe3, 0x20, 0xe3, 0x21, 0x04, 0x21, 0x04, 0x21, 0x04, 0x21, 0x04, 0x29, 0x04, 0x29, 0x24, 0x29, 0x24, 0x29, 0x24, 0x29, 0x24, 0x29, 0x24, 0x29, 0x24, 0x29, 0x44, 0x21, 0x24, 0xdd, 0x70, 0x9c, 0x4e, 0x9c, 0x6e, 0x00, 0x00, 
  0x00, 0x00, 0x00, 0x00, 0x00, 0x00, 0x00, 0x00, 0x00, 0x00, 0x00, 0x00, 0x00, 0x00, 0x00, 0x00, 0x00, 0x00, 0x00, 0x00, 0x00, 0x00, 0x00, 0x00, 0x00, 0x00, 0x00, 0x00, 0x00, 0x00, 0x00, 0x00, 0x00, 0x00, 0x00, 0x00, 0x00, 0x00, 0x00, 0x00, 0x00, 0x00, 0x00, 0x00, 0x00, 0x00, 0x00, 0x00, 0x00, 0x00, 0x18, 0xe3, 0x18, 0x62, 0x18, 0x82, 0x18, 0xc3, 0x18, 0xc3, 0x18, 0xc3, 0x20, 0xc3, 0x20, 0xe3, 0x20, 0xe3, 0x20, 0xe3, 0x20, 0xe3, 0x21, 0x04, 0x21, 0x04, 0x21, 0x04, 0x21, 0x04, 0x21, 0x04, 0x29, 0x04, 0x29, 0x24, 0x29, 0x24, 0x29, 0x24, 0x29, 0x24, 0x29, 0x24, 0x29, 0x44, 0x29, 0x44, 0x21, 0x24, 0xdd, 0x70, 0x9c, 0x4e, 0x9c, 0x6f, 0x00, 0x00, 
  0x00, 0x00, 0x00, 0x00, 0x00, 0x00, 0x00, 0x00, 0x00, 0x00, 0x00, 0x00, 0x00, 0x00, 0x00, 0x00, 0x00, 0x00, 0x00, 0x00, 0x00, 0x00, 0x00, 0x00, 0x00, 0x00, 0x00, 0x00, 0x00, 0x00, 0x00, 0x00, 0x00, 0x00, 0x00, 0x00, 0x00, 0x00, 0x00, 0x00, 0x00, 0x00, 0x00, 0x00, 0x00, 0x00, 0x00, 0x00, 0x00, 0x00, 0x18, 0x00, 0x10, 0x62, 0x18, 0xc3, 0x18, 0xc3, 0x18, 0xc3, 0x18, 0xc3, 0x20, 0xc3, 0x20, 0xe3, 0x20, 0xe3, 0x20, 0xe3, 0x20, 0xe3, 0x20, 0xe4, 0x21, 0x04, 0x21, 0x04, 0x21, 0x04, 0x21, 0x04, 0x29, 0x04, 0x29, 0x24, 0x29, 0x24, 0x29, 0x24, 0x29, 0x24, 0x29, 0x24, 0x29, 0x44, 0x29, 0x44, 0x21, 0x24, 0xdd, 0xd2, 0x9c, 0x6f, 0xa4, 0x6f, 0x00, 0x00, 
  0x00, 0x00, 0x00, 0x00, 0x00, 0x00, 0x00, 0x00, 0x00, 0x00, 0x00, 0x00, 0x00, 0x00, 0x00, 0x00, 0x00, 0x00, 0x00, 0x00, 0x00, 0x00, 0x00, 0x00, 0x00, 0x00, 0x00, 0x00, 0x00, 0x00, 0x00, 0x00, 0x00, 0x00, 0x00, 0x00, 0x00, 0x00, 0x00, 0x00, 0x00, 0x00, 0x00, 0x00, 0x00, 0x00, 0x00, 0x00, 0x00, 0x00, 0x00, 0x00, 0x18, 0xe3, 0x18, 0xc3, 0x18, 0xc3, 0x18, 0xa3, 0x20, 0xc3, 0x20, 0xc3, 0x20, 0xe3, 0x18, 0xe3, 0x21, 0x03, 0x20, 0xe3, 0x21, 0x04, 0x21, 0x04, 0x21, 0x04, 0x21, 0x04, 0x29, 0x04, 0x29, 0x04, 0x29, 0x24, 0x29, 0x24, 0x29, 0x24, 0x29, 0x24, 0x29, 0x24, 0x29, 0x44, 0x29, 0x44, 0x21, 0x24, 0xc6, 0x14, 0xa4, 0x6f, 0x9c, 0x8f, 0x00, 0x00, 
  0x00, 0x00, 0x00, 0x00, 0x00, 0x00, 0x00, 0x00, 0x00, 0x00, 0x00, 0x00, 0x00, 0x00, 0x00, 0x00, 0x00, 0x00, 0x00, 0x00, 0x00, 0x00, 0x00, 0x00, 0x00, 0x00, 0x00, 0x00, 0x00, 0x00, 0x00, 0x00, 0x00, 0x00, 0x00, 0x00, 0x00, 0x00, 0x00, 0x00, 0x00, 0x00, 0x00, 0x00, 0x00, 0x00, 0x00, 0x00, 0x00, 0x00, 0x18, 0xe3, 0x18, 0xe3, 0x18, 0xe3, 0x18, 0xa2, 0x18, 0xc3, 0x18, 0xc3, 0x20, 0xc3, 0x20, 0xe4, 0x20, 0xe3, 0x20, 0xe3, 0x20, 0xe3, 0x20, 0xe4, 0x21, 0x04, 0x21, 0x04, 0x21, 0x04, 0x21, 0x04, 0x29, 0x04, 0x29, 0x24, 0x29, 0x24, 0x29, 0x24, 0x29, 0x24, 0x29, 0x24, 0x29, 0x44, 0x29, 0x44, 0x21, 0x24, 0xe6, 0x14, 0xa4, 0x8f, 0xa4, 0x8f, 0x00, 0x00, 
  0x00, 0x00, 0x00, 0x00, 0x00, 0x00, 0x00, 0x00, 0x00, 0x00, 0x00, 0x00, 0x00, 0x00, 0x00, 0x00, 0x00, 0x00, 0x00, 0x00, 0x00, 0x00, 0x00, 0x00, 0x00, 0x00, 0x00, 0x00, 0x00, 0x00, 0x00, 0x00, 0x00, 0x00, 0x00, 0x00, 0x00, 0x00, 0x00, 0x00, 0x00, 0x00, 0x00, 0x00, 0x00, 0x00, 0x00, 0x00, 0x00, 0x00, 0x18, 0xe3, 0x18, 0x62, 0x18, 0xc3, 0x18, 0xc3, 0x18, 0xc3, 0x20, 0xc3, 0x20, 0xc3, 0x20, 0xe3, 0x20, 0xe3, 0x20, 0xe3, 0x20, 0xe3, 0x20, 0xe4, 0x21, 0x04, 0x21, 0x04, 0x21, 0x04, 0x21, 0x04, 0x29, 0x04, 0x29, 0x24, 0x29, 0x24, 0x29, 0x24, 0x29, 0x24, 0x29, 0x24, 0x29, 0x44, 0x29, 0x44, 0x21, 0x24, 0xcd, 0x72, 0xa4, 0xaf, 0xa4, 0xaf, 0x00, 0x00, 
  0x00, 0x00, 0x00, 0x00, 0x00, 0x00, 0x00, 0x00, 0x00, 0x00, 0x00, 0x00, 0x00, 0x00, 0x00, 0x00, 0x00, 0x00, 0x00, 0x00, 0x00, 0x00, 0x00, 0x00, 0x00, 0x00, 0x00, 0x00, 0x00, 0x00, 0x00, 0x00, 0x00, 0x00, 0x00, 0x00, 0x00, 0x00, 0x00, 0x00, 0x00, 0x00, 0x00, 0x00, 0x00, 0x00, 0x00, 0x00, 0x00, 0x00, 0x18, 0x00, 0x10, 0x62, 0x18, 0xc3, 0x18, 0xc3, 0x18, 0xa3, 0x20, 0xc3, 0x20, 0xc3, 0x20, 0xe3, 0x20, 0xe3, 0x20, 0xe3, 0x20, 0xe4, 0x20, 0xe4, 0x21, 0x04, 0x21, 0x04, 0x21, 0x04, 0x29, 0x04, 0x29, 0x04, 0x29, 0x24, 0x29, 0x24, 0x29, 0x24, 0x29, 0x24, 0x29, 0x24, 0x29, 0x24, 0x29, 0x44, 0x21, 0x24, 0xe6, 0x52, 0xac, 0xb0, 0xac, 0xcf, 0x00, 0x00, 
  0x00, 0x00, 0x00, 0x00, 0x00, 0x00, 0x00, 0x00, 0x00, 0x00, 0x00, 0x00, 0x00, 0x00, 0x00, 0x00, 0x00, 0x00, 0x00, 0x00, 0x00, 0x00, 0x00, 0x00, 0x00, 0x00, 0x00, 0x00, 0x00, 0x00, 0x00, 0x00, 0x00, 0x00, 0x00, 0x00, 0x00, 0x00, 0x00, 0x00, 0x00, 0x00, 0x00, 0x00, 0x00, 0x00, 0x00, 0x00, 0x00, 0x00, 0x20, 0xe4, 0x18, 0xe3, 0x18, 0x82, 0x18, 0xc3, 0x18, 0xc3, 0x18, 0xc3, 0x20, 0xc3, 0x20, 0xc3, 0x20, 0xe3, 0x20, 0xe3, 0x20, 0xe3, 0x20, 0xe4, 0x21, 0x04, 0x21, 0x04, 0x21, 0x04, 0x21, 0x04, 0x29, 0x04, 0x29, 0x24, 0x29, 0x24, 0x29, 0x24, 0x29, 0x24, 0x29, 0x24, 0x29, 0x44, 0x29, 0x44, 0x21, 0x24, 0xd5, 0xb3, 0xac, 0xd0, 0xac, 0xcf, 0x00, 0x00, 
  0x00, 0x00, 0x00, 0x00, 0x00, 0x00, 0x00, 0x00, 0x00, 0x00, 0x00, 0x00, 0x00, 0x00, 0x00, 0x00, 0x00, 0x00, 0x00, 0x00, 0x00, 0x00, 0x00, 0x00, 0x00, 0x00, 0x00, 0x00, 0x00, 0x00, 0x00, 0x00, 0x00, 0x00, 0x00, 0x00, 0x00, 0x00, 0x00, 0x00, 0x00, 0x00, 0x00, 0x00, 0x00, 0x00, 0x00, 0x00, 0x00, 0x00, 0x00, 0x00, 0x18, 0xe3, 0x18, 0xc3, 0x18, 0xa2, 0x18, 0xc3, 0x20, 0xc3, 0x20, 0xc3, 0x20, 0xc3, 0x20, 0xe3, 0x21, 0x03, 0x20, 0xe3, 0x20, 0xe3, 0x21, 0x04, 0x21, 0x04, 0x21, 0x04, 0x21, 0x04, 0x29, 0x04, 0x29, 0x24, 0x29, 0x24, 0x29, 0x24, 0x29, 0x24, 0x29, 0x24, 0x29, 0x24, 0x29, 0x44, 0x21, 0x24, 0xd5, 0xd1, 0xb4, 0xf0, 0xac, 0xd0, 0x00, 0x00, 
  0x00, 0x00, 0x00, 0x00, 0x00, 0x00, 0x00, 0x00, 0x00, 0x00, 0x00, 0x00, 0x00, 0x00, 0x00, 0x00, 0x00, 0x00, 0x00, 0x00, 0x00, 0x00, 0x00, 0x00, 0x00, 0x00, 0x00, 0x00, 0x00, 0x00, 0x00, 0x00, 0x00, 0x00, 0x00, 0x00, 0x00, 0x00, 0x00, 0x00, 0x00, 0x00, 0x00, 0x00, 0x00, 0x00, 0x00, 0x00, 0x00, 0x00, 0x18, 0xe3, 0x18, 0x62, 0x18, 0x82, 0x18, 0xc3, 0x18, 0xc3, 0x18, 0xc3, 0x20, 0xc3, 0x20, 0xe3, 0x20, 0xe3, 0x20, 0xe3, 0x20, 0xe3, 0x21, 0x04, 0x21, 0x04, 0x21, 0x04, 0x21, 0x04, 0x21, 0x04, 0x29, 0x04, 0x29, 0x24, 0x29, 0x24, 0x29, 0x24, 0x29, 0x24, 0x29, 0x24, 0x29, 0x44, 0x29, 0x44, 0x21, 0x24, 0xd5, 0xd1, 0xb4, 0xf0, 0xb4, 0xf0, 0x00, 0x00, 
  0x00, 0x00, 0x00, 0x00, 0x00, 0x00, 0x00, 0x00, 0x00, 0x00, 0x00, 0x00, 0x00, 0x00, 0x00, 0x00, 0x00, 0x00, 0x00, 0x00, 0x00, 0x00, 0x00, 0x00, 0x00, 0x00, 0x00, 0x00, 0x00, 0x00, 0x00, 0x00, 0x00, 0x00, 0x00, 0x00, 0x00, 0x00, 0x00, 0x00, 0x00, 0x00, 0x00, 0x00, 0x00, 0x00, 0x00, 0x00, 0x00, 0x00, 0x18, 0x00, 0x10, 0x62, 0x18, 0xc3, 0x18, 0xc3, 0x18, 0xc3, 0x18, 0xc3, 0x20, 0xc3, 0x20, 0xe3, 0x20, 0xe3, 0x20, 0xe3, 0x20, 0xe3, 0x20, 0xe4, 0x21, 0x04, 0x21, 0x04, 0x21, 0x04, 0x21, 0x04, 0x29, 0x04, 0x29, 0x24, 0x29, 0x24, 0x29, 0x24, 0x29, 0x24, 0x29, 0x24, 0x29, 0x44, 0x29, 0x44, 0x21, 0x24, 0xde, 0x13, 0xb4, 0xf0, 0xac, 0xf0, 0x00, 0x00, 
  0x00, 0x00, 0x00, 0x00, 0x00, 0x00, 0x00, 0x00, 0x00, 0x00, 0x00, 0x00, 0x00, 0x00, 0x00, 0x00, 0x00, 0x00, 0x00, 0x00, 0x00, 0x00, 0x00, 0x00, 0x00, 0x00, 0x00, 0x00, 0x00, 0x00, 0x00, 0x00, 0x00, 0x00, 0x00, 0x00, 0x00, 0x00, 0x00, 0x00, 0x00, 0x00, 0x00, 0x00, 0x00, 0x00, 0x00, 0x00, 0x00, 0x00, 0x00, 0x00, 0x18, 0xe3, 0x18, 0xc3, 0x18, 0xc3, 0x18, 0xa3, 0x20, 0xc3, 0x20, 0xc3, 0x20, 0xe3, 0x18, 0xe3, 0x21, 0x03, 0x20, 0xe3, 0x21, 0x04, 0x21, 0x04, 0x21, 0x04, 0x21, 0x04, 0x29, 0x04, 0x29, 0x04, 0x29, 0x24, 0x29, 0x24, 0x29, 0x24, 0x29, 0x24, 0x29, 0x24, 0x29, 0x44, 0x29, 0x44, 0x21, 0x24, 0xde, 0x13, 0xb5, 0x10, 0xb4, 0xf0, 0x00, 0x00, 
  0x00, 0x00, 0x00, 0x00, 0x00, 0x00, 0x00, 0x00, 0x00, 0x00, 0x00, 0x00, 0x00, 0x00, 0x00, 0x00, 0x00, 0x00, 0x00, 0x00, 0x00, 0x00, 0x00, 0x00, 0x00, 0x00, 0x00, 0x00, 0x00, 0x00, 0x00, 0x00, 0x00, 0x00, 0x00, 0x00, 0x00, 0x00, 0x00, 0x00, 0x00, 0x00, 0x00, 0x00, 0x00, 0x00, 0x00, 0x00, 0x00, 0x00, 0x18, 0xe3, 0x18, 0xe3, 0x18, 0xe3, 0x18, 0xa2, 0x18, 0xc3, 0x18, 0xc3, 0x20, 0xc3, 0x20, 0xe4, 0x20, 0xe3, 0x20, 0xe3, 0x20, 0xe3, 0x20, 0xe4, 0x21, 0x04, 0x21, 0x04, 0x21, 0x04, 0x21, 0x04, 0x29, 0x04, 0x29, 0x24, 0x29, 0x24, 0x29, 0x24, 0x29, 0x24, 0x29, 0x24, 0x29, 0x44, 0x29, 0x44, 0x21, 0x24, 0xde, 0x31, 0xbd, 0x10, 0xb5, 0x10, 0x00, 0x00, 
  0x00, 0x00, 0x00, 0x00, 0x00, 0x00, 0x00, 0x00, 0x00, 0x00, 0x00, 0x00, 0x00, 0x00, 0x00, 0x00, 0x00, 0x00, 0x00, 0x00, 0x00, 0x00, 0x00, 0x00, 0x00, 0x00, 0x00, 0x00, 0x00, 0x00, 0x00, 0x00, 0x00, 0x00, 0x00, 0x00, 0x00, 0x00, 0x00, 0x00, 0x00, 0x00, 0x00, 0x00, 0x00, 0x00, 0x00, 0x00, 0x00, 0x00, 0x18, 0xe3, 0x18, 0x62, 0x18, 0xc3, 0x18, 0xc3, 0x18, 0xc3, 0x20, 0xc3, 0x20, 0xc3, 0x20, 0xe3, 0x20, 0xe3, 0x20, 0xe3, 0x20, 0xe3, 0x20, 0xe4, 0x21, 0x04, 0x21, 0x04, 0x21, 0x04, 0x21, 0x04, 0x29, 0x04, 0x29, 0x24, 0x29, 0x24, 0x29, 0x24, 0x29, 0x24, 0x29, 0x24, 0x29, 0x44, 0x29, 0x44, 0x21, 0x24, 0xdd, 0xd2, 0xbd, 0x30, 0xbd, 0x10, 0x00, 0x00, 
  0x00, 0x00, 0x00, 0x00, 0x00, 0x00, 0x00, 0x00, 0x00, 0x00, 0x00, 0x00, 0x00, 0x00, 0x00, 0x00, 0x00, 0x00, 0x00, 0x00, 0x00, 0x00, 0x00, 0x00, 0x00, 0x00, 0x00, 0x00, 0x00, 0x00, 0x00, 0x00, 0x00, 0x00, 0x00, 0x00, 0x00, 0x00, 0x00, 0x00, 0x00, 0x00, 0x00, 0x00, 0x00, 0x00, 0x00, 0x00, 0x00, 0x00, 0x18, 0x00, 0x10, 0x62, 0x18, 0xc3, 0x18, 0xc3, 0x18, 0xa3, 0x20, 0xc3, 0x20, 0xc3, 0x20, 0xe3, 0x20, 0xe3, 0x20, 0xe3, 0x20, 0xe4, 0x20, 0xe4, 0x21, 0x04, 0x21, 0x04, 0x21, 0x04, 0x29, 0x04, 0x29, 0x04, 0x29, 0x24, 0x29, 0x24, 0x29, 0x24, 0x29, 0x24, 0x29, 0x24, 0x29, 0x24, 0x29, 0x44, 0x21, 0x24, 0xe5, 0xf1, 0xbd, 0x30, 0xb5, 0x10, 0x00, 0x00, 
  0x00, 0x00, 0x00, 0x00, 0x00, 0x00, 0x00, 0x00, 0x00, 0x00, 0x00, 0x00, 0x00, 0x00, 0x00, 0x00, 0x00, 0x00, 0x00, 0x00, 0x00, 0x00, 0x00, 0x00, 0x00, 0x00, 0x00, 0x00, 0x00, 0x00, 0x00, 0x00, 0x00, 0x00, 0x00, 0x00, 0x00, 0x00, 0x00, 0x00, 0x00, 0x00, 0x00, 0x00, 0x00, 0x00, 0x00, 0x00, 0x00, 0x00, 0x20, 0xe4, 0x18, 0xe3, 0x18, 0x82, 0x18, 0xc3, 0x18, 0xc3, 0x18, 0xc3, 0x20, 0xc3, 0x20, 0xc3, 0x20, 0xe3, 0x20, 0xe3, 0x20, 0xe3, 0x20, 0xe4, 0x21, 0x04, 0x21, 0x04, 0x21, 0x04, 0x21, 0x04, 0x29, 0x04, 0x29, 0x24, 0x29, 0x24, 0x29, 0x24, 0x29, 0x24, 0x29, 0x24, 0x29, 0x44, 0x29, 0x44, 0x21, 0x24, 0xe5, 0xf1, 0xbd, 0x30, 0xbd, 0x10, 0x00, 0x00, 
  0x00, 0x00, 0x00, 0x00, 0x00, 0x00, 0x00, 0x00, 0x00, 0x00, 0x00, 0x00, 0x00, 0x00, 0x00, 0x00, 0x00, 0x00, 0x00, 0x00, 0x00, 0x00, 0x00, 0x00, 0x00, 0x00, 0x00, 0x00, 0x00, 0x00, 0x00, 0x00, 0x00, 0x00, 0x00, 0x00, 0x00, 0x00, 0x00, 0x00, 0x00, 0x00, 0x00, 0x00, 0x00, 0x00, 0x00, 0x00, 0x00, 0x00, 0x00, 0x00, 0x18, 0xe3, 0x18, 0xc3, 0x18, 0xa2, 0x18, 0xc3, 0x20, 0xc3, 0x20, 0xc3, 0x20, 0xc3, 0x20, 0xe3, 0x21, 0x03, 0x20, 0xe3, 0x20, 0xe3, 0x21, 0x04, 0x21, 0x04, 0x21, 0x04, 0x21, 0x04, 0x29, 0x04, 0x29, 0x24, 0x29, 0x24, 0x29, 0x24, 0x29, 0x24, 0x29, 0x24, 0x29, 0x24, 0x29, 0x44, 0x21, 0x24, 0xd6, 0x10, 0xbd, 0x30, 0xbd, 0x10, 0x00, 0x00, 
  0x00, 0x00, 0x00, 0x00, 0x00, 0x00, 0x00, 0x00, 0x00, 0x00, 0x00, 0x00, 0x00, 0x00, 0x00, 0x00, 0x00, 0x00, 0x00, 0x00, 0x00, 0x00, 0x00, 0x00, 0x00, 0x00, 0x00, 0x00, 0x00, 0x00, 0x00, 0x00, 0x00, 0x00, 0x00, 0x00, 0x00, 0x00, 0x00, 0x00, 0x00, 0x00, 0x00, 0x00, 0x00, 0x00, 0x00, 0x00, 0x00, 0x00, 0x18, 0xe3, 0x18, 0x62, 0x18, 0x82, 0x18, 0xc3, 0x18, 0xc3, 0x18, 0xc3, 0x20, 0xc3, 0x20, 0xe3, 0x20, 0xe3, 0x20, 0xe3, 0x20, 0xe3, 0x21, 0x04, 0x21, 0x04, 0x21, 0x04, 0x21, 0x04, 0x21, 0x04, 0x29, 0x04, 0x29, 0x24, 0x29, 0x24, 0x29, 0x24, 0x29, 0x24, 0x29, 0x24, 0x29, 0x44, 0x29, 0x44, 0x21, 0x24, 0xd6, 0x10, 0xbd, 0x30, 0xbd, 0x10, 0x00, 0x00, 
  0x00, 0x00, 0x00, 0x00, 0x00, 0x00, 0x00, 0x00, 0x00, 0x00, 0x00, 0x00, 0x00, 0x00, 0x00, 0x00, 0x00, 0x00, 0x00, 0x00, 0x00, 0x00, 0x00, 0x00, 0x00, 0x00, 0x00, 0x00, 0x00, 0x00, 0x00, 0x00, 0x00, 0x00, 0x00, 0x00, 0x00, 0x00, 0x00, 0x00, 0x00, 0x00, 0x00, 0x00, 0x00, 0x00, 0x00, 0x00, 0x00, 0x00, 0x18, 0x00, 0x10, 0x62, 0x18, 0xc3, 0x18, 0xc3, 0x18, 0xc3, 0x18, 0xc3, 0x20, 0xc3, 0x20, 0xe3, 0x20, 0xe3, 0x20, 0xe3, 0x20, 0xe3, 0x20, 0xe4, 0x21, 0x04, 0x21, 0x04, 0x21, 0x04, 0x21, 0x04, 0x29, 0x04, 0x29, 0x24, 0x29, 0x24, 0x29, 0x24, 0x29, 0x24, 0x29, 0x24, 0x29, 0x44, 0x29, 0x44, 0x21, 0x24, 0xd6, 0x10, 0xbd, 0x30, 0xbd, 0x10, 0x00, 0x00, 
  0x00, 0x00, 0x00, 0x00, 0x00, 0x00, 0x00, 0x00, 0x00, 0x00, 0x00, 0x00, 0x00, 0x00, 0x00, 0x00, 0x00, 0x00, 0x00, 0x00, 0x00, 0x00, 0x00, 0x00, 0x00, 0x00, 0x00, 0x00, 0x00, 0x00, 0x00, 0x00, 0x00, 0x00, 0x00, 0x00, 0x00, 0x00, 0x00, 0x00, 0x00, 0x00, 0x00, 0x00, 0x00, 0x00, 0x00, 0x00, 0x00, 0x00, 0x00, 0x00, 0x18, 0xe3, 0x18, 0xc3, 0x18, 0xc3, 0x18, 0xa3, 0x20, 0xc3, 0x20, 0xc3, 0x20, 0xe3, 0x18, 0xe3, 0x21, 0x03, 0x20, 0xe3, 0x21, 0x04, 0x21, 0x04, 0x21, 0x04, 0x21, 0x04, 0x29, 0x04, 0x29, 0x04, 0x29, 0x24, 0x29, 0x24, 0x29, 0x24, 0x29, 0x24, 0x29, 0x24, 0x29, 0x44, 0x29, 0x44, 0x21, 0x24, 0xd6, 0x10, 0xbd, 0x30, 0xb5, 0x10, 0x00, 0x00, 
  0x00, 0x00, 0x00, 0x00, 0x00, 0x00, 0x00, 0x00, 0x00, 0x00, 0x00, 0x00, 0x00, 0x00, 0x00, 0x00, 0x00, 0x00, 0x00, 0x00, 0x00, 0x00, 0x00, 0x00, 0x00, 0x00, 0x00, 0x00, 0x00, 0x00, 0x00, 0x00, 0x00, 0x00, 0x00, 0x00, 0x00, 0x00, 0x00, 0x00, 0x00, 0x00, 0x00, 0x00, 0x00, 0x00, 0x00, 0x00, 0x00, 0x00, 0x18, 0xe3, 0x18, 0xe3, 0x18, 0xe3, 0x18, 0xa2, 0x18, 0xc3, 0x18, 0xc3, 0x20, 0xc3, 0x20, 0xe4, 0x20, 0xe3, 0x20, 0xe3, 0x20, 0xe3, 0x20, 0xe4, 0x21, 0x04, 0x21, 0x04, 0x21, 0x04, 0x21, 0x04, 0x29, 0x04, 0x29, 0x24, 0x29, 0x24, 0x29, 0x24, 0x29, 0x24, 0x29, 0x24, 0x29, 0x44, 0x29, 0x44, 0x21, 0x24, 0xd6, 0x10, 0xbd, 0x30, 0xbd, 0x10, 0x00, 0x00, 
  0x00, 0x00, 0x00, 0x00, 0x00, 0x00, 0x00, 0x00, 0x00, 0x00, 0x00, 0x00, 0x00, 0x00, 0x00, 0x00, 0x00, 0x00, 0x00, 0x00, 0x00, 0x00, 0x00, 0x00, 0x00, 0x00, 0x00, 0x00, 0x00, 0x00, 0x00, 0x00, 0x00, 0x00, 0x00, 0x00, 0x00, 0x00, 0x00, 0x00, 0x00, 0x00, 0x00, 0x00, 0x00, 0x00, 0x00, 0x00, 0x00, 0x00, 0x18, 0xe3, 0x18, 0x62, 0x18, 0xc3, 0x18, 0xc3, 0x18, 0xc3, 0x20, 0xc3, 0x20, 0xc3, 0x20, 0xe3, 0x20, 0xe3, 0x20, 0xe3, 0x20, 0xe3, 0x20, 0xe4, 0x21, 0x04, 0x21, 0x04, 0x21, 0x04, 0x21, 0x04, 0x29, 0x04, 0x29, 0x24, 0x29, 0x24, 0x29, 0x24, 0x29, 0x24, 0x29, 0x24, 0x29, 0x44, 0x29, 0x44, 0x21, 0x24, 0xe5, 0xf1, 0xbd, 0x30, 0xbd, 0x10, 0x00, 0x00, 
  0x00, 0x00, 0x00, 0x00, 0x00, 0x00, 0x00, 0x00, 0x00, 0x00, 0x00, 0x00, 0x00, 0x00, 0x00, 0x00, 0x00, 0x00, 0x00, 0x00, 0x00, 0x00, 0x00, 0x00, 0x00, 0x00, 0x00, 0x00, 0x00, 0x00, 0x00, 0x00, 0x00, 0x00, 0x00, 0x00, 0x00, 0x00, 0x00, 0x00, 0x00, 0x00, 0x00, 0x00, 0x00, 0x00, 0x00, 0x00, 0x00, 0x00, 0x18, 0x00, 0x10, 0x62, 0x18, 0xc3, 0x18, 0xc3, 0x18, 0xa3, 0x20, 0xc3, 0x20, 0xc3, 0x20, 0xe3, 0x20, 0xe3, 0x20, 0xe3, 0x20, 0xe4, 0x20, 0xe4, 0x21, 0x04, 0x21, 0x04, 0x21, 0x04, 0x29, 0x04, 0x29, 0x04, 0x29, 0x24, 0x29, 0x24, 0x29, 0x24, 0x29, 0x24, 0x29, 0x24, 0x29, 0x24, 0x29, 0x44, 0x21, 0x24, 0xe5, 0xf1, 0xbd, 0x10, 0xb5, 0x10, 0x00, 0x00, 
  0x00, 0x00, 0x00, 0x00, 0x00, 0x00, 0x00, 0x00, 0x00, 0x00, 0x00, 0x00, 0x00, 0x00, 0x00, 0x00, 0x00, 0x00, 0x00, 0x00, 0x00, 0x00, 0x00, 0x00, 0x00, 0x00, 0x00, 0x00, 0x00, 0x00, 0x00, 0x00, 0x00, 0x00, 0x00, 0x00, 0x00, 0x00, 0x00, 0x00, 0x00, 0x00, 0x00, 0x00, 0x00, 0x00, 0x00, 0x00, 0x00, 0x00, 0x20, 0xe4, 0x18, 0xe3, 0x18, 0x82, 0x18, 0xc3, 0x18, 0xc3, 0x18, 0xc3, 0x20, 0xc3, 0x20, 0xc3, 0x20, 0xe3, 0x20, 0xe3, 0x20, 0xe3, 0x20, 0xe4, 0x21, 0x04, 0x21, 0x04, 0x21, 0x04, 0x21, 0x04, 0x29, 0x04, 0x29, 0x24, 0x29, 0x24, 0x29, 0x24, 0x29, 0x24, 0x29, 0x24, 0x29, 0x44, 0x29, 0x44, 0x21, 0x24, 0xd5, 0xf1, 0xb5, 0x10, 0xb4, 0xf0, 0x00, 0x00, 
  0x00, 0x00, 0x00, 0x00, 0x00, 0x00, 0x00, 0x00, 0x00, 0x00, 0x00, 0x00, 0x00, 0x00, 0x00, 0x00, 0x00, 0x00, 0x00, 0x00, 0x00, 0x00, 0x00, 0x00, 0x00, 0x00, 0x00, 0x00, 0x00, 0x00, 0x00, 0x00, 0x00, 0x00, 0x00, 0x00, 0x00, 0x00, 0x00, 0x00, 0x00, 0x00, 0x00, 0x00, 0x00, 0x00, 0x00, 0x00, 0x00, 0x00, 0x00, 0x00, 0x18, 0xe3, 0x18, 0xc3, 0x18, 0xa2, 0x18, 0xc3, 0x20, 0xc3, 0x20, 0xc3, 0x20, 0xc3, 0x20, 0xe3, 0x21, 0x03, 0x20, 0xe3, 0x20, 0xe3, 0x21, 0x04, 0x21, 0x04, 0x21, 0x04, 0x21, 0x04, 0x29, 0x04, 0x29, 0x24, 0x29, 0x24, 0x29, 0x24, 0x29, 0x24, 0x29, 0x24, 0x29, 0x24, 0x29, 0x44, 0x21, 0x24, 0xcd, 0xd0, 0xb5, 0x10, 0xb4, 0xf0, 0x00, 0x00, 
  0x00, 0x00, 0x00, 0x00, 0x00, 0x00, 0x00, 0x00, 0x00, 0x00, 0x00, 0x00, 0x00, 0x00, 0x00, 0x00, 0x00, 0x00, 0x00, 0x00, 0x00, 0x00, 0x00, 0x00, 0x00, 0x00, 0x00, 0x00, 0x00, 0x00, 0x00, 0x00, 0x00, 0x00, 0x00, 0x00, 0x00, 0x00, 0x00, 0x00, 0x00, 0x00, 0x00, 0x00, 0x00, 0x00, 0x00, 0x00, 0x00, 0x00, 0x18, 0xe3, 0x18, 0x62, 0x18, 0x82, 0x18, 0xc3, 0x18, 0xc3, 0x18, 0xc3, 0x20, 0xc3, 0x20, 0xe3, 0x20, 0xe3, 0x20, 0xe3, 0x20, 0xe3, 0x21, 0x04, 0x21, 0x04, 0x21, 0x04, 0x21, 0x04, 0x21, 0x04, 0x29, 0x04, 0x29, 0x24, 0x29, 0x24, 0x29, 0x24, 0x29, 0x24, 0x29, 0x24, 0x29, 0x44, 0x29, 0x44, 0x21, 0x24, 0xde, 0x13, 0xb4, 0xf0, 0xb4, 0xf0, 0x00, 0x00, 
  0x00, 0x00, 0x00, 0x00, 0x00, 0x00, 0x00, 0x00, 0x00, 0x00, 0x00, 0x00, 0x00, 0x00, 0x00, 0x00, 0x00, 0x00, 0x00, 0x00, 0x00, 0x00, 0x00, 0x00, 0x00, 0x00, 0x00, 0x00, 0x00, 0x00, 0x00, 0x00, 0x00, 0x00, 0x00, 0x00, 0x00, 0x00, 0x00, 0x00, 0x00, 0x00, 0x00, 0x00, 0x00, 0x00, 0x00, 0x00, 0x00, 0x00, 0x18, 0x00, 0x10, 0x62, 0x18, 0xc3, 0x18, 0xc3, 0x18, 0xc3, 0x18, 0xc3, 0x20, 0xc3, 0x20, 0xe3, 0x20, 0xe3, 0x20, 0xe3, 0x20, 0xe3, 0x20, 0xe4, 0x21, 0x04, 0x21, 0x04, 0x21, 0x04, 0x21, 0x04, 0x29, 0x04, 0x29, 0x24, 0x29, 0x24, 0x29, 0x24, 0x29, 0x24, 0x29, 0x24, 0x29, 0x44, 0x29, 0x44, 0x21, 0x24, 0xde, 0x13, 0xb4, 0xf0, 0xb4, 0xd0, 0x00, 0x00, 
  0x00, 0x00, 0x00, 0x00, 0x00, 0x00, 0x00, 0x00, 0x00, 0x00, 0x00, 0x00, 0x00, 0x00, 0x00, 0x00, 0x00, 0x00, 0x00, 0x00, 0x00, 0x00, 0x00, 0x00, 0x00, 0x00, 0x00, 0x00, 0x00, 0x00, 0x00, 0x00, 0x00, 0x00, 0x00, 0x00, 0x00, 0x00, 0x00, 0x00, 0x00, 0x00, 0x00, 0x00, 0x00, 0x00, 0x00, 0x00, 0x00, 0x00, 0x00, 0x00, 0x18, 0xe3, 0x18, 0xc3, 0x18, 0xc3, 0x18, 0xa3, 0x20, 0xc3, 0x20, 0xc3, 0x20, 0xe3, 0x18, 0xe3, 0x21, 0x03, 0x20, 0xe3, 0x21, 0x04, 0x21, 0x04, 0x21, 0x04, 0x21, 0x04, 0x29, 0x04, 0x29, 0x04, 0x29, 0x24, 0x29, 0x24, 0x29, 0x24, 0x29, 0x24, 0x29, 0x24, 0x29, 0x44, 0x29, 0x44, 0x21, 0x24, 0xd5, 0xd1, 0xac, 0xd0, 0xac, 0xd0, 0x00, 0x00, 
  0x00, 0x00, 0x00, 0x00, 0x00, 0x00, 0x00, 0x00, 0x00, 0x00, 0x00, 0x00, 0x00, 0x00, 0x00, 0x00, 0x00, 0x00, 0x00, 0x00, 0x00, 0x00, 0x00, 0x00, 0x00, 0x00, 0x00, 0x00, 0x00, 0x00, 0x00, 0x00, 0x00, 0x00, 0x00, 0x00, 0x00, 0x00, 0x00, 0x00, 0x00, 0x00, 0x00, 0x00, 0x00, 0x00, 0x00, 0x00, 0x00, 0x00, 0x18, 0xe3, 0x18, 0xe3, 0x18, 0xe3, 0x18, 0xa2, 0x18, 0xc3, 0x18, 0xc3, 0x20, 0xc3, 0x20, 0xe4, 0x20, 0xe3, 0x20, 0xe3, 0x20, 0xe3, 0x20, 0xe4, 0x21, 0x04, 0x21, 0x04, 0x21, 0x04, 0x21, 0x04, 0x29, 0x04, 0x29, 0x24, 0x29, 0x24, 0x29, 0x24, 0x29, 0x24, 0x29, 0x24, 0x29, 0x44, 0x29, 0x44, 0x21, 0x24, 0xd5, 0xd1, 0xac, 0xd0, 0xac, 0xaf, 0x00, 0x00, 
  0x00, 0x00, 0x00, 0x00, 0x00, 0x00, 0x00, 0x00, 0x00, 0x00, 0x00, 0x00, 0x00, 0x00, 0x00, 0x00, 0x00, 0x00, 0x00, 0x00, 0x00, 0x00, 0x00, 0x00, 0x00, 0x00, 0x00, 0x00, 0x00, 0x00, 0x00, 0x00, 0x00, 0x00, 0x00, 0x00, 0x00, 0x00, 0x00, 0x00, 0x00, 0x00, 0x00, 0x00, 0x00, 0x00, 0x00, 0x00, 0x00, 0x00, 0x18, 0xe3, 0x18, 0x62, 0x18, 0xc3, 0x18, 0xc3, 0x18, 0xc3, 0x20, 0xc3, 0x20, 0xc3, 0x20, 0xe3, 0x20, 0xe3, 0x20, 0xe3, 0x20, 0xe3, 0x20, 0xe4, 0x21, 0x04, 0x21, 0x04, 0x21, 0x04, 0x21, 0x04, 0x29, 0x04, 0x29, 0x24, 0x29, 0x24, 0x29, 0x24, 0x29, 0x24, 0x29, 0x24, 0x29, 0x44, 0x29, 0x44, 0x21, 0x24, 0xd5, 0xb3, 0xac, 0xd0, 0xac, 0xaf, 0x00, 0x00, 
  0x00, 0x00, 0x00, 0x00, 0x00, 0x00, 0x00, 0x00, 0x00, 0x00, 0x00, 0x00, 0x00, 0x00, 0x00, 0x00, 0x00, 0x00, 0x00, 0x00, 0x00, 0x00, 0x00, 0x00, 0x00, 0x00, 0x00, 0x00, 0x00, 0x00, 0x00, 0x00, 0x00, 0x00, 0x00, 0x00, 0x00, 0x00, 0x00, 0x00, 0x00, 0x00, 0x00, 0x00, 0x00, 0x00, 0x00, 0x00, 0x00, 0x00, 0x18, 0x00, 0x10, 0x62, 0x18, 0xc3, 0x18, 0xc3, 0x18, 0xa3, 0x20, 0xc3, 0x20, 0xc3, 0x20, 0xe3, 0x20, 0xe3, 0x20, 0xe3, 0x20, 0xe4, 0x20, 0xe4, 0x21, 0x04, 0x21, 0x04, 0x21, 0x04, 0x29, 0x04, 0x29, 0x04, 0x29, 0x24, 0x29, 0x24, 0x29, 0x24, 0x29, 0x24, 0x29, 0x24, 0x29, 0x24, 0x29, 0x44, 0x21, 0x24, 0xcd, 0x72, 0xa4, 0xaf, 0xa4, 0x8f, 0x00, 0x00, 
  0x00, 0x00, 0x00, 0x00, 0x00, 0x00, 0x00, 0x00, 0x00, 0x00, 0x00, 0x00, 0x00, 0x00, 0x00, 0x00, 0x00, 0x00, 0x00, 0x00, 0x00, 0x00, 0x00, 0x00, 0x00, 0x00, 0x00, 0x00, 0x00, 0x00, 0x00, 0x00, 0x00, 0x00, 0x00, 0x00, 0x00, 0x00, 0x00, 0x00, 0x00, 0x00, 0x00, 0x00, 0x00, 0x00, 0x00, 0x00, 0x00, 0x00, 0x20, 0xe4, 0x18, 0xe3, 0x18, 0x82, 0x18, 0xc3, 0x18, 0xc3, 0x18, 0xc3, 0x20, 0xc3, 0x20, 0xc3, 0x20, 0xe3, 0x20, 0xe3, 0x20, 0xe3, 0x20, 0xe4, 0x21, 0x04, 0x21, 0x04, 0x21, 0x04, 0x21, 0x04, 0x29, 0x04, 0x29, 0x24, 0x29, 0x24, 0x29, 0x24, 0x29, 0x24, 0x29, 0x24, 0x29, 0x44, 0x29, 0x44, 0x21, 0x24, 0xcd, 0x72, 0xa4, 0x8f, 0xa4, 0x8f, 0x00, 0x00, 
  0x00, 0x00, 0x00, 0x00, 0x00, 0x00, 0x00, 0x00, 0x00, 0x00, 0x00, 0x00, 0x00, 0x00, 0x00, 0x00, 0x00, 0x00, 0x00, 0x00, 0x00, 0x00, 0x00, 0x00, 0x00, 0x00, 0x00, 0x00, 0x00, 0x00, 0x00, 0x00, 0x00, 0x00, 0x00, 0x00, 0x00, 0x00, 0x00, 0x00, 0x00, 0x00, 0x00, 0x00, 0x00, 0x00, 0x00, 0x00, 0x00, 0x00, 0x00, 0x00, 0x18, 0xe3, 0x18, 0xc3, 0x18, 0xa2, 0x18, 0xc3, 0x20, 0xc3, 0x20, 0xc3, 0x20, 0xc3, 0x20, 0xe3, 0x21, 0x03, 0x20, 0xe3, 0x20, 0xe3, 0x21, 0x04, 0x21, 0x04, 0x21, 0x04, 0x21, 0x04, 0x29, 0x04, 0x29, 0x24, 0x29, 0x24, 0x29, 0x24, 0x29, 0x24, 0x29, 0x24, 0x29, 0x24, 0x29, 0x44, 0x21, 0x24, 0xe6, 0x14, 0xa4, 0x8f, 0xa4, 0x8f, 0x00, 0x00, 
  0x00, 0x00, 0x00, 0x00, 0x00, 0x00, 0x00, 0x00, 0x00, 0x00, 0x00, 0x00, 0x00, 0x00, 0x00, 0x00, 0x00, 0x00, 0x00, 0x00, 0x00, 0x00, 0x00, 0x00, 0x00, 0x00, 0x00, 0x00, 0x00, 0x00, 0x00, 0x00, 0x00, 0x00, 0x00, 0x00, 0x00, 0x00, 0x00, 0x00, 0x00, 0x00, 0x00, 0x00, 0x00, 0x00, 0x00, 0x00, 0x00, 0x00, 0x18, 0xe3, 0x18, 0x62, 0x18, 0x82, 0x18, 0xc3, 0x18, 0xc3, 0x18, 0xc3, 0x20, 0xc3, 0x20, 0xe3, 0x20, 0xe3, 0x20, 0xe3, 0x20, 0xe3, 0x21, 0x04, 0x21, 0x04, 0x21, 0x04, 0x21, 0x04, 0x21, 0x04, 0x29, 0x04, 0x29, 0x24, 0x29, 0x24, 0x29, 0x24, 0x29, 0x24, 0x29, 0x24, 0x29, 0x44, 0x29, 0x44, 0x21, 0x24, 0xdd, 0xd2, 0xa4, 0x6f, 0xa4, 0x8e, 0x00, 0x00, 
  0x00, 0x00, 0x00, 0x00, 0x00, 0x00, 0x00, 0x00, 0x00, 0x00, 0x00, 0x00, 0x00, 0x00, 0x00, 0x00, 0x00, 0x00, 0x00, 0x00, 0x00, 0x00, 0x00, 0x00, 0x00, 0x00, 0x00, 0x00, 0x00, 0x00, 0x00, 0x00, 0x00, 0x00, 0x00, 0x00, 0x00, 0x00, 0x00, 0x00, 0x00, 0x00, 0x00, 0x00, 0x00, 0x00, 0x00, 0x00, 0x00, 0x00, 0x18, 0x00, 0x10, 0x62, 0x18, 0xc3, 0x18, 0xc3, 0x18, 0xc3, 0x18, 0xc3, 0x20, 0xc3, 0x20, 0xe3, 0x20, 0xe3, 0x20, 0xe3, 0x20, 0xe3, 0x20, 0xe4, 0x21, 0x04, 0x21, 0x04, 0x21, 0x04, 0x21, 0x04, 0x29, 0x04, 0x29, 0x24, 0x29, 0x24, 0x29, 0x24, 0x29, 0x24, 0x29, 0x24, 0x29, 0x44, 0x29, 0x44, 0x21, 0x24, 0xdd, 0xd2, 0x9c, 0x6f, 0x9c, 0x6e, 0x00, 0x00, 
  0x00, 0x00, 0x00, 0x00, 0x00, 0x00, 0x00, 0x00, 0x00, 0x00, 0x00, 0x00, 0x00, 0x00, 0x00, 0x00, 0x00, 0x00, 0x00, 0x00, 0x00, 0x00, 0x00, 0x00, 0x00, 0x00, 0x00, 0x00, 0x00, 0x00, 0x00, 0x00, 0x00, 0x00, 0x00, 0x00, 0x00, 0x00, 0x00, 0x00, 0x00, 0x00, 0x00, 0x00, 0x00, 0x00, 0x00, 0x00, 0x00, 0x00, 0x00, 0x00, 0x18, 0xe3, 0x18, 0xc3, 0x18, 0xc3, 0x18, 0xa3, 0x20, 0xc3, 0x20, 0xc3, 0x20, 0xe3, 0x18, 0xe3, 0x21, 0x03, 0x20, 0xe3, 0x21, 0x04, 0x21, 0x04, 0x21, 0x04, 0x21, 0x04, 0x29, 0x04, 0x29, 0x04, 0x29, 0x24, 0x29, 0x24, 0x29, 0x24, 0x29, 0x24, 0x29, 0x24, 0x29, 0x44, 0x29, 0x44, 0x21, 0x24, 0xdd, 0x70, 0x9c, 0x4e, 0x9c, 0x4e, 0x00, 0x00, 
  0x00, 0x00, 0x00, 0x00, 0x00, 0x00, 0x00, 0x00, 0x00, 0x00, 0x00, 0x00, 0x00, 0x00, 0x00, 0x00, 0x00, 0x00, 0x00, 0x00, 0x00, 0x00, 0x00, 0x00, 0x00, 0x00, 0x00, 0x00, 0x00, 0x00, 0x00, 0x00, 0x00, 0x00, 0x00, 0x00, 0x00, 0x00, 0x00, 0x00, 0x00, 0x00, 0x00, 0x00, 0x00, 0x00, 0x00, 0x00, 0x00, 0x00, 0x18, 0xe3, 0x18, 0xe3, 0x18, 0xe3, 0x18, 0xa2, 0x18, 0xc3, 0x18, 0xc3, 0x20, 0xc3, 0x20, 0xe4, 0x20, 0xe3, 0x20, 0xe3, 0x20, 0xe3, 0x20, 0xe4, 0x21, 0x04, 0x21, 0x04, 0x21, 0x04, 0x21, 0x04, 0x29, 0x04, 0x29, 0x24, 0x29, 0x24, 0x29, 0x24, 0x29, 0x24, 0x29, 0x24, 0x29, 0x44, 0x29, 0x44, 0x21, 0x24, 0xd6, 0x73, 0x9c, 0x2e, 0x94, 0x2e, 0x00, 0x00, 
  0x00, 0x00, 0x00, 0x00, 0x00, 0x00, 0x00, 0x00, 0x00, 0x00, 0x00, 0x00, 0x00, 0x00, 0x00, 0x00, 0x00, 0x00, 0x00, 0x00, 0x00, 0x00, 0x00, 0x00, 0x00, 0x00, 0x00, 0x00, 0x00, 0x00, 0x00, 0x00, 0x00, 0x00, 0x00, 0x00, 0x00, 0x00, 0x00, 0x00, 0x00, 0x00, 0x00, 0x00, 0x00, 0x00, 0x00, 0x00, 0x00, 0x00, 0x18, 0xe3, 0x18, 0x62, 0x18, 0xc3, 0x18, 0xc3, 0x18, 0xc3, 0x20, 0xc3, 0x20, 0xc3, 0x20, 0xe3, 0x20, 0xe3, 0x20, 0xe3, 0x20, 0xe3, 0x20, 0xe4, 0x21, 0x04, 0x21, 0x04, 0x21, 0x04, 0x21, 0x04, 0x29, 0x04, 0x29, 0x24, 0x29, 0x24, 0x29, 0x24, 0x29, 0x24, 0x29, 0x24, 0x29, 0x44, 0x29, 0x44, 0x21, 0x24, 0xd4, 0xcd, 0x94, 0x2e, 0x94, 0x2e, 0x00, 0x00, 
  0x00, 0x00, 0x00, 0x00, 0x00, 0x00, 0x00, 0x00, 0x00, 0x00, 0x00, 0x00, 0x00, 0x00, 0x00, 0x00, 0x00, 0x00, 0x00, 0x00, 0x00, 0x00, 0x00, 0x00, 0x00, 0x00, 0x00, 0x00, 0x00, 0x00, 0x00, 0x00, 0x00, 0x00, 0x00, 0x00, 0x00, 0x00, 0x00, 0x00, 0x00, 0x00, 0x00, 0x00, 0x00, 0x00, 0x00, 0x00, 0x00, 0x00, 0x18, 0x00, 0x10, 0x62, 0x18, 0xc3, 0x18, 0xc3, 0x18, 0xa3, 0x20, 0xc3, 0x20, 0xc3, 0x20, 0xe3, 0x20, 0xe3, 0x20, 0xe3, 0x20, 0xe4, 0x20, 0xe4, 0x21, 0x04, 0x21, 0x04, 0x21, 0x04, 0x29, 0x04, 0x29, 0x04, 0x29, 0x24, 0x29, 0x24, 0x29, 0x24, 0x29, 0x24, 0x29, 0x24, 0x29, 0x24, 0x29, 0x44, 0x21, 0x24, 0xc6, 0x10, 0x94, 0x0e, 0x93, 0xed, 0x00, 0x00, 
  0x00, 0x00, 0x00, 0x00, 0x00, 0x00, 0x00, 0x00, 0x00, 0x00, 0x00, 0x00, 0x00, 0x00, 0x00, 0x00, 0x00, 0x00, 0x00, 0x00, 0x00, 0x00, 0x00, 0x00, 0x00, 0x00, 0x00, 0x00, 0x00, 0x00, 0x00, 0x00, 0x00, 0x00, 0x00, 0x00, 0x00, 0x00, 0x00, 0x00, 0x00, 0x00, 0x00, 0x00, 0x00, 0x00, 0x00, 0x00, 0x00, 0x00, 0x20, 0xe4, 0x18, 0xe3, 0x18, 0x82, 0x18, 0xc3, 0x18, 0xc3, 0x18, 0xc3, 0x20, 0xc3, 0x20, 0xc3, 0x20, 0xe3, 0x20, 0xe3, 0x20, 0xe3, 0x20, 0xe4, 0x21, 0x04, 0x21, 0x04, 0x21, 0x04, 0x21, 0x04, 0x29, 0x04, 0x29, 0x24, 0x29, 0x24, 0x29, 0x24, 0x29, 0x24, 0x29, 0x24, 0x29, 0x44, 0x29, 0x44, 0x21, 0x24, 0xc6, 0x10, 0x8b, 0xed, 0x8c, 0x2e, 0x00, 0x00, 
  0x00, 0x00, 0x00, 0x00, 0x00, 0x00, 0x00, 0x00, 0x00, 0x00, 0x00, 0x00, 0x00, 0x00, 0x00, 0x00, 0x00, 0x00, 0x00, 0x00, 0x00, 0x00, 0x00, 0x00, 0x00, 0x00, 0x00, 0x00, 0x00, 0x00, 0x00, 0x00, 0x00, 0x00, 0x00, 0x00, 0x00, 0x00, 0x00, 0x00, 0x00, 0x00, 0x00, 0x00, 0x00, 0x00, 0x00, 0x00, 0x00, 0x00, 0x00, 0x00, 0x18, 0xe3, 0x18, 0xc3, 0x18, 0xa2, 0x18, 0xc3, 0x20, 0xc3, 0x20, 0xc3, 0x20, 0xc3, 0x20, 0xe3, 0x21, 0x03, 0x20, 0xe3, 0x20, 0xe3, 0x21, 0x04, 0x21, 0x04, 0x21, 0x04, 0x21, 0x04, 0x29, 0x04, 0x29, 0x24, 0x29, 0x24, 0x29, 0x24, 0x29, 0x24, 0x29, 0x24, 0x29, 0x24, 0x29, 0x44, 0x21, 0x24, 0xc6, 0x10, 0x8b, 0xed, 0x8b, 0xed, 0x00, 0x00, 
  0x00, 0x00, 0x00, 0x00, 0x00, 0x00, 0x00, 0x00, 0x00, 0x00, 0x00, 0x00, 0x00, 0x00, 0x00, 0x00, 0x00, 0x00, 0x00, 0x00, 0x00, 0x00, 0x00, 0x00, 0x00, 0x00, 0x00, 0x00, 0x00, 0x00, 0x00, 0x00, 0x00, 0x00, 0x00, 0x00, 0x00, 0x00, 0x00, 0x00, 0x00, 0x00, 0x00, 0x00, 0x00, 0x00, 0x00, 0x00, 0x00, 0x00, 0x18, 0xe3, 0x18, 0x62, 0x18, 0x82, 0x18, 0xc3, 0x18, 0xc3, 0x18, 0xc3, 0x20, 0xc3, 0x20, 0xe3, 0x20, 0xe3, 0x20, 0xe3, 0x20, 0xe3, 0x21, 0x04, 0x21, 0x04, 0x21, 0x04, 0x21, 0x04, 0x21, 0x04, 0x29, 0x04, 0x29, 0x24, 0x29, 0x24, 0x29, 0x24, 0x29, 0x24, 0x29, 0x24, 0x29, 0x44, 0x29, 0x44, 0x21, 0x24, 0xfd, 0x75, 0x8b, 0xcd, 0x8b, 0xcc, 0x00, 0x00, 
  0x00, 0x00, 0x00, 0x00, 0x00, 0x00, 0x00, 0x00, 0x00, 0x00, 0x00, 0x00, 0x00, 0x00, 0x00, 0x00, 0x00, 0x00, 0x00, 0x00, 0x00, 0x00, 0x00, 0x00, 0x00, 0x00, 0x00, 0x00, 0x00, 0x00, 0x00, 0x00, 0x00, 0x00, 0x00, 0x00, 0x00, 0x00, 0x00, 0x00, 0x00, 0x00, 0x00, 0x00, 0x00, 0x00, 0x00, 0x00, 0x00, 0x00, 0x18, 0x00, 0x10, 0x62, 0x18, 0xc3, 0x18, 0xc3, 0x18, 0xc3, 0x18, 0xc3, 0x20, 0xc3, 0x20, 0xe3, 0x20, 0xe3, 0x20, 0xe3, 0x20, 0xe3, 0x20, 0xe4, 0x21, 0x04, 0x21, 0x04, 0x21, 0x04, 0x21, 0x04, 0x29, 0x04, 0x29, 0x24, 0x29, 0x24, 0x29, 0x24, 0x29, 0x24, 0x29, 0x24, 0x29, 0x44, 0x29, 0x44, 0x21, 0x24, 0xad, 0x6b, 0x83, 0xcd, 0x83, 0xac, 0x00, 0x00, 
  0x00, 0x00, 0x00, 0x00, 0x00, 0x00, 0x00, 0x00, 0x00, 0x00, 0x00, 0x00, 0x00, 0x00, 0x00, 0x00, 0x00, 0x00, 0x00, 0x00, 0x00, 0x00, 0x00, 0x00, 0x00, 0x00, 0x00, 0x00, 0x00, 0x00, 0x00, 0x00, 0x00, 0x00, 0x00, 0x00, 0x00, 0x00, 0x00, 0x00, 0x00, 0x00, 0x00, 0x00, 0x00, 0x00, 0x00, 0x00, 0x00, 0x00, 0x00, 0x00, 0x18, 0xe3, 0x18, 0xc3, 0x18, 0xc3, 0x18, 0xa3, 0x20, 0xc3, 0x20, 0xc3, 0x20, 0xe3, 0x18, 0xe3, 0x21, 0x03, 0x20, 0xe3, 0x21, 0x04, 0x21, 0x04, 0x21, 0x04, 0x21, 0x04, 0x29, 0x04, 0x29, 0x04, 0x29, 0x24, 0x29, 0x24, 0x29, 0x24, 0x29, 0x24, 0x29, 0x24, 0x29, 0x44, 0x29, 0x44, 0x21, 0x24, 0xff, 0xf0, 0x83, 0xad, 0x83, 0xec, 0x00, 0x00, 
  0x00, 0x00, 0x00, 0x00, 0x00, 0x00, 0x00, 0x00, 0x00, 0x00, 0x00, 0x00, 0x00, 0x00, 0x00, 0x00, 0x00, 0x00, 0x00, 0x00, 0x00, 0x00, 0x00, 0x00, 0x00, 0x00, 0x00, 0x00, 0x00, 0x00, 0x00, 0x00, 0x00, 0x00, 0x00, 0x00, 0x00, 0x00, 0x00, 0x00, 0x00, 0x00, 0x00, 0x00, 0x00, 0x00, 0x00, 0x00, 0x00, 0x00, 0x18, 0xe3, 0x18, 0xe3, 0x18, 0xe3, 0x18, 0xa2, 0x18, 0xc3, 0x18, 0xc3, 0x20, 0xc3, 0x20, 0xe4, 0x20, 0xe3, 0x20, 0xe3, 0x20, 0xe3, 0x20, 0xe4, 0x21, 0x04, 0x21, 0x04, 0x21, 0x04, 0x21, 0x04, 0x29, 0x04, 0x29, 0x24, 0x29, 0x24, 0x29, 0x24, 0x29, 0x24, 0x29, 0x24, 0x29, 0x44, 0x29, 0x44, 0x21, 0x24, 0x84, 0x10, 0x83, 0xac, 0x83, 0xac, 0x00, 0x00, 
  0x00, 0x00, 0x00, 0x00, 0x00, 0x00, 0x00, 0x00, 0x00, 0x00, 0x00, 0x00, 0x00, 0x00, 0x00, 0x00, 0x00, 0x00, 0x00, 0x00, 0x00, 0x00, 0x00, 0x00, 0x00, 0x00, 0x00, 0x00, 0x00, 0x00, 0x00, 0x00, 0x00, 0x00, 0x00, 0x00, 0x00, 0x00, 0x00, 0x00, 0x00, 0x00, 0x00, 0x00, 0x00, 0x00, 0x00, 0x00, 0x00, 0x00, 0x18, 0xe3, 0x18, 0x62, 0x18, 0xc3, 0x18, 0xc3, 0x18, 0xc3, 0x20, 0xc3, 0x20, 0xc3, 0x20, 0xe3, 0x20, 0xe3, 0x20, 0xe3, 0x20, 0xe3, 0x20, 0xe4, 0x21, 0x04, 0x21, 0x04, 0x21, 0x04, 0x21, 0x04, 0x29, 0x04, 0x29, 0x24, 0x29, 0x24, 0x29, 0x24, 0x29, 0x24, 0x29, 0x24, 0x29, 0x44, 0x29, 0x44, 0x21, 0x24, 0x84, 0x10, 0x83, 0xac, 0x83, 0x6d, 0x00, 0x00, 
  0x00, 0x00, 0x00, 0x00, 0x00, 0x00, 0x00, 0x00, 0x00, 0x00, 0x00, 0x00, 0x00, 0x00, 0x00, 0x00, 0x00, 0x00, 0x00, 0x00, 0x00, 0x00, 0x00, 0x00, 0x00, 0x00, 0x00, 0x00, 0x00, 0x00, 0x00, 0x00, 0x00, 0x00, 0x00, 0x00, 0x00, 0x00, 0x00, 0x00, 0x00, 0x00, 0x00, 0x00, 0x00, 0x00, 0x00, 0x00, 0x00, 0x00, 0x18, 0x00, 0x10, 0x62, 0x18, 0xc3, 0x18, 0xc3, 0x18, 0xa3, 0x20, 0xc3, 0x20, 0xc3, 0x20, 0xe3, 0x20, 0xe3, 0x20, 0xe3, 0x20, 0xe4, 0x20, 0xe4, 0x21, 0x04, 0x21, 0x04, 0x21, 0x04, 0x29, 0x04, 0x29, 0x04, 0x29, 0x24, 0x29, 0x24, 0x29, 0x24, 0x29, 0x24, 0x29, 0x24, 0x29, 0x24, 0x29, 0x44, 0x21, 0x24, 0xff, 0xff, 0x83, 0x8c, 0x83, 0x8c, 0x00, 0x00, 
  0x00, 0x00, 0x00, 0x00, 0x00, 0x00, 0x00, 0x00, 0x00, 0x00, 0x00, 0x00, 0x00, 0x00, 0x00, 0x00, 0x00, 0x00, 0x00, 0x00, 0x00, 0x00, 0x00, 0x00, 0x00, 0x00, 0x00, 0x00, 0x00, 0x00, 0x00, 0x00, 0x00, 0x00, 0x00, 0x00, 0x00, 0x00, 0x00, 0x00, 0x00, 0x00, 0x00, 0x00, 0x00, 0x00, 0x00, 0x00, 0x00, 0x00, 0x20, 0xe4, 0x18, 0xe3, 0x18, 0x82, 0x18, 0xc3, 0x18, 0xc3, 0x18, 0xc3, 0x20, 0xc3, 0x20, 0xc3, 0x20, 0xe3, 0x20, 0xe3, 0x20, 0xe3, 0x20, 0xe4, 0x21, 0x04, 0x21, 0x04, 0x21, 0x04, 0x21, 0x04, 0x29, 0x04, 0x29, 0x24, 0x29, 0x24, 0x29, 0x24, 0x29, 0x24, 0x29, 0x24, 0x29, 0x44, 0x29, 0x44, 0x21, 0x24, 0xff, 0xff, 0x7b, 0x6c, 0x7b, 0xab, 0x00, 0x00, 
  0x00, 0x00, 0x00, 0x00, 0x00, 0x00, 0x00, 0x00, 0x00, 0x00, 0x00, 0x00, 0x00, 0x00, 0x00, 0x00, 0x00, 0x00, 0x00, 0x00, 0x00, 0x00, 0x00, 0x00, 0x00, 0x00, 0x00, 0x00, 0x00, 0x00, 0x00, 0x00, 0x00, 0x00, 0x00, 0x00, 0x00, 0x00, 0x00, 0x00, 0x00, 0x00, 0x00, 0x00, 0x00, 0x00, 0x00, 0x00, 0x00, 0x00, 0x00, 0x00, 0x18, 0xe3, 0x18, 0xc3, 0x18, 0xa2, 0x18, 0xc3, 0x20, 0xc3, 0x20, 0xc3, 0x20, 0xc3, 0x20, 0xe3, 0x21, 0x03, 0x20, 0xe3, 0x20, 0xe3, 0x21, 0x04, 0x21, 0x04, 0x21, 0x04, 0x21, 0x04, 0x29, 0x04, 0x29, 0x24, 0x29, 0x24, 0x29, 0x24, 0x29, 0x24, 0x29, 0x24, 0x29, 0x24, 0x29, 0x44, 0x21, 0x24, 0x00, 0x00, 0x7b, 0x6c, 0x73, 0x6b, 0x00, 0x00, 
  0x00, 0x00, 0x00, 0x00, 0x00, 0x00, 0x00, 0x00, 0x00, 0x00, 0x00, 0x00, 0x00, 0x00, 0x00, 0x00, 0x00, 0x00, 0x00, 0x00, 0x00, 0x00, 0x00, 0x00, 0x00, 0x00, 0x00, 0x00, 0x00, 0x00, 0x00, 0x00, 0x00, 0x00, 0x00, 0x00, 0x00, 0x00, 0x00, 0x00, 0x00, 0x00, 0x00, 0x00, 0x00, 0x00, 0x00, 0x00, 0x00, 0x00, 0x18, 0xe3, 0x18, 0x62, 0x18, 0x82, 0x18, 0xc3, 0x18, 0xc3, 0x18, 0xc3, 0x20, 0xc3, 0x20, 0xe3, 0x20, 0xe3, 0x20, 0xe3, 0x20, 0xe3, 0x21, 0x04, 0x21, 0x04, 0x21, 0x04, 0x21, 0x04, 0x21, 0x04, 0x29, 0x04, 0x29, 0x24, 0x29, 0x24, 0x29, 0x24, 0x29, 0x24, 0x29, 0x24, 0x29, 0x44, 0x29, 0x44, 0x21, 0x24, 0x00, 0x00, 0x7b, 0x6c, 0x7b, 0x4c, 0x00, 0x00, 
  0x00, 0x00, 0x00, 0x00, 0x00, 0x00, 0x00, 0x00, 0x00, 0x00, 0x00, 0x00, 0x00, 0x00, 0x00, 0x00, 0x00, 0x00, 0x00, 0x00, 0x00, 0x00, 0x00, 0x00, 0x00, 0x00, 0x00, 0x00, 0x00, 0x00, 0x00, 0x00, 0x00, 0x00, 0x00, 0x00, 0x00, 0x00, 0x00, 0x00, 0x00, 0x00, 0x00, 0x00, 0x00, 0x00, 0x00, 0x00, 0x00, 0x00, 0x18, 0x00, 0x10, 0x62, 0x18, 0xc3, 0x18, 0xc3, 0x18, 0xc3, 0x18, 0xc3, 0x20, 0xc3, 0x20, 0xe3, 0x20, 0xe3, 0x20, 0xe3, 0x20, 0xe3, 0x20, 0xe4, 0x21, 0x04, 0x21, 0x04, 0x21, 0x04, 0x21, 0x04, 0x29, 0x04, 0x29, 0x24, 0x29, 0x24, 0x29, 0x24, 0x29, 0x24, 0x29, 0x24, 0x29, 0x44, 0x29, 0x44, 0x21, 0x24, 0x00, 0x00, 0x7b, 0x6c, 0x73, 0x4c, 0x00, 0x00, 
  0x00, 0x00, 0x00, 0x00, 0x00, 0x00, 0x00, 0x00, 0x00, 0x00, 0x00, 0x00, 0x00, 0x00, 0x00, 0x00, 0x00, 0x00, 0x00, 0x00, 0x00, 0x00, 0x00, 0x00, 0x00, 0x00, 0x00, 0x00, 0x00, 0x00, 0x00, 0x00, 0x00, 0x00, 0x00, 0x00, 0x00, 0x00, 0x00, 0x00, 0x00, 0x00, 0x00, 0x00, 0x00, 0x00, 0x00, 0x00, 0x00, 0x00, 0x00, 0x00, 0x18, 0xe3, 0x18, 0xc3, 0x18, 0xc3, 0x18, 0xa3, 0x20, 0xc3, 0x20, 0xc3, 0x20, 0xe3, 0x18, 0xe3, 0x21, 0x03, 0x20, 0xe3, 0x21, 0x04, 0x21, 0x04, 0x21, 0x04, 0x21, 0x04, 0x29, 0x04, 0x29, 0x04, 0x29, 0x24, 0x29, 0x24, 0x29, 0x24, 0x29, 0x24, 0x29, 0x24, 0x29, 0x44, 0x29, 0x44, 0x21, 0x24, 0x00, 0x00, 0x7b, 0x6b, 0x73, 0x6b, 0x00, 0x00, 
  0x00, 0x00, 0x00, 0x00, 0x00, 0x00, 0x00, 0x00, 0x00, 0x00, 0x00, 0x00, 0x00, 0x00, 0x00, 0x00, 0x00, 0x00, 0x00, 0x00, 0x00, 0x00, 0x00, 0x00, 0x00, 0x00, 0x00, 0x00, 0x00, 0x00, 0x00, 0x00, 0x00, 0x00, 0x00, 0x00, 0x00, 0x00, 0x00, 0x00, 0x00, 0x00, 0x00, 0x00, 0x00, 0x00, 0x00, 0x00, 0x00, 0x00, 0x18, 0xe3, 0x18, 0xe3, 0x18, 0xe3, 0x18, 0xa2, 0x18, 0xc3, 0x18, 0xc3, 0x20, 0xc3, 0x20, 0xe4, 0x20, 0xe3, 0x20, 0xe3, 0x20, 0xe3, 0x20, 0xe4, 0x21, 0x04, 0x21, 0x04, 0x21, 0x04, 0x21, 0x04, 0x29, 0x04, 0x29, 0x24, 0x29, 0x24, 0x29, 0x24, 0x29, 0x24, 0x29, 0x24, 0x29, 0x44, 0x29, 0x44, 0x21, 0x24, 0x00, 0x00, 0x7b, 0x4b, 0x73, 0x4b, 0x00, 0x00, 
  0x00, 0x00, 0x00, 0x00, 0x00, 0x00, 0x00, 0x00, 0x00, 0x00, 0x00, 0x00, 0x00, 0x00, 0x00, 0x00, 0x00, 0x00, 0x00, 0x00, 0x00, 0x00, 0x00, 0x00, 0x00, 0x00, 0x00, 0x00, 0x00, 0x00, 0x00, 0x00, 0x00, 0x00, 0x00, 0x00, 0x00, 0x00, 0x00, 0x00, 0x00, 0x00, 0x00, 0x00, 0x00, 0x00, 0x00, 0x00, 0x00, 0x00, 0x18, 0xe3, 0x18, 0x62, 0x18, 0xc3, 0x18, 0xc3, 0x18, 0xc3, 0x20, 0xc3, 0x20, 0xc3, 0x20, 0xe3, 0x20, 0xe3, 0x20, 0xe3, 0x20, 0xe3, 0x20, 0xe4, 0x21, 0x04, 0x21, 0x04, 0x21, 0x04, 0x21, 0x04, 0x29, 0x04, 0x29, 0x24, 0x29, 0x24, 0x29, 0x24, 0x29, 0x24, 0x29, 0x24, 0x29, 0x44, 0x29, 0x44, 0x21, 0x24, 0x00, 0x00, 0x73, 0x4b, 0x73, 0x4b, 0x00, 0x00, 
  0x00, 0x00, 0x00, 0x00, 0x00, 0x00, 0x00, 0x00, 0x00, 0x00, 0x00, 0x00, 0x00, 0x00, 0x00, 0x00, 0x00, 0x00, 0x00, 0x00, 0x00, 0x00, 0x00, 0x00, 0x00, 0x00, 0x00, 0x00, 0x00, 0x00, 0x00, 0x00, 0x00, 0x00, 0x00, 0x00, 0x00, 0x00, 0x00, 0x00, 0x00, 0x00, 0x00, 0x00, 0x00, 0x00, 0x00, 0x00, 0x00, 0x00, 0x18, 0x00, 0x10, 0x62, 0x18, 0xc3, 0x18, 0xc3, 0x18, 0xa3, 0x20, 0xc3, 0x20, 0xc3, 0x20, 0xe3, 0x20, 0xe3, 0x20, 0xe3, 0x20, 0xe4, 0x20, 0xe4, 0x21, 0x04, 0x21, 0x04, 0x21, 0x04, 0x29, 0x04, 0x29, 0x04, 0x29, 0x24, 0x29, 0x24, 0x29, 0x24, 0x29, 0x24, 0x29, 0x24, 0x29, 0x24, 0x29, 0x44, 0x21, 0x24, 0x00, 0x00, 0x7b, 0x4b, 0x73, 0x0b, 0x00, 0x00, 
  0x00, 0x00, 0x00, 0x00, 0x00, 0x00, 0x00, 0x00, 0x00, 0x00, 0x00, 0x00, 0x00, 0x00, 0x00, 0x00, 0x00, 0x00, 0x00, 0x00, 0x00, 0x00, 0x00, 0x00, 0x00, 0x00, 0x00, 0x00, 0x00, 0x00, 0x00, 0x00, 0x00, 0x00, 0x00, 0x00, 0x00, 0x00, 0x00, 0x00, 0x00, 0x00, 0x00, 0x00, 0x00, 0x00, 0x00, 0x00, 0x00, 0x00, 0x20, 0xe4, 0x18, 0xe3, 0x18, 0x82, 0x18, 0xc3, 0x18, 0xc3, 0x18, 0xc3, 0x20, 0xc3, 0x20, 0xc3, 0x20, 0xe3, 0x20, 0xe3, 0x20, 0xe3, 0x20, 0xe4, 0x21, 0x04, 0x21, 0x04, 0x21, 0x04, 0x21, 0x04, 0x29, 0x04, 0x29, 0x24, 0x29, 0x24, 0x29, 0x24, 0x29, 0x24, 0x29, 0x24, 0x29, 0x44, 0x29, 0x44, 0x21, 0x24, 0x00, 0x00, 0x73, 0x4b, 0x7b, 0x2b, 0x00, 0x00, 
  0x00, 0x00, 0x00, 0x00, 0x00, 0x00, 0x00, 0x00, 0x00, 0x00, 0x00, 0x00, 0x00, 0x00, 0x00, 0x00, 0x00, 0x00, 0x00, 0x00, 0x00, 0x00, 0x00, 0x00, 0x00, 0x00, 0x00, 0x00, 0x00, 0x00, 0x00, 0x00, 0x00, 0x00, 0x00, 0x00, 0x00, 0x00, 0x00, 0x00, 0x00, 0x00, 0x00, 0x00, 0x00, 0x00, 0x00, 0x00, 0x00, 0x00, 0x00, 0x00, 0x18, 0xe3, 0x18, 0xc3, 0x18, 0xa2, 0x18, 0xc3, 0x20, 0xc3, 0x20, 0xc3, 0x20, 0xc3, 0x20, 0xe3, 0x21, 0x03, 0x20, 0xe3, 0x20, 0xe3, 0x21, 0x04, 0x21, 0x04, 0x21, 0x04, 0x21, 0x04, 0x29, 0x04, 0x29, 0x24, 0x29, 0x24, 0x29, 0x24, 0x29, 0x24, 0x29, 0x24, 0x29, 0x24, 0x29, 0x44, 0x21, 0x24, 0x00, 0x00, 0x7b, 0x4b, 0x73, 0x2b, 0x00, 0x00, 
  0x00, 0x00, 0x00, 0x00, 0x00, 0x00, 0x00, 0x00, 0x00, 0x00, 0x00, 0x00, 0x00, 0x00, 0x00, 0x00, 0x00, 0x00, 0x00, 0x00, 0x00, 0x00, 0x00, 0x00, 0x00, 0x00, 0x00, 0x00, 0x00, 0x00, 0x00, 0x00, 0x00, 0x00, 0x00, 0x00, 0x00, 0x00, 0x00, 0x00, 0x00, 0x00, 0x00, 0x00, 0x00, 0x00, 0x00, 0x00, 0x00, 0x00, 0x18, 0xe3, 0x18, 0x62, 0x18, 0x82, 0x18, 0xc3, 0x18, 0xc3, 0x18, 0xc3, 0x20, 0xc3, 0x20, 0xe3, 0x20, 0xe3, 0x20, 0xe3, 0x20, 0xe3, 0x21, 0x04, 0x21, 0x04, 0x21, 0x04, 0x21, 0x04, 0x21, 0x04, 0x29, 0x04, 0x29, 0x24, 0x29, 0x24, 0x29, 0x24, 0x29, 0x24, 0x29, 0x24, 0x29, 0x44, 0x29, 0x44, 0x21, 0x24, 0x00, 0x00, 0x7b, 0x4b, 0x73, 0x4c, 0x00, 0x00, 
  0x00, 0x00, 0x00, 0x00, 0x00, 0x00, 0x00, 0x00, 0x00, 0x00, 0x00, 0x00, 0x00, 0x00, 0x00, 0x00, 0x00, 0x00, 0x00, 0x00, 0x00, 0x00, 0x00, 0x00, 0x00, 0x00, 0x00, 0x00, 0x00, 0x00, 0x00, 0x00, 0x00, 0x00, 0x00, 0x00, 0x00, 0x00, 0x00, 0x00, 0x00, 0x00, 0x00, 0x00, 0x00, 0x00, 0x00, 0x00, 0x00, 0x00, 0x18, 0x00, 0x10, 0x62, 0x18, 0xc3, 0x18, 0xc3, 0x18, 0xc3, 0x18, 0xc3, 0x20, 0xc3, 0x20, 0xe3, 0x20, 0xe3, 0x20, 0xe3, 0x20, 0xe3, 0x20, 0xe4, 0x21, 0x04, 0x21, 0x04, 0x21, 0x04, 0x21, 0x04, 0x29, 0x04, 0x29, 0x24, 0x29, 0x24, 0x29, 0x24, 0x29, 0x24, 0x29, 0x24, 0x29, 0x44, 0x29, 0x44, 0x21, 0x24, 0x00, 0x00, 0x7b, 0x4b, 0x73, 0x4a, 0x00, 0x00, 
  0x00, 0x00, 0x00, 0x00, 0x00, 0x00, 0x00, 0x00, 0x00, 0x00, 0x00, 0x00, 0x00, 0x00, 0x00, 0x00, 0x00, 0x00, 0x00, 0x00, 0x00, 0x00, 0x00, 0x00, 0x00, 0x00, 0x00, 0x00, 0x00, 0x00, 0x00, 0x00, 0x00, 0x00, 0x00, 0x00, 0x00, 0x00, 0x00, 0x00, 0x00, 0x00, 0x00, 0x00, 0x00, 0x00, 0x00, 0x00, 0x00, 0x00, 0x00, 0x00, 0x18, 0xe3, 0x18, 0xc3, 0x18, 0xc3, 0x18, 0xa3, 0x20, 0xc3, 0x20, 0xc3, 0x20, 0xe3, 0x18, 0xe3, 0x21, 0x03, 0x20, 0xe3, 0x21, 0x04, 0x21, 0x04, 0x21, 0x04, 0x21, 0x04, 0x29, 0x04, 0x29, 0x04, 0x29, 0x24, 0x29, 0x24, 0x29, 0x24, 0x29, 0x24, 0x29, 0x24, 0x29, 0x44, 0x29, 0x44, 0x21, 0x24, 0x00, 0x00, 0x73, 0x4b, 0x73, 0x4a, 0x00, 0x00, 
  0x00, 0x00, 0x00, 0x00, 0x00, 0x00, 0x00, 0x00, 0x00, 0x00, 0x00, 0x00, 0x00, 0x00, 0x00, 0x00, 0x00, 0x00, 0x00, 0x00, 0x00, 0x00, 0x00, 0x00, 0x00, 0x00, 0x00, 0x00, 0x00, 0x00, 0x00, 0x00, 0x00, 0x00, 0x00, 0x00, 0x00, 0x00, 0x00, 0x00, 0x00, 0x00, 0x00, 0x00, 0x00, 0x00, 0x00, 0x00, 0x00, 0x00, 0x18, 0xe3, 0x18, 0xe3, 0x18, 0xe3, 0x18, 0xa2, 0x18, 0xc3, 0x18, 0xc3, 0x20, 0xc3, 0x20, 0xe4, 0x20, 0xe3, 0x20, 0xe3, 0x20, 0xe3, 0x20, 0xe4, 0x21, 0x04, 0x21, 0x04, 0x21, 0x04, 0x21, 0x04, 0x29, 0x04, 0x29, 0x24, 0x29, 0x24, 0x29, 0x24, 0x29, 0x24, 0x29, 0x24, 0x29, 0x44, 0x29, 0x44, 0x21, 0x24, 0x00, 0x00, 0x73, 0x4b, 0x7b, 0x6b, 0x00, 0x00, 
  0x00, 0x00, 0x00, 0x00, 0x00, 0x00, 0x00, 0x00, 0x00, 0x00, 0x00, 0x00, 0x00, 0x00, 0x00, 0x00, 0x00, 0x00, 0x00, 0x00, 0x00, 0x00, 0x00, 0x00, 0x00, 0x00, 0x00, 0x00, 0x00, 0x00, 0x00, 0x00, 0x00, 0x00, 0x00, 0x00, 0x00, 0x00, 0x00, 0x00, 0x00, 0x00, 0x00, 0x00, 0x00, 0x00, 0x00, 0x00, 0x00, 0x00, 0x18, 0xe3, 0x18, 0x62, 0x18, 0xc3, 0x18, 0xc3, 0x18, 0xc3, 0x20, 0xc3, 0x20, 0xc3, 0x20, 0xe3, 0x20, 0xe3, 0x20, 0xe3, 0x20, 0xe3, 0x20, 0xe4, 0x21, 0x04, 0x21, 0x04, 0x21, 0x04, 0x21, 0x04, 0x29, 0x04, 0x29, 0x24, 0x29, 0x24, 0x29, 0x24, 0x29, 0x24, 0x29, 0x24, 0x29, 0x44, 0x29, 0x44, 0x21, 0x24, 0x00, 0x00, 0x73, 0x4b, 0x6b, 0x0b, 0x00, 0x00, 
  0x00, 0x00, 0x00, 0x00, 0x00, 0x00, 0x00, 0x00, 0x00, 0x00, 0x00, 0x00, 0x00, 0x00, 0x00, 0x00, 0x00, 0x00, 0x00, 0x00, 0x00, 0x00, 0x00, 0x00, 0x00, 0x00, 0x00, 0x00, 0x00, 0x00, 0x00, 0x00, 0x00, 0x00, 0x00, 0x00, 0x00, 0x00, 0x00, 0x00, 0x00, 0x00, 0x00, 0x00, 0x00, 0x00, 0x00, 0x00, 0x00, 0x00, 0x18, 0x00, 0x10, 0x62, 0x18, 0xc3, 0x18, 0xc3, 0x18, 0xa3, 0x20, 0xc3, 0x20, 0xc3, 0x20, 0xe3, 0x20, 0xe3, 0x20, 0xe3, 0x20, 0xe4, 0x20, 0xe4, 0x21, 0x04, 0x21, 0x04, 0x21, 0x04, 0x29, 0x04, 0x29, 0x04, 0x29, 0x24, 0x29, 0x24, 0x29, 0x24, 0x29, 0x24, 0x29, 0x24, 0x29, 0x24, 0x29, 0x44, 0x21, 0x24, 0x00, 0x00, 0x73, 0x4b, 0x73, 0x2b, 0x00, 0x00, 
  0x00, 0x00, 0x00, 0x00, 0x00, 0x00, 0x00, 0x00, 0x00, 0x00, 0x00, 0x00, 0x00, 0x00, 0x00, 0x00, 0x00, 0x00, 0x00, 0x00, 0x00, 0x00, 0x00, 0x00, 0x00, 0x00, 0x00, 0x00, 0x00, 0x00, 0x00, 0x00, 0x00, 0x00, 0x00, 0x00, 0x00, 0x00, 0x00, 0x00, 0x00, 0x00, 0x00, 0x00, 0x00, 0x00, 0x00, 0x00, 0x00, 0x00, 0x20, 0xe4, 0x18, 0xe3, 0x18, 0x82, 0x18, 0xc3, 0x18, 0xc3, 0x18, 0xc3, 0x20, 0xc3, 0x20, 0xc3, 0x20, 0xe3, 0x20, 0xe3, 0x20, 0xe3, 0x20, 0xe4, 0x21, 0x04, 0x21, 0x04, 0x21, 0x04, 0x21, 0x04, 0x29, 0x04, 0x29, 0x24, 0x29, 0x24, 0x29, 0x24, 0x29, 0x24, 0x29, 0x24, 0x29, 0x44, 0x29, 0x44, 0x21, 0x24, 0x00, 0x00, 0x73, 0x4b, 0x73, 0x2b, 0x00, 0x00, 
  0x00, 0x00, 0x00, 0x00, 0x00, 0x00, 0x00, 0x00, 0x00, 0x00, 0x00, 0x00, 0x00, 0x00, 0x00, 0x00, 0x00, 0x00, 0x00, 0x00, 0x00, 0x00, 0x00, 0x00, 0x00, 0x00, 0x00, 0x00, 0x00, 0x00, 0x00, 0x00, 0x00, 0x00, 0x00, 0x00, 0x00, 0x00, 0x00, 0x00, 0x00, 0x00, 0x00, 0x00, 0x00, 0x00, 0x00, 0x00, 0x00, 0x00, 0x00, 0x00, 0x18, 0xe3, 0x18, 0xc3, 0x18, 0xa2, 0x18, 0xc3, 0x20, 0xc3, 0x20, 0xc3, 0x20, 0xc3, 0x20, 0xe3, 0x21, 0x03, 0x20, 0xe3, 0x20, 0xe3, 0x21, 0x04, 0x21, 0x04, 0x21, 0x04, 0x21, 0x04, 0x29, 0x04, 0x29, 0x24, 0x29, 0x24, 0x29, 0x24, 0x29, 0x24, 0x29, 0x24, 0x29, 0x24, 0x29, 0x44, 0x21, 0x24, 0x00, 0x00, 0x73, 0x2b, 0x7b, 0x4c, 0x00, 0x00, 
  0x00, 0x00, 0x00, 0x00, 0x00, 0x00, 0x00, 0x00, 0x00, 0x00, 0x00, 0x00, 0x00, 0x00, 0x00, 0x00, 0x00, 0x00, 0x00, 0x00, 0x00, 0x00, 0x00, 0x00, 0x00, 0x00, 0x00, 0x00, 0x00, 0x00, 0x00, 0x00, 0x00, 0x00, 0x00, 0x00, 0x00, 0x00, 0x00, 0x00, 0x00, 0x00, 0x00, 0x00, 0x00, 0x00, 0x00, 0x00, 0x00, 0x00, 0x18, 0xe3, 0x18, 0x62, 0x18, 0x82, 0x18, 0xc3, 0x18, 0xc3, 0x18, 0xc3, 0x20, 0xc3, 0x20, 0xe3, 0x20, 0xe3, 0x20, 0xe3, 0x20, 0xe3, 0x21, 0x04, 0x21, 0x04, 0x21, 0x04, 0x21, 0x04, 0x21, 0x04, 0x29, 0x04, 0x29, 0x24, 0x29, 0x24, 0x29, 0x24, 0x29, 0x24, 0x29, 0x24, 0x29, 0x44, 0x29, 0x44, 0x21, 0x24, 0x00, 0x00, 0x73, 0x2b, 0x7b, 0x4a, 0x00, 0x00, 
  0x00, 0x00, 0x00, 0x00, 0x00, 0x00, 0x00, 0x00, 0x00, 0x00, 0x00, 0x00, 0x00, 0x00, 0x00, 0x00, 0x00, 0x00, 0x00, 0x00, 0x00, 0x00, 0x00, 0x00, 0x00, 0x00, 0x00, 0x00, 0x00, 0x00, 0x00, 0x00, 0x00, 0x00, 0x00, 0x00, 0x00, 0x00, 0x00, 0x00, 0x00, 0x00, 0x00, 0x00, 0x00, 0x00, 0x00, 0x00, 0x00, 0x00, 0x18, 0x00, 0x10, 0x62, 0x18, 0xc3, 0x18, 0xc3, 0x18, 0xc3, 0x18, 0xc3, 0x20, 0xc3, 0x20, 0xe3, 0x20, 0xe3, 0x20, 0xe3, 0x20, 0xe3, 0x20, 0xe4, 0x21, 0x04, 0x21, 0x04, 0x21, 0x04, 0x21, 0x04, 0x29, 0x04, 0x29, 0x24, 0x29, 0x24, 0x29, 0x24, 0x29, 0x24, 0x29, 0x24, 0x29, 0x44, 0x29, 0x44, 0x21, 0x24, 0x00, 0x00, 0x73, 0x2b, 0x7b, 0x4a, 0x00, 0x00, 
  0x00, 0x00, 0x00, 0x00, 0x00, 0x00, 0x00, 0x00, 0x00, 0x00, 0x00, 0x00, 0x00, 0x00, 0x00, 0x00, 0x00, 0x00, 0x00, 0x00, 0x00, 0x00, 0x00, 0x00, 0x00, 0x00, 0x00, 0x00, 0x00, 0x00, 0x00, 0x00, 0x00, 0x00, 0x00, 0x00, 0x00, 0x00, 0x00, 0x00, 0x00, 0x00, 0x00, 0x00, 0x00, 0x00, 0x00, 0x00, 0x00, 0x00, 0x00, 0x00, 0x18, 0xe3, 0x18, 0xc3, 0x18, 0xc3, 0x18, 0xa3, 0x20, 0xc3, 0x20, 0xc3, 0x20, 0xe3, 0x18, 0xe3, 0x21, 0x03, 0x20, 0xe3, 0x21, 0x04, 0x21, 0x04, 0x21, 0x04, 0x21, 0x04, 0x29, 0x04, 0x29, 0x04, 0x29, 0x24, 0x29, 0x24, 0x29, 0x24, 0x29, 0x24, 0x29, 0x24, 0x29, 0x44, 0x29, 0x44, 0x21, 0x24, 0x00, 0x00, 0x73, 0x4b, 0x73, 0x0b, 0x00, 0x00, 
  0x00, 0x00, 0x00, 0x00, 0x00, 0x00, 0x00, 0x00, 0x00, 0x00, 0x00, 0x00, 0x00, 0x00, 0x00, 0x00, 0x00, 0x00, 0x00, 0x00, 0x00, 0x00, 0x00, 0x00, 0x00, 0x00, 0x00, 0x00, 0x00, 0x00, 0x00, 0x00, 0x00, 0x00, 0x00, 0x00, 0x00, 0x00, 0x00, 0x00, 0x00, 0x00, 0x00, 0x00, 0x00, 0x00, 0x00, 0x00, 0x00, 0x00, 0x18, 0xe3, 0x18, 0xe3, 0x18, 0xe3, 0x18, 0xa2, 0x18, 0xc3, 0x18, 0xc3, 0x20, 0xc3, 0x20, 0xe4, 0x20, 0xe3, 0x20, 0xe3, 0x20, 0xe3, 0x20, 0xe4, 0x21, 0x04, 0x21, 0x04, 0x21, 0x04, 0x21, 0x04, 0x29, 0x04, 0x29, 0x24, 0x29, 0x24, 0x29, 0x24, 0x29, 0x24, 0x29, 0x24, 0x29, 0x44, 0x29, 0x44, 0x21, 0x24, 0x00, 0x00, 0x73, 0x2b, 0x73, 0x0b, 0x00, 0x00, 
  0x00, 0x00, 0x00, 0x00, 0x00, 0x00, 0x00, 0x00, 0x00, 0x00, 0x00, 0x00, 0x00, 0x00, 0x00, 0x00, 0x00, 0x00, 0x00, 0x00, 0x00, 0x00, 0x00, 0x00, 0x00, 0x00, 0x00, 0x00, 0x00, 0x00, 0x00, 0x00, 0x00, 0x00, 0x00, 0x00, 0x00, 0x00, 0x00, 0x00, 0x00, 0x00, 0x00, 0x00, 0x00, 0x00, 0x00, 0x00, 0x00, 0x00, 0x18, 0xe3, 0x18, 0x62, 0x18, 0xc3, 0x18, 0xc3, 0x18, 0xc3, 0x20, 0xc3, 0x20, 0xc3, 0x20, 0xe3, 0x20, 0xe3, 0x20, 0xe3, 0x20, 0xe3, 0x20, 0xe4, 0x21, 0x04, 0x21, 0x04, 0x21, 0x04, 0x21, 0x04, 0x29, 0x04, 0x29, 0x24, 0x29, 0x24, 0x29, 0x24, 0x29, 0x24, 0x29, 0x24, 0x29, 0x44, 0x29, 0x44, 0x21, 0x24, 0x00, 0x00, 0x73, 0x2b, 0x73, 0x0b, 0x00, 0x00, 
  0x00, 0x00, 0x00, 0x00, 0x00, 0x00, 0x00, 0x00, 0x00, 0x00, 0x00, 0x00, 0x00, 0x00, 0x00, 0x00, 0x00, 0x00, 0x00, 0x00, 0x00, 0x00, 0x00, 0x00, 0x00, 0x00, 0x00, 0x00, 0x00, 0x00, 0x00, 0x00, 0x00, 0x00, 0x00, 0x00, 0x00, 0x00, 0x00, 0x00, 0x00, 0x00, 0x00, 0x00, 0x00, 0x00, 0x00, 0x00, 0x00, 0x00, 0x18, 0x00, 0x10, 0x62, 0x18, 0xc3, 0x18, 0xc3, 0x18, 0xa3, 0x20, 0xc3, 0x20, 0xc3, 0x20, 0xe3, 0x20, 0xe3, 0x20, 0xe3, 0x20, 0xe4, 0x20, 0xe4, 0x21, 0x04, 0x21, 0x04, 0x21, 0x04, 0x29, 0x04, 0x29, 0x04, 0x29, 0x24, 0x29, 0x24, 0x29, 0x24, 0x29, 0x24, 0x29, 0x24, 0x29, 0x24, 0x29, 0x44, 0x21, 0x24, 0x00, 0x00, 0x73, 0x4b, 0x73, 0x4b, 0x00, 0x00, 
  0x00, 0x00, 0x00, 0x00, 0x00, 0x00, 0x00, 0x00, 0x00, 0x00, 0x00, 0x00, 0x00, 0x00, 0x00, 0x00, 0x00, 0x00, 0x00, 0x00, 0x00, 0x00, 0x00, 0x00, 0x00, 0x00, 0x00, 0x00, 0x00, 0x00, 0x00, 0x00, 0x00, 0x00, 0x00, 0x00, 0x00, 0x00, 0x00, 0x00, 0x00, 0x00, 0x00, 0x00, 0x00, 0x00, 0x00, 0x00, 0x00, 0x00, 0x20, 0xe4, 0x18, 0xe3, 0x18, 0x82, 0x18, 0xc3, 0x18, 0xc3, 0x18, 0xc3, 0x20, 0xc3, 0x20, 0xc3, 0x20, 0xe3, 0x20, 0xe3, 0x20, 0xe3, 0x20, 0xe4, 0x21, 0x04, 0x21, 0x04, 0x21, 0x04, 0x21, 0x04, 0x29, 0x04, 0x29, 0x24, 0x29, 0x24, 0x29, 0x24, 0x29, 0x24, 0x29, 0x24, 0x29, 0x44, 0x29, 0x44, 0x21, 0x24, 0x00, 0x00, 0x73, 0x2b, 0x73, 0x4b, 0x00, 0x00, 
  0x00, 0x00, 0x00, 0x00, 0x00, 0x00, 0x00, 0x00, 0x00, 0x00, 0x00, 0x00, 0x00, 0x00, 0x00, 0x00, 0x00, 0x00, 0x00, 0x00, 0x00, 0x00, 0x00, 0x00, 0x00, 0x00, 0x00, 0x00, 0x00, 0x00, 0x00, 0x00, 0x00, 0x00, 0x00, 0x00, 0x00, 0x00, 0x00, 0x00, 0x00, 0x00, 0x00, 0x00, 0x00, 0x00, 0x00, 0x00, 0x00, 0x00, 0x00, 0x00, 0x18, 0xe3, 0x18, 0xc3, 0x18, 0xa2, 0x18, 0xc3, 0x20, 0xc3, 0x20, 0xc3, 0x20, 0xc3, 0x20, 0xe3, 0x21, 0x03, 0x20, 0xe3, 0x20, 0xe3, 0x21, 0x04, 0x21, 0x04, 0x21, 0x04, 0x21, 0x04, 0x29, 0x04, 0x29, 0x24, 0x29, 0x24, 0x29, 0x24, 0x29, 0x24, 0x29, 0x24, 0x29, 0x24, 0x29, 0x44, 0x21, 0x24, 0x00, 0x00, 0x73, 0x4b, 0x6b, 0x6a, 0x00, 0x00, 
  0x00, 0x00, 0x00, 0x00, 0x00, 0x00, 0x00, 0x00, 0x00, 0x00, 0x00, 0x00, 0x00, 0x00, 0x00, 0x00, 0x00, 0x00, 0x00, 0x00, 0x00, 0x00, 0x00, 0x00, 0x00, 0x00, 0x00, 0x00, 0x00, 0x00, 0x00, 0x00, 0x00, 0x00, 0x00, 0x00, 0x00, 0x00, 0x00, 0x00, 0x00, 0x00, 0x00, 0x00, 0x00, 0x00, 0x00, 0x00, 0x00, 0x00, 0x18, 0xe3, 0x18, 0x62, 0x18, 0x82, 0x18, 0xc3, 0x18, 0xc3, 0x18, 0xc3, 0x20, 0xc3, 0x20, 0xe3, 0x20, 0xe3, 0x20, 0xe3, 0x20, 0xe3, 0x21, 0x04, 0x21, 0x04, 0x21, 0x04, 0x21, 0x04, 0x21, 0x04, 0x29, 0x04, 0x29, 0x24, 0x29, 0x24, 0x29, 0x24, 0x29, 0x24, 0x29, 0x24, 0x29, 0x44, 0x29, 0x44, 0x21, 0x24, 0x00, 0x00, 0x73, 0x2b, 0x6b, 0x0a, 0x00, 0x00, 
  0x00, 0x00, 0x00, 0x00, 0x00, 0x00, 0x00, 0x00, 0x00, 0x00, 0x00, 0x00, 0x00, 0x00, 0x00, 0x00, 0x00, 0x00, 0x00, 0x00, 0x00, 0x00, 0x00, 0x00, 0x00, 0x00, 0x00, 0x00, 0x00, 0x00, 0x00, 0x00, 0x00, 0x00, 0x00, 0x00, 0x00, 0x00, 0x00, 0x00, 0x00, 0x00, 0x00, 0x00, 0x00, 0x00, 0x00, 0x00, 0x00, 0x00, 0x18, 0x00, 0x10, 0x62, 0x18, 0xc3, 0x18, 0xc3, 0x18, 0xc3, 0x18, 0xc3, 0x20, 0xc3, 0x20, 0xe3, 0x20, 0xe3, 0x20, 0xe3, 0x20, 0xe3, 0x20, 0xe4, 0x21, 0x04, 0x21, 0x04, 0x21, 0x04, 0x21, 0x04, 0x29, 0x04, 0x29, 0x24, 0x29, 0x24, 0x29, 0x24, 0x29, 0x24, 0x29, 0x24, 0x29, 0x44, 0x29, 0x44, 0x21, 0x24, 0x00, 0x00, 0x73, 0x4b, 0x6b, 0x0a, 0x00, 0x00, 
  0x00, 0x00, 0x00, 0x00, 0x00, 0x00, 0x00, 0x00, 0x00, 0x00, 0x00, 0x00, 0x00, 0x00, 0x00, 0x00, 0x00, 0x00, 0x00, 0x00, 0x00, 0x00, 0x00, 0x00, 0x00, 0x00, 0x00, 0x00, 0x00, 0x00, 0x00, 0x00, 0x00, 0x00, 0x00, 0x00, 0x00, 0x00, 0x00, 0x00, 0x00, 0x00, 0x00, 0x00, 0x00, 0x00, 0x00, 0x00, 0x00, 0x00, 0x00, 0x00, 0x18, 0xe3, 0x18, 0xc3, 0x18, 0xc3, 0x18, 0xa3, 0x20, 0xc3, 0x20, 0xc3, 0x20, 0xe3, 0x18, 0xe3, 0x21, 0x03, 0x20, 0xe3, 0x21, 0x04, 0x21, 0x04, 0x21, 0x04, 0x21, 0x04, 0x29, 0x04, 0x29, 0x04, 0x29, 0x24, 0x29, 0x24, 0x29, 0x24, 0x29, 0x24, 0x29, 0x24, 0x29, 0x44, 0x29, 0x44, 0x21, 0x24, 0x00, 0x00, 0x73, 0x2b, 0x73, 0x2b, 0x00, 0x00, 
  0x00, 0x00, 0x00, 0x00, 0x00, 0x00, 0x00, 0x00, 0x00, 0x00, 0x00, 0x00, 0x00, 0x00, 0x00, 0x00, 0x00, 0x00, 0x00, 0x00, 0x00, 0x00, 0x00, 0x00, 0x00, 0x00, 0x00, 0x00, 0x00, 0x00, 0x00, 0x00, 0x00, 0x00, 0x00, 0x00, 0x00, 0x00, 0x00, 0x00, 0x00, 0x00, 0x00, 0x00, 0x00, 0x00, 0x00, 0x00, 0x00, 0x00, 0x18, 0xe3, 0x18, 0xe3, 0x18, 0xe3, 0x18, 0xa2, 0x18, 0xc3, 0x18, 0xc3, 0x20, 0xc3, 0x20, 0xe4, 0x20, 0xe3, 0x20, 0xe3, 0x20, 0xe3, 0x20, 0xe4, 0x21, 0x04, 0x21, 0x04, 0x21, 0x04, 0x21, 0x04, 0x29, 0x04, 0x29, 0x24, 0x29, 0x24, 0x29, 0x24, 0x29, 0x24, 0x29, 0x24, 0x29, 0x44, 0x29, 0x44, 0x21, 0x24, 0x00, 0x00, 0x73, 0x4b, 0x73, 0x2b, 0x00, 0x00, 
  0x00, 0x00, 0x00, 0x00, 0x00, 0x00, 0x00, 0x00, 0x00, 0x00, 0x00, 0x00, 0x00, 0x00, 0x00, 0x00, 0x00, 0x00, 0x00, 0x00, 0x00, 0x00, 0x00, 0x00, 0x00, 0x00, 0x00, 0x00, 0x00, 0x00, 0x00, 0x00, 0x00, 0x00, 0x00, 0x00, 0x00, 0x00, 0x00, 0x00, 0x00, 0x00, 0x00, 0x00, 0x00, 0x00, 0x00, 0x00, 0x00, 0x00, 0x18, 0xe3, 0x18, 0x62, 0x18, 0xc3, 0x18, 0xc3, 0x18, 0xc3, 0x20, 0xc3, 0x20, 0xc3, 0x20, 0xe3, 0x20, 0xe3, 0x20, 0xe3, 0x20, 0xe3, 0x20, 0xe4, 0x21, 0x04, 0x21, 0x04, 0x21, 0x04, 0x21, 0x04, 0x29, 0x04, 0x29, 0x24, 0x29, 0x24, 0x29, 0x24, 0x29, 0x24, 0x29, 0x24, 0x29, 0x44, 0x29, 0x44, 0x21, 0x24, 0x00, 0x00, 0x73, 0x4b, 0x7b, 0x4b, 0x00, 0x00, 
  0x00, 0x00, 0x00, 0x00, 0x00, 0x00, 0x00, 0x00, 0x00, 0x00, 0x00, 0x00, 0x00, 0x00, 0x00, 0x00, 0x00, 0x00, 0x00, 0x00, 0x00, 0x00, 0x00, 0x00, 0x00, 0x00, 0x00, 0x00, 0x00, 0x00, 0x00, 0x00, 0x00, 0x00, 0x00, 0x00, 0x00, 0x00, 0x00, 0x00, 0x00, 0x00, 0x00, 0x00, 0x00, 0x00, 0x00, 0x00, 0x00, 0x00, 0x18, 0x00, 0x10, 0x62, 0x18, 0xc3, 0x18, 0xc3, 0x18, 0xa3, 0x20, 0xc3, 0x20, 0xc3, 0x20, 0xe3, 0x20, 0xe3, 0x20, 0xe3, 0x20, 0xe4, 0x20, 0xe4, 0x21, 0x04, 0x21, 0x04, 0x21, 0x04, 0x29, 0x04, 0x29, 0x04, 0x29, 0x24, 0x29, 0x24, 0x29, 0x24, 0x29, 0x24, 0x29, 0x24, 0x29, 0x24, 0x29, 0x44, 0x21, 0x24, 0x00, 0x00, 0x73, 0x4b, 0x6b, 0x4b, 0x00, 0x00, 
  0x00, 0x00, 0x00, 0x00, 0x00, 0x00, 0x00, 0x00, 0x00, 0x00, 0x00, 0x00, 0x00, 0x00, 0x00, 0x00, 0x00, 0x00, 0x00, 0x00, 0x00, 0x00, 0x00, 0x00, 0x00, 0x00, 0x00, 0x00, 0x00, 0x00, 0x00, 0x00, 0x00, 0x00, 0x00, 0x00, 0x00, 0x00, 0x00, 0x00, 0x00, 0x00, 0x00, 0x00, 0x00, 0x00, 0x00, 0x00, 0x00, 0x00, 0x20, 0xe4, 0x18, 0xe3, 0x18, 0x82, 0x18, 0xc3, 0x18, 0xc3, 0x18, 0xc3, 0x20, 0xc3, 0x20, 0xc3, 0x20, 0xe3, 0x20, 0xe3, 0x20, 0xe3, 0x20, 0xe4, 0x21, 0x04, 0x21, 0x04, 0x21, 0x04, 0x21, 0x04, 0x29, 0x04, 0x29, 0x24, 0x29, 0x24, 0x29, 0x24, 0x29, 0x24, 0x29, 0x24, 0x29, 0x44, 0x29, 0x44, 0x21, 0x24, 0x00, 0x00, 0x73, 0x2b, 0x73, 0x0a, 0x00, 0x00, 
  0x00, 0x00, 0x00, 0x00, 0x00, 0x00, 0x00, 0x00, 0x00, 0x00, 0x00, 0x00, 0x00, 0x00, 0x00, 0x00, 0x00, 0x00, 0x00, 0x00, 0x00, 0x00, 0x00, 0x00, 0x00, 0x00, 0x00, 0x00, 0x00, 0x00, 0x00, 0x00, 0x00, 0x00, 0x00, 0x00, 0x00, 0x00, 0x00, 0x00, 0x00, 0x00, 0x00, 0x00, 0x00, 0x00, 0x00, 0x00, 0x00, 0x00, 0x00, 0x00, 0x18, 0xe3, 0x18, 0xc3, 0x18, 0xa2, 0x18, 0xc3, 0x20, 0xc3, 0x20, 0xc3, 0x20, 0xc3, 0x20, 0xe3, 0x21, 0x03, 0x20, 0xe3, 0x20, 0xe3, 0x21, 0x04, 0x21, 0x04, 0x21, 0x04, 0x21, 0x04, 0x29, 0x04, 0x29, 0x24, 0x29, 0x24, 0x29, 0x24, 0x29, 0x24, 0x29, 0x24, 0x29, 0x24, 0x29, 0x44, 0x21, 0x24, 0x00, 0x00, 0x73, 0x2b, 0x73, 0x0a, 0x00, 0x00, 
  0x00, 0x00, 0x00, 0x00, 0x00, 0x00, 0x00, 0x00, 0x00, 0x00, 0x00, 0x00, 0x00, 0x00, 0x00, 0x00, 0x00, 0x00, 0x00, 0x00, 0x00, 0x00, 0x00, 0x00, 0x00, 0x00, 0x00, 0x00, 0x00, 0x00, 0x00, 0x00, 0x00, 0x00, 0x00, 0x00, 0x00, 0x00, 0x00, 0x00, 0x00, 0x00, 0x00, 0x00, 0x00, 0x00, 0x00, 0x00, 0x00, 0x00, 0x18, 0xe3, 0x18, 0x62, 0x18, 0x82, 0x18, 0xc3, 0x18, 0xc3, 0x18, 0xc3, 0x20, 0xc3, 0x20, 0xe3, 0x20, 0xe3, 0x20, 0xe3, 0x20, 0xe3, 0x21, 0x04, 0x21, 0x04, 0x21, 0x04, 0x21, 0x04, 0x21, 0x04, 0x29, 0x04, 0x29, 0x24, 0x29, 0x24, 0x29, 0x24, 0x29, 0x24, 0x29, 0x24, 0x29, 0x44, 0x29, 0x44, 0x21, 0x24, 0x00, 0x00, 0x73, 0x2b, 0x73, 0x0a, 0x00, 0x00, 
  0x00, 0x00, 0x00, 0x00, 0x00, 0x00, 0x00, 0x00, 0x00, 0x00, 0x00, 0x00, 0x00, 0x00, 0x00, 0x00, 0x00, 0x00, 0x00, 0x00, 0x00, 0x00, 0x00, 0x00, 0x00, 0x00, 0x00, 0x00, 0x00, 0x00, 0x00, 0x00, 0x00, 0x00, 0x00, 0x00, 0x00, 0x00, 0x00, 0x00, 0x00, 0x00, 0x00, 0x00, 0x00, 0x00, 0x00, 0x00, 0x00, 0x00, 0x18, 0x00, 0x10, 0x62, 0x18, 0xc3, 0x18, 0xc3, 0x18, 0xc3, 0x18, 0xc3, 0x20, 0xc3, 0x20, 0xe3, 0x20, 0xe3, 0x20, 0xe3, 0x20, 0xe3, 0x20, 0xe4, 0x21, 0x04, 0x21, 0x04, 0x21, 0x04, 0x21, 0x04, 0x29, 0x04, 0x29, 0x24, 0x29, 0x24, 0x29, 0x24, 0x29, 0x24, 0x29, 0x24, 0x29, 0x44, 0x29, 0x44, 0x21, 0x24, 0x00, 0x00, 0x73, 0x2b, 0x7b, 0x4b, 0x00, 0x00, 
  0x00, 0x00, 0x00, 0x00, 0x00, 0x00, 0x00, 0x00, 0x00, 0x00, 0x00, 0x00, 0x00, 0x00, 0x00, 0x00, 0x00, 0x00, 0x00, 0x00, 0x00, 0x00, 0x00, 0x00, 0x00, 0x00, 0x00, 0x00, 0x00, 0x00, 0x00, 0x00, 0x00, 0x00, 0x00, 0x00, 0x00, 0x00, 0x00, 0x00, 0x00, 0x00, 0x00, 0x00, 0x00, 0x00, 0x00, 0x00, 0x00, 0x00, 0x00, 0x00, 0x18, 0xe3, 0x18, 0xc3, 0x18, 0xc3, 0x18, 0xa3, 0x20, 0xc3, 0x20, 0xc3, 0x20, 0xe3, 0x18, 0xe3, 0x21, 0x03, 0x20, 0xe3, 0x21, 0x04, 0x21, 0x04, 0x21, 0x04, 0x21, 0x04, 0x29, 0x04, 0x29, 0x04, 0x29, 0x24, 0x29, 0x24, 0x29, 0x24, 0x29, 0x24, 0x29, 0x24, 0x29, 0x44, 0x29, 0x44, 0x21, 0x24, 0x00, 0x00, 0x73, 0x2b, 0x6b, 0x4b, 0x00, 0x00, 
  0x00, 0x00, 0x00, 0x00, 0x00, 0x00, 0x00, 0x00, 0x00, 0x00, 0x00, 0x00, 0x00, 0x00, 0x00, 0x00, 0x00, 0x00, 0x00, 0x00, 0x00, 0x00, 0x00, 0x00, 0x00, 0x00, 0x00, 0x00, 0x00, 0x00, 0x00, 0x00, 0x00, 0x00, 0x00, 0x00, 0x00, 0x00, 0x00, 0x00, 0x00, 0x00, 0x00, 0x00, 0x00, 0x00, 0x00, 0x00, 0x00, 0x00, 0x18, 0xe3, 0x18, 0xe3, 0x18, 0xe3, 0x18, 0xa2, 0x18, 0xc3, 0x18, 0xc3, 0x20, 0xc3, 0x20, 0xe4, 0x20, 0xe3, 0x20, 0xe3, 0x20, 0xe3, 0x20, 0xe4, 0x21, 0x04, 0x21, 0x04, 0x21, 0x04, 0x21, 0x04, 0x29, 0x04, 0x29, 0x24, 0x29, 0x24, 0x29, 0x24, 0x29, 0x24, 0x29, 0x24, 0x29, 0x44, 0x29, 0x44, 0x21, 0x24, 0x00, 0x00, 0x73, 0x2b, 0x73, 0x6b, 0x00, 0x00, 
  0x00, 0x00, 0x00, 0x00, 0x00, 0x00, 0x00, 0x00, 0x00, 0x00, 0x00, 0x00, 0x00, 0x00, 0x00, 0x00, 0x00, 0x00, 0x00, 0x00, 0x00, 0x00, 0x00, 0x00, 0x00, 0x00, 0x00, 0x00, 0x00, 0x00, 0x00, 0x00, 0x00, 0x00, 0x00, 0x00, 0x00, 0x00, 0x00, 0x00, 0x00, 0x00, 0x00, 0x00, 0x00, 0x00, 0x00, 0x00, 0x00, 0x00, 0x18, 0xe3, 0x18, 0x62, 0x18, 0xc3, 0x18, 0xc3, 0x18, 0xc3, 0x20, 0xc3, 0x20, 0xc3, 0x20, 0xe3, 0x20, 0xe3, 0x20, 0xe3, 0x20, 0xe3, 0x20, 0xe4, 0x21, 0x04, 0x21, 0x04, 0x21, 0x04, 0x21, 0x04, 0x29, 0x04, 0x29, 0x24, 0x29, 0x24, 0x29, 0x24, 0x29, 0x24, 0x29, 0x24, 0x29, 0x44, 0x29, 0x44, 0x21, 0x24, 0x00, 0x00, 0x73, 0x2b, 0x73, 0x6b, 0x00, 0x00, 
  0x00, 0x00, 0x00, 0x00, 0x00, 0x00, 0x00, 0x00, 0x00, 0x00, 0x00, 0x00, 0x00, 0x00, 0x00, 0x00, 0x00, 0x00, 0x00, 0x00, 0x00, 0x00, 0x00, 0x00, 0x00, 0x00, 0x00, 0x00, 0x00, 0x00, 0x00, 0x00, 0x00, 0x00, 0x00, 0x00, 0x00, 0x00, 0x00, 0x00, 0x00, 0x00, 0x00, 0x00, 0x00, 0x00, 0x00, 0x00, 0x00, 0x00, 0x18, 0x00, 0x10, 0x62, 0x18, 0xc3, 0x18, 0xc3, 0x18, 0xa3, 0x20, 0xc3, 0x20, 0xc3, 0x20, 0xe3, 0x20, 0xe3, 0x20, 0xe3, 0x20, 0xe4, 0x20, 0xe4, 0x21, 0x04, 0x21, 0x04, 0x21, 0x04, 0x29, 0x04, 0x29, 0x04, 0x29, 0x24, 0x29, 0x24, 0x29, 0x24, 0x29, 0x24, 0x29, 0x24, 0x29, 0x24, 0x29, 0x44, 0x21, 0x24, 0x00, 0x00, 0x73, 0x4b, 0x72, 0xe9, 0x00, 0x00, 
  0x00, 0x00, 0x00, 0x00, 0x00, 0x00, 0x00, 0x00, 0x00, 0x00, 0x00, 0x00, 0x00, 0x00, 0x00, 0x00, 0x00, 0x00, 0x00, 0x00, 0x00, 0x00, 0x00, 0x00, 0x00, 0x00, 0x00, 0x00, 0x00, 0x00, 0x00, 0x00, 0x00, 0x00, 0x00, 0x00, 0x00, 0x00, 0x00, 0x00, 0x00, 0x00, 0x00, 0x00, 0x00, 0x00, 0x00, 0x00, 0x00, 0x00, 0x20, 0xe4, 0x18, 0xe3, 0x18, 0x82, 0x18, 0xc3, 0x18, 0xc3, 0x18, 0xc3, 0x20, 0xc3, 0x20, 0xc3, 0x20, 0xe3, 0x20, 0xe3, 0x20, 0xe3, 0x20, 0xe4, 0x21, 0x04, 0x21, 0x04, 0x21, 0x04, 0x21, 0x04, 0x29, 0x04, 0x29, 0x24, 0x29, 0x24, 0x29, 0x24, 0x29, 0x24, 0x29, 0x24, 0x29, 0x44, 0x29, 0x44, 0x21, 0x24, 0x00, 0x00, 0x73, 0x4b, 0x7b, 0x2a, 0x00, 0x00, 
  0x00, 0x00, 0x00, 0x00, 0x00, 0x00, 0x00, 0x00, 0x00, 0x00, 0x00, 0x00, 0x00, 0x00, 0x00, 0x00, 0x00, 0x00, 0x00, 0x00, 0x00, 0x00, 0x00, 0x00, 0x00, 0x00, 0x00, 0x00, 0x00, 0x00, 0x00, 0x00, 0x00, 0x00, 0x00, 0x00, 0x00, 0x00, 0x00, 0x00, 0x00, 0x00, 0x00, 0x00, 0x00, 0x00, 0x00, 0x00, 0x00, 0x00, 0x00, 0x00, 0x18, 0xe3, 0x18, 0xc3, 0x18, 0xa2, 0x18, 0xc3, 0x20, 0xc3, 0x20, 0xc3, 0x20, 0xc3, 0x20, 0xe3, 0x21, 0x03, 0x20, 0xe3, 0x20, 0xe3, 0x21, 0x04, 0x21, 0x04, 0x21, 0x04, 0x21, 0x04, 0x29, 0x04, 0x29, 0x24, 0x29, 0x24, 0x29, 0x24, 0x29, 0x24, 0x29, 0x24, 0x29, 0x24, 0x29, 0x44, 0x21, 0x24, 0x00, 0x00, 0x73, 0x2b, 0x7b, 0x2a, 0x00, 0x00, 
  0x00, 0x00, 0x00, 0x00, 0x00, 0x00, 0x00, 0x00, 0x00, 0x00, 0x00, 0x00, 0x00, 0x00, 0x00, 0x00, 0x00, 0x00, 0x00, 0x00, 0x00, 0x00, 0x00, 0x00, 0x00, 0x00, 0x00, 0x00, 0x00, 0x00, 0x00, 0x00, 0x00, 0x00, 0x00, 0x00, 0x00, 0x00, 0x00, 0x00, 0x00, 0x00, 0x00, 0x00, 0x00, 0x00, 0x00, 0x00, 0x00, 0x00, 0x18, 0xe3, 0x18, 0x62, 0x18, 0x82, 0x18, 0xc3, 0x18, 0xc3, 0x18, 0xc3, 0x20, 0xc3, 0x20, 0xe3, 0x20, 0xe3, 0x20, 0xe3, 0x20, 0xe3, 0x21, 0x04, 0x21, 0x04, 0x21, 0x04, 0x21, 0x04, 0x21, 0x04, 0x29, 0x04, 0x29, 0x24, 0x29, 0x24, 0x29, 0x24, 0x29, 0x24, 0x29, 0x24, 0x29, 0x44, 0x29, 0x44, 0x21, 0x24, 0x00, 0x00, 0x73, 0x2b, 0x6b, 0x6b, 0x00, 0x00, 
  0x00, 0x00, 0x00, 0x00, 0x00, 0x00, 0x00, 0x00, 0x00, 0x00, 0x00, 0x00, 0x00, 0x00, 0x00, 0x00, 0x00, 0x00, 0x00, 0x00, 0x00, 0x00, 0x00, 0x00, 0x00, 0x00, 0x00, 0x00, 0x00, 0x00, 0x00, 0x00, 0x00, 0x00, 0x00, 0x00, 0x00, 0x00, 0x00, 0x00, 0x00, 0x00, 0x00, 0x00, 0x00, 0x00, 0x00, 0x00, 0x00, 0x00, 0x18, 0x00, 0x10, 0x62, 0x18, 0xc3, 0x18, 0xc3, 0x18, 0xc3, 0x18, 0xc3, 0x20, 0xc3, 0x20, 0xe3, 0x20, 0xe3, 0x20, 0xe3, 0x20, 0xe3, 0x20, 0xe4, 0x21, 0x04, 0x21, 0x04, 0x21, 0x04, 0x21, 0x04, 0x29, 0x04, 0x29, 0x24, 0x29, 0x24, 0x29, 0x24, 0x29, 0x24, 0x29, 0x24, 0x29, 0x44, 0x29, 0x44, 0x21, 0x24, 0x00, 0x00, 0x7b, 0x2b, 0x6b, 0x6b, 0x00, 0x00, 
  0x00, 0x00, 0x00, 0x00, 0x00, 0x00, 0x00, 0x00, 0x00, 0x00, 0x00, 0x00, 0x00, 0x00, 0x00, 0x00, 0x00, 0x00, 0x00, 0x00, 0x00, 0x00, 0x00, 0x00, 0x00, 0x00, 0x00, 0x00, 0x00, 0x00, 0x00, 0x00, 0x00, 0x00, 0x00, 0x00, 0x00, 0x00, 0x00, 0x00, 0x00, 0x00, 0x00, 0x00, 0x00, 0x00, 0x00, 0x00, 0x00, 0x00, 0x00, 0x00, 0x18, 0xe3, 0x18, 0xc3, 0x18, 0xc3, 0x18, 0xa3, 0x20, 0xc3, 0x20, 0xc3, 0x20, 0xe3, 0x18, 0xe3, 0x21, 0x03, 0x20, 0xe3, 0x21, 0x04, 0x21, 0x04, 0x21, 0x04, 0x21, 0x04, 0x29, 0x04, 0x29, 0x04, 0x29, 0x24, 0x29, 0x24, 0x29, 0x24, 0x29, 0x24, 0x29, 0x24, 0x29, 0x44, 0x29, 0x44, 0x21, 0x24, 0x00, 0x00, 0x73, 0x4b, 0x6a, 0xab, 0x00, 0x00, 
  0x00, 0x00, 0x00, 0x00, 0x00, 0x00, 0x00, 0x00, 0x00, 0x00, 0x00, 0x00, 0x00, 0x00, 0x00, 0x00, 0x00, 0x00, 0x00, 0x00, 0x00, 0x00, 0x00, 0x00, 0x00, 0x00, 0x00, 0x00, 0x00, 0x00, 0x00, 0x00, 0x00, 0x00, 0x00, 0x00, 0x00, 0x00, 0x00, 0x00, 0x00, 0x00, 0x00, 0x00, 0x00, 0x00, 0x00, 0x00, 0x00, 0x00, 0x18, 0xe3, 0x18, 0xe3, 0x18, 0xe3, 0x18, 0xa2, 0x18, 0xc3, 0x18, 0xc3, 0x20, 0xc3, 0x20, 0xe4, 0x20, 0xe3, 0x20, 0xe3, 0x20, 0xe3, 0x20, 0xe4, 0x21, 0x04, 0x21, 0x04, 0x21, 0x04, 0x21, 0x04, 0x29, 0x04, 0x29, 0x24, 0x29, 0x24, 0x29, 0x24, 0x29, 0x24, 0x29, 0x24, 0x29, 0x44, 0x29, 0x44, 0x21, 0x24, 0x00, 0x00, 0x73, 0x2b, 0x7a, 0xec, 0x00, 0x00, 
  0x00, 0x00, 0x00, 0x00, 0x00, 0x00, 0x00, 0x00, 0x00, 0x00, 0x00, 0x00, 0x00, 0x00, 0x00, 0x00, 0x00, 0x00, 0x00, 0x00, 0x00, 0x00, 0x00, 0x00, 0x00, 0x00, 0x00, 0x00, 0x00, 0x00, 0x00, 0x00, 0x00, 0x00, 0x00, 0x00, 0x00, 0x00, 0x00, 0x00, 0x00, 0x00, 0x00, 0x00, 0x00, 0x00, 0x00, 0x00, 0x00, 0x00, 0x18, 0xe3, 0x18, 0x62, 0x18, 0xc3, 0x18, 0xc3, 0x18, 0xc3, 0x20, 0xc3, 0x20, 0xc3, 0x20, 0xe3, 0x20, 0xe3, 0x20, 0xe3, 0x20, 0xe3, 0x20, 0xe4, 0x21, 0x04, 0x21, 0x04, 0x21, 0x04, 0x21, 0x04, 0x29, 0x04, 0x29, 0x24, 0x29, 0x24, 0x29, 0x24, 0x29, 0x24, 0x29, 0x24, 0x29, 0x44, 0x29, 0x44, 0x21, 0x24, 0x00, 0x00, 0x7b, 0x2b, 0x7a, 0xec, 0x00, 0x00, 
  0x00, 0x00, 0x00, 0x00, 0x00, 0x00, 0x00, 0x00, 0x00, 0x00, 0x00, 0x00, 0x00, 0x00, 0x00, 0x00, 0x00, 0x00, 0x00, 0x00, 0x00, 0x00, 0x00, 0x00, 0x00, 0x00, 0x00, 0x00, 0x00, 0x00, 0x00, 0x00, 0x00, 0x00, 0x00, 0x00, 0x00, 0x00, 0x00, 0x00, 0x00, 0x00, 0x00, 0x00, 0x00, 0x00, 0x00, 0x00, 0x00, 0x00, 0x18, 0x00, 0x10, 0x62, 0x18, 0xc3, 0x18, 0xc3, 0x18, 0xa3, 0x20, 0xc3, 0x20, 0xc3, 0x20, 0xe3, 0x20, 0xe3, 0x20, 0xe3, 0x20, 0xe4, 0x20, 0xe4, 0x21, 0x04, 0x21, 0x04, 0x21, 0x04, 0x29, 0x04, 0x29, 0x04, 0x29, 0x24, 0x29, 0x24, 0x29, 0x24, 0x29, 0x24, 0x29, 0x24, 0x29, 0x24, 0x29, 0x44, 0x21, 0x24, 0x00, 0x00, 0x73, 0x2b, 0x6b, 0x4a, 0x00, 0x00, 
  0x00, 0x00, 0x00, 0x00, 0x00, 0x00, 0x00, 0x00, 0x00, 0x00, 0x00, 0x00, 0x00, 0x00, 0x00, 0x00, 0x00, 0x00, 0x00, 0x00, 0x00, 0x00, 0x00, 0x00, 0x00, 0x00, 0x00, 0x00, 0x00, 0x00, 0x00, 0x00, 0x00, 0x00, 0x00, 0x00, 0x00, 0x00, 0x00, 0x00, 0x00, 0x00, 0x00, 0x00, 0x00, 0x00, 0x00, 0x00, 0x00, 0x00, 0x20, 0xe4, 0x18, 0xe3, 0x18, 0x82, 0x18, 0xc3, 0x18, 0xc3, 0x18, 0xc3, 0x20, 0xc3, 0x20, 0xc3, 0x20, 0xe3, 0x20, 0xe3, 0x20, 0xe3, 0x20, 0xe4, 0x21, 0x04, 0x21, 0x04, 0x21, 0x04, 0x21, 0x04, 0x29, 0x04, 0x29, 0x24, 0x29, 0x24, 0x29, 0x24, 0x29, 0x24, 0x29, 0x24, 0x29, 0x44, 0x29, 0x44, 0x21, 0x24, 0x00, 0x00, 0x73, 0x2b, 0x6b, 0x4a, 0x00, 0x00, 
  0x00, 0x00, 0x00, 0x00, 0x00, 0x00, 0x00, 0x00, 0x00, 0x00, 0x00, 0x00, 0x00, 0x00, 0x00, 0x00, 0x00, 0x00, 0x00, 0x00, 0x00, 0x00, 0x00, 0x00, 0x00, 0x00, 0x00, 0x00, 0x00, 0x00, 0x00, 0x00, 0x00, 0x00, 0x00, 0x00, 0x00, 0x00, 0x00, 0x00, 0x00, 0x00, 0x00, 0x00, 0x00, 0x00, 0x00, 0x00, 0x00, 0x00, 0x00, 0x00, 0x18, 0xe3, 0x18, 0xc3, 0x18, 0xa2, 0x18, 0xc3, 0x20, 0xc3, 0x20, 0xc3, 0x20, 0xc3, 0x20, 0xe3, 0x21, 0x03, 0x20, 0xe3, 0x20, 0xe3, 0x21, 0x04, 0x21, 0x04, 0x21, 0x04, 0x21, 0x04, 0x29, 0x04, 0x29, 0x24, 0x29, 0x24, 0x29, 0x24, 0x29, 0x24, 0x29, 0x24, 0x29, 0x24, 0x29, 0x44, 0x21, 0x24, 0x00, 0x00, 0x7b, 0x4b, 0x6b, 0x4a, 0x00, 0x00, 
  0x00, 0x00, 0x00, 0x00, 0x00, 0x00, 0x00, 0x00, 0x00, 0x00, 0x00, 0x00, 0x00, 0x00, 0x00, 0x00, 0x00, 0x00, 0x00, 0x00, 0x00, 0x00, 0x00, 0x00, 0x00, 0x00, 0x00, 0x00, 0x00, 0x00, 0x00, 0x00, 0x00, 0x00, 0x00, 0x00, 0x00, 0x00, 0x00, 0x00, 0x00, 0x00, 0x00, 0x00, 0x00, 0x00, 0x00, 0x00, 0x00, 0x00, 0x18, 0xe3, 0x18, 0x62, 0x18, 0x82, 0x18, 0xc3, 0x18, 0xc3, 0x18, 0xc3, 0x20, 0xc3, 0x20, 0xe3, 0x20, 0xe3, 0x20, 0xe3, 0x20, 0xe3, 0x21, 0x04, 0x21, 0x04, 0x21, 0x04, 0x21, 0x04, 0x21, 0x04, 0x29, 0x04, 0x29, 0x24, 0x29, 0x24, 0x29, 0x24, 0x29, 0x24, 0x29, 0x24, 0x29, 0x44, 0x29, 0x44, 0x29, 0x60, 0x00, 0x00, 0x73, 0x2b, 0x73, 0x8b, 0x00, 0x00, 
  0x00, 0x00, 0x00, 0x00, 0x00, 0x00, 0x00, 0x00, 0x00, 0x00, 0x00, 0x00, 0x00, 0x00, 0x00, 0x00, 0x00, 0x00, 0x00, 0x00, 0x00, 0x00, 0x00, 0x00, 0x00, 0x00, 0x00, 0x00, 0x00, 0x00, 0x00, 0x00, 0x00, 0x00, 0x00, 0x00, 0x00, 0x00, 0x00, 0x00, 0x00, 0x00, 0x00, 0x00, 0x00, 0x00, 0x00, 0x00, 0x00, 0x00, 0x18, 0x00, 0x10, 0x62, 0x18, 0xc3, 0x18, 0xc3, 0x18, 0xc3, 0x18, 0xc3, 0x20, 0xc3, 0x20, 0xe3, 0x20, 0xe3, 0x20, 0xe3, 0x20, 0xe3, 0x20, 0xe4, 0x21, 0x04, 0x21, 0x04, 0x21, 0x04, 0x21, 0x04, 0x29, 0x04, 0x29, 0x24, 0x29, 0x24, 0x29, 0x24, 0x29, 0x24, 0x29, 0x24, 0x29, 0x44, 0x29, 0x25, 0x00, 0x00, 0x84, 0x00, 0x73, 0x2b, 0x72, 0xab, 0x00, 0x00, 
  0x00, 0x00, 0x00, 0x00, 0x00, 0x00, 0x00, 0x00, 0x00, 0x00, 0x00, 0x00, 0x00, 0x00, 0x00, 0x00, 0x00, 0x00, 0x00, 0x00, 0x00, 0x00, 0x00, 0x00, 0x00, 0x00, 0x00, 0x00, 0x00, 0x00, 0x00, 0x00, 0x00, 0x00, 0x00, 0x00, 0x00, 0x00, 0x00, 0x00, 0x00, 0x00, 0x00, 0x00, 0x00, 0x00, 0x00, 0x00, 0x00, 0x00, 0x00, 0x00, 0x18, 0xe3, 0x18, 0xc3, 0x18, 0xc3, 0x18, 0xa3, 0x20, 0xc3, 0x20, 0xc3, 0x20, 0xe3, 0x18, 0xe3, 0x21, 0x03, 0x20, 0xe3, 0x21, 0x04, 0x21, 0x04, 0x21, 0x04, 0x21, 0x04, 0x29, 0x04, 0x29, 0x04, 0x29, 0x24, 0x29, 0x24, 0x29, 0x24, 0x29, 0x24, 0x29, 0x44, 0x29, 0x43, 0x00, 0x00, 0x80, 0x00, 0x73, 0x4b, 0x73, 0x2b, 0x00, 0x00, 0x00, 0x00, 
  0x00, 0x00, 0x00, 0x00, 0x00, 0x00, 0x00, 0x00, 0x00, 0x00, 0x00, 0x00, 0x00, 0x00, 0x00, 0x00, 0x00, 0x00, 0x00, 0x00, 0x00, 0x00, 0x00, 0x00, 0x00, 0x00, 0x00, 0x00, 0x00, 0x00, 0x00, 0x00, 0x00, 0x00, 0x00, 0x00, 0x00, 0x00, 0x00, 0x00, 0x00, 0x00, 0x00, 0x00, 0x00, 0x00, 0x00, 0x00, 0x00, 0x00, 0x18, 0xe3, 0x18, 0xe3, 0x18, 0xe3, 0x18, 0xa2, 0x18, 0xc3, 0x18, 0xc3, 0x20, 0xc3, 0x20, 0xe4, 0x20, 0xe3, 0x20, 0xe3, 0x20, 0xe3, 0x20, 0xe4, 0x21, 0x04, 0x21, 0x04, 0x21, 0x04, 0x21, 0x04, 0x29, 0x04, 0x29, 0x24, 0x29, 0x24, 0x29, 0x24, 0x29, 0x24, 0x29, 0x43, 0x00, 0x00, 0x80, 0x00, 0x73, 0x4b, 0x73, 0x2b, 0x00, 0x00, 0x00, 0x00, 0x00, 0x00, 
  0x00, 0x00, 0x00, 0x00, 0x00, 0x00, 0x00, 0x00, 0x00, 0x00, 0x00, 0x00, 0x00, 0x00, 0x00, 0x00, 0x00, 0x00, 0x00, 0x00, 0x00, 0x00, 0x00, 0x00, 0x00, 0x00, 0x00, 0x00, 0x00, 0x00, 0x00, 0x00, 0x00, 0x00, 0x00, 0x00, 0x00, 0x00, 0x00, 0x00, 0x00, 0x00, 0x00, 0x00, 0x00, 0x00, 0x00, 0x00, 0x00, 0x00, 0x18, 0xe3, 0x18, 0x62, 0x18, 0xc3, 0x18, 0xc3, 0x18, 0xc3, 0x20, 0xc3, 0x20, 0xc3, 0x20, 0xe3, 0x20, 0xe3, 0x20, 0xe3, 0x20, 0xe3, 0x20, 0xe4, 0x21, 0x04, 0x21, 0x04, 0x21, 0x04, 0x21, 0x04, 0x29, 0x04, 0x29, 0x24, 0x29, 0x24, 0x29, 0x24, 0x28, 0xe3, 0x00, 0x00, 0x80, 0x00, 0x73, 0x2b, 0x7b, 0x2b, 0x00, 0x00, 0x00, 0x00, 0x00, 0x00, 0x00, 0x00, 
  0x00, 0x00, 0x00, 0x00, 0x00, 0x00, 0x00, 0x00, 0x00, 0x00, 0x00, 0x00, 0x00, 0x00, 0x00, 0x00, 0x00, 0x00, 0x00, 0x00, 0x00, 0x00, 0x00, 0x00, 0x00, 0x00, 0x00, 0x00, 0x00, 0x00, 0x00, 0x00, 0x00, 0x00, 0x00, 0x00, 0x00, 0x00, 0x00, 0x00, 0x00, 0x00, 0x00, 0x00, 0x00, 0x00, 0x00, 0x00, 0x00, 0x00, 0x18, 0x00, 0x10, 0x62, 0x18, 0xc3, 0x18, 0xc3, 0x18, 0xa3, 0x20, 0xc3, 0x20, 0xc3, 0x20, 0xe3, 0x20, 0xe3, 0x20, 0xe3, 0x20, 0xe4, 0x20, 0xe4, 0x21, 0x04, 0x21, 0x04, 0x21, 0x04, 0x29, 0x04, 0x29, 0x04, 0x29, 0x24, 0x29, 0x24, 0x20, 0xe4, 0x00, 0x00, 0x00, 0x00, 0x73, 0x2b, 0x73, 0x2b, 0x00, 0x00, 0x00, 0x00, 0x00, 0x00, 0x00, 0x00, 0x00, 0x00, 
  0x00, 0x00, 0x00, 0x00, 0x00, 0x00, 0x00, 0x00, 0x00, 0x00, 0x00, 0x00, 0x00, 0x00, 0x00, 0x00, 0x00, 0x00, 0x00, 0x00, 0x00, 0x00, 0x00, 0x00, 0x00, 0x00, 0x00, 0x00, 0x00, 0x00, 0x00, 0x00, 0x00, 0x00, 0x00, 0x00, 0x00, 0x00, 0x00, 0x00, 0x00, 0x00, 0x00, 0x00, 0x00, 0x00, 0x00, 0x00, 0x00, 0x00, 0x20, 0xe4, 0x18, 0xe3, 0x18, 0x82, 0x18, 0xc3, 0x18, 0xc3, 0x18, 0xc3, 0x20, 0xc3, 0x20, 0xc3, 0x20, 0xe3, 0x20, 0xe3, 0x20, 0xe3, 0x20, 0xe4, 0x21, 0x04, 0x21, 0x04, 0x21, 0x04, 0x21, 0x04, 0x29, 0x04, 0x29, 0x24, 0x21, 0x04, 0x00, 0x00, 0x00, 0x00, 0x73, 0x2b, 0x73, 0x0b, 0x00, 0x00, 0x00, 0x00, 0x00, 0x00, 0x00, 0x00, 0x00, 0x00, 0x00, 0x00, 
  0x00, 0x00, 0x00, 0x00, 0x00, 0x00, 0x00, 0x00, 0x00, 0x00, 0x00, 0x00, 0x00, 0x00, 0x00, 0x00, 0x00, 0x00, 0x00, 0x00, 0x00, 0x00, 0x00, 0x00, 0x00, 0x00, 0x00, 0x00, 0x00, 0x00, 0x00, 0x00, 0x00, 0x00, 0x00, 0x00, 0x00, 0x00, 0x00, 0x00, 0x00, 0x00, 0x00, 0x00, 0x00, 0x00, 0x00, 0x00, 0x00, 0x00, 0x00, 0x00, 0x18, 0xe3, 0x18, 0xc3, 0x18, 0xa2, 0x18, 0xc3, 0x20, 0xc3, 0x20, 0xc3, 0x20, 0xc3, 0x20, 0xe3, 0x21, 0x03, 0x20, 0xe3, 0x20, 0xe3, 0x21, 0x04, 0x21, 0x04, 0x21, 0x04, 0x21, 0x04, 0x29, 0x04, 0x21, 0x04, 0x00, 0x00, 0x00, 0x00, 0x73, 0x2b, 0x73, 0x2b, 0x00, 0x00, 0x00, 0x00, 0x00, 0x00, 0x00, 0x00, 0x00, 0x00, 0x00, 0x00, 0x00, 0x00, 
  0x00, 0x00, 0x00, 0x00, 0x00, 0x00, 0x00, 0x00, 0x00, 0x00, 0x00, 0x00, 0x00, 0x00, 0x00, 0x00, 0x00, 0x00, 0x00, 0x00, 0x00, 0x00, 0x00, 0x00, 0x00, 0x00, 0x00, 0x00, 0x00, 0x00, 0x00, 0x00, 0x00, 0x00, 0x00, 0x00, 0x00, 0x00, 0x00, 0x00, 0x00, 0x00, 0x00, 0x00, 0x00, 0x00, 0x00, 0x00, 0x00, 0x00, 0x18, 0xe3, 0x18, 0x62, 0x18, 0x82, 0x18, 0xc3, 0x18, 0xc3, 0x18, 0xc3, 0x20, 0xc3, 0x20, 0xe3, 0x20, 0xe3, 0x20, 0xe3, 0x20, 0xe3, 0x21, 0x04, 0x21, 0x04, 0x21, 0x04, 0x21, 0x04, 0x21, 0x24, 0x21, 0x22, 0x00, 0x00, 0x00, 0x00, 0x73, 0x2b, 0x7b, 0x6b, 0x00, 0x00, 0x00, 0x00, 0x00, 0x00, 0x00, 0x00, 0x00, 0x00, 0x00, 0x00, 0x00, 0x00, 0x00, 0x00, 
  0x00, 0x00, 0x00, 0x00, 0x00, 0x00, 0x00, 0x00, 0x00, 0x00, 0x00, 0x00, 0x00, 0x00, 0x00, 0x00, 0x00, 0x00, 0x00, 0x00, 0x00, 0x00, 0x00, 0x00, 0x00, 0x00, 0x00, 0x00, 0x00, 0x00, 0x00, 0x00, 0x00, 0x00, 0x00, 0x00, 0x00, 0x00, 0x00, 0x00, 0x00, 0x00, 0x00, 0x00, 0x00, 0x00, 0x00, 0x00, 0x00, 0x00, 0x18, 0x00, 0x10, 0x62, 0x18, 0xc3, 0x18, 0xc3, 0x18, 0xc3, 0x18, 0xc3, 0x20, 0xc3, 0x20, 0xe3, 0x20, 0xe3, 0x20, 0xe3, 0x20, 0xe3, 0x20, 0xe4, 0x21, 0x04, 0x21, 0x04, 0x29, 0x04, 0x28, 0xa2, 0x00, 0x00, 0x00, 0x00, 0x73, 0x2a, 0x7b, 0x6b, 0x00, 0x00, 0x00, 0x00, 0x00, 0x00, 0x00, 0x00, 0x00, 0x00, 0x00, 0x00, 0x00, 0x00, 0x00, 0x00, 0x00, 0x00, 
  0x00, 0x00, 0x00, 0x00, 0x00, 0x00, 0x00, 0x00, 0x00, 0x00, 0x00, 0x00, 0x00, 0x00, 0x00, 0x00, 0x00, 0x00, 0x00, 0x00, 0x00, 0x00, 0x00, 0x00, 0x00, 0x00, 0x00, 0x00, 0x00, 0x00, 0x00, 0x00, 0x00, 0x00, 0x00, 0x00, 0x00, 0x00, 0x00, 0x00, 0x00, 0x00, 0x00, 0x00, 0x00, 0x00, 0x00, 0x00, 0x00, 0x00, 0x00, 0x00, 0x18, 0xe3, 0x18, 0xc3, 0x18, 0xc3, 0x18, 0xa3, 0x20, 0xc3, 0x20, 0xc3, 0x20, 0xe3, 0x18, 0xe3, 0x21, 0x03, 0x20, 0xe3, 0x21, 0x04, 0x21, 0x04, 0x21, 0x04, 0x18, 0xa3, 0x00, 0x00, 0x00, 0x00, 0x7b, 0x2b, 0x73, 0x2a, 0x00, 0x00, 0x00, 0x00, 0x00, 0x00, 0x00, 0x00, 0x00, 0x00, 0x00, 0x00, 0x00, 0x00, 0x00, 0x00, 0x00, 0x00, 0x00, 0x00, 
  0x00, 0x00, 0x00, 0x00, 0x00, 0x00, 0x00, 0x00, 0x00, 0x00, 0x00, 0x00, 0x00, 0x00, 0x00, 0x00, 0x00, 0x00, 0x00, 0x00, 0x00, 0x00, 0x00, 0x00, 0x00, 0x00, 0x00, 0x00, 0x00, 0x00, 0x00, 0x00, 0x00, 0x00, 0x00, 0x00, 0x00, 0x00, 0x00, 0x00, 0x00, 0x00, 0x00, 0x00, 0x00, 0x00, 0x00, 0x00, 0x00, 0x00, 0x18, 0xe3, 0x18, 0xe3, 0x18, 0xe3, 0x18, 0xa2, 0x18, 0xc3, 0x18, 0xc3, 0x20, 0xc3, 0x20, 0xe4, 0x20, 0xe3, 0x20, 0xe3, 0x20, 0xe3, 0x20, 0xe4, 0x21, 0x04, 0x18, 0xa3, 0x00, 0x00, 0x00, 0x00, 0x7b, 0x6b, 0x73, 0x0b, 0x00, 0x00, 0x00, 0x00, 0x00, 0x00, 0x00, 0x00, 0x00, 0x00, 0x00, 0x00, 0x00, 0x00, 0x00, 0x00, 0x00, 0x00, 0x00, 0x00, 0x00, 0x00, 
  0x00, 0x00, 0x00, 0x00, 0x00, 0x00, 0x00, 0x00, 0x00, 0x00, 0x00, 0x00, 0x00, 0x00, 0x00, 0x00, 0x00, 0x00, 0x00, 0x00, 0x00, 0x00, 0x00, 0x00, 0x00, 0x00, 0x00, 0x00, 0x00, 0x00, 0x00, 0x00, 0x00, 0x00, 0x00, 0x00, 0x00, 0x00, 0x00, 0x00, 0x00, 0x00, 0x00, 0x00, 0x00, 0x00, 0x00, 0x00, 0x00, 0x00, 0x18, 0xe3, 0x18, 0x62, 0x18, 0xc3, 0x18, 0xc3, 0x18, 0xc3, 0x20, 0xc3, 0x20, 0xc3, 0x20, 0xe3, 0x20, 0xe3, 0x20, 0xe3, 0x20, 0xe3, 0x20, 0xe3, 0x18, 0xc3, 0x00, 0x00, 0x00, 0x00, 0x73, 0x2b, 0x73, 0x4a, 0x00, 0x00, 0x00, 0x00, 0x00, 0x00, 0x00, 0x00, 0x00, 0x00, 0x00, 0x00, 0x00, 0x00, 0x00, 0x00, 0x00, 0x00, 0x00, 0x00, 0x00, 0x00, 0x00, 0x00, 
  0x00, 0x00, 0x00, 0x00, 0x00, 0x00, 0x00, 0x00, 0x00, 0x00, 0x00, 0x00, 0x00, 0x00, 0x00, 0x00, 0x00, 0x00, 0x00, 0x00, 0x00, 0x00, 0x00, 0x00, 0x00, 0x00, 0x00, 0x00, 0x00, 0x00, 0x00, 0x00, 0x00, 0x00, 0x00, 0x00, 0x00, 0x00, 0x00, 0x00, 0x00, 0x00, 0x00, 0x00, 0x00, 0x00, 0x00, 0x00, 0x00, 0x00, 0x18, 0x00, 0x10, 0x62, 0x18, 0xc3, 0x18, 0xc3, 0x18, 0xa3, 0x20, 0xc3, 0x20, 0xc3, 0x20, 0xe3, 0x20, 0xe3, 0x20, 0xe3, 0x20, 0xe4, 0x21, 0x03, 0x00, 0x00, 0x00, 0x00, 0x73, 0x0b, 0x73, 0x2b, 0x00, 0x00, 0x00, 0x00, 0x00, 0x00, 0x00, 0x00, 0x00, 0x00, 0x00, 0x00, 0x00, 0x00, 0x00, 0x00, 0x00, 0x00, 0x00, 0x00, 0x00, 0x00, 0x00, 0x00, 0x00, 0x00, 
  0x00, 0x00, 0x00, 0x00, 0x00, 0x00, 0x00, 0x00, 0x00, 0x00, 0x00, 0x00, 0x00, 0x00, 0x00, 0x00, 0x00, 0x00, 0x00, 0x00, 0x00, 0x00, 0x00, 0x00, 0x00, 0x00, 0x00, 0x00, 0x00, 0x00, 0x00, 0x00, 0x00, 0x00, 0x00, 0x00, 0x00, 0x00, 0x00, 0x00, 0x00, 0x00, 0x00, 0x00, 0x00, 0x00, 0x00, 0x00, 0x00, 0x00, 0x20, 0xe4, 0x18, 0xe3, 0x18, 0x82, 0x18, 0xc3, 0x18, 0xc3, 0x18, 0xc3, 0x20, 0xc3, 0x20, 0xc3, 0x20, 0xe3, 0x20, 0xe3, 0x20, 0xe3, 0x21, 0x03, 0x00, 0x00, 0x73, 0x0a, 0x6a, 0xe9, 0x00, 0x00, 0x00, 0x00, 0x00, 0x00, 0x00, 0x00, 0x00, 0x00, 0x00, 0x00, 0x00, 0x00, 0x00, 0x00, 0x00, 0x00, 0x00, 0x00, 0x00, 0x00, 0x00, 0x00, 0x00, 0x00, 0x00, 0x00, 
  0x00, 0x00, 0x00, 0x00, 0x00, 0x00, 0x00, 0x00, 0x00, 0x00, 0x00, 0x00, 0x00, 0x00, 0x00, 0x00, 0x00, 0x00, 0x00, 0x00, 0x00, 0x00, 0x00, 0x00, 0x00, 0x00, 0x00, 0x00, 0x00, 0x00, 0x00, 0x00, 0x00, 0x00, 0x00, 0x00, 0x00, 0x00, 0x00, 0x00, 0x00, 0x00, 0x00, 0x00, 0x00, 0x00, 0x00, 0x00, 0x00, 0x00, 0x00, 0x00, 0x18, 0xe3, 0x18, 0xc3, 0x18, 0xa2, 0x18, 0xc3, 0x20, 0xc3, 0x20, 0xc3, 0x20, 0xc3, 0x20, 0xe3, 0x21, 0x03, 0x20, 0xe3, 0x21, 0x04, 0x00, 0x00, 0x6a, 0xeb, 0x5a, 0xab, 0x00, 0x00, 0x00, 0x00, 0x00, 0x00, 0x00, 0x00, 0x00, 0x00, 0x00, 0x00, 0x00, 0x00, 0x00, 0x00, 0x00, 0x00, 0x00, 0x00, 0x00, 0x00, 0x00, 0x00, 0x00, 0x00, 0x00, 0x00, 
  0x00, 0x00, 0x00, 0x00, 0x00, 0x00, 0x00, 0x00, 0x00, 0x00, 0x00, 0x00, 0x00, 0x00, 0x00, 0x00, 0x00, 0x00, 0x00, 0x00, 0x00, 0x00, 0x00, 0x00, 0x00, 0x00, 0x00, 0x00, 0x00, 0x00, 0x00, 0x00, 0x00, 0x00, 0x00, 0x00, 0x00, 0x00, 0x00, 0x00, 0x00, 0x00, 0x00, 0x00, 0x00, 0x00, 0x00, 0x00, 0x00, 0x00, 0x18, 0xe3, 0x18, 0x62, 0x18, 0x82, 0x18, 0xc3, 0x18, 0xc3, 0x18, 0xc3, 0x20, 0xc3, 0x20, 0xe3, 0x20, 0xe3, 0x20, 0xe3, 0x20, 0xe3, 0x21, 0x03, 0x00, 0x00, 0x7b, 0x4b, 0x6b, 0x4d, 0x00, 0x00, 0x00, 0x00, 0x00, 0x00, 0x00, 0x00, 0x00, 0x00, 0x00, 0x00, 0x00, 0x00, 0x00, 0x00, 0x00, 0x00, 0x00, 0x00, 0x00, 0x00, 0x00, 0x00, 0x00, 0x00, 0x00, 0x00, 
  0x00, 0x00, 0x00, 0x00, 0x00, 0x00, 0x00, 0x00, 0x00, 0x00, 0x00, 0x00, 0x00, 0x00, 0x00, 0x00, 0x00, 0x00, 0x00, 0x00, 0x00, 0x00, 0x00, 0x00, 0x00, 0x00, 0x00, 0x00, 0x00, 0x00, 0x00, 0x00, 0x00, 0x00, 0x00, 0x00, 0x00, 0x00, 0x00, 0x00, 0x00, 0x00, 0x00, 0x00, 0x00, 0x00, 0x00, 0x00, 0x00, 0x00, 0x18, 0x00, 0x10, 0x62, 0x18, 0xc3, 0x18, 0xc3, 0x18, 0xc3, 0x18, 0xc3, 0x20, 0xc3, 0x20, 0xe3, 0x20, 0xe3, 0x20, 0xe3, 0x20, 0xe3, 0x21, 0x03, 0x00, 0x00, 0x7b, 0x2a, 0x6b, 0x46, 0x00, 0x00, 0x00, 0x00, 0x00, 0x00, 0x00, 0x00, 0x00, 0x00, 0x00, 0x00, 0x00, 0x00, 0x00, 0x00, 0x00, 0x00, 0x00, 0x00, 0x00, 0x00, 0x00, 0x00, 0x00, 0x00, 0x00, 0x00, 
  0x00, 0x00, 0x00, 0x00, 0x00, 0x00, 0x00, 0x00, 0x00, 0x00, 0x00, 0x00, 0x00, 0x00, 0x00, 0x00, 0x00, 0x00, 0x00, 0x00, 0x00, 0x00, 0x00, 0x00, 0x00, 0x00, 0x00, 0x00, 0x00, 0x00, 0x00, 0x00, 0x00, 0x00, 0x00, 0x00, 0x00, 0x00, 0x00, 0x00, 0x00, 0x00, 0x00, 0x00, 0x00, 0x00, 0x00, 0x00, 0x00, 0x00, 0x00, 0x00, 0x18, 0xe3, 0x18, 0xc3, 0x18, 0xc3, 0x18, 0xa3, 0x20, 0xc3, 0x20, 0xc3, 0x20, 0xe3, 0x18, 0xe3, 0x21, 0x03, 0x20, 0xe3, 0x21, 0x03, 0x00, 0x00, 0x7a, 0xec, 0x82, 0x08, 0x00, 0x00, 0x00, 0x00, 0x00, 0x00, 0x00, 0x00, 0x00, 0x00, 0x00, 0x00, 0x00, 0x00, 0x00, 0x00, 0x00, 0x00, 0x00, 0x00, 0x00, 0x00, 0x00, 0x00, 0x00, 0x00, 0x00, 0x00, 
  0x00, 0x00, 0x00, 0x00, 0x00, 0x00, 0x00, 0x00, 0x00, 0x00, 0x00, 0x00, 0x00, 0x00, 0x00, 0x00, 0x00, 0x00, 0x00, 0x00, 0x00, 0x00, 0x00, 0x00, 0x00, 0x00, 0x00, 0x00, 0x00, 0x00, 0x00, 0x00, 0x00, 0x00, 0x00, 0x00, 0x00, 0x00, 0x00, 0x00, 0x00, 0x00, 0x00, 0x00, 0x00, 0x00, 0x00, 0x00, 0x00, 0x00, 0x18, 0xe3, 0x18, 0xe3, 0x18, 0xe3, 0x18, 0xa2, 0x18, 0xc3, 0x18, 0xc3, 0x20, 0xc3, 0x20, 0xe4, 0x20, 0xe3, 0x20, 0xe3, 0x20, 0xe3, 0x21, 0x04, 0x00, 0x00, 0x73, 0x8b, 0x5a, 0xab, 0x00, 0x00, 0x00, 0x00, 0x00, 0x00, 0x00, 0x00, 0x00, 0x00, 0x00, 0x00, 0x00, 0x00, 0x00, 0x00, 0x00, 0x00, 0x00, 0x00, 0x00, 0x00, 0x00, 0x00, 0x00, 0x00, 0x00, 0x00, 
  0x00, 0x00, 0x00, 0x00, 0x00, 0x00, 0x00, 0x00, 0x00, 0x00, 0x00, 0x00, 0x00, 0x00, 0x00, 0x00, 0x00, 0x00, 0x00, 0x00, 0x00, 0x00, 0x00, 0x00, 0x00, 0x00, 0x00, 0x00, 0x00, 0x00, 0x00, 0x00, 0x00, 0x00, 0x00, 0x00, 0x00, 0x00, 0x00, 0x00, 0x00, 0x00, 0x00, 0x00, 0x00, 0x00, 0x00, 0x00, 0x00, 0x00, 0x18, 0xe3, 0x18, 0x62, 0x18, 0xc3, 0x18, 0xc3, 0x18, 0xc3, 0x20, 0xc3, 0x20, 0xc3, 0x20, 0xe3, 0x20, 0xe3, 0x20, 0xe3, 0x20, 0xe3, 0x21, 0x04, 0x00, 0x00, 0x73, 0x69, 0x84, 0x10, 0x00, 0x00, 0x00, 0x00, 0x00, 0x00, 0x00, 0x00, 0x00, 0x00, 0x00, 0x00, 0x00, 0x00, 0x00, 0x00, 0x00, 0x00, 0x00, 0x00, 0x00, 0x00, 0x00, 0x00, 0x00, 0x00, 0x00, 0x00, 
  0x00, 0x00, 0x00, 0x00, 0x00, 0x00, 0x00, 0x00, 0x00, 0x00, 0x00, 0x00, 0x00, 0x00, 0x00, 0x00, 0x00, 0x00, 0x00, 0x00, 0x00, 0x00, 0x00, 0x00, 0x00, 0x00, 0x00, 0x00, 0x00, 0x00, 0x00, 0x00, 0x00, 0x00, 0x00, 0x00, 0x00, 0x00, 0x00, 0x00, 0x00, 0x00, 0x00, 0x00, 0x00, 0x00, 0x00, 0x00, 0x00, 0x00, 0x18, 0x00, 0x10, 0x62, 0x18, 0xc3, 0x18, 0xc3, 0x18, 0xa3, 0x20, 0xc3, 0x20, 0xc3, 0x20, 0xe3, 0x20, 0xe3, 0x20, 0xe3, 0x20, 0xe4, 0x21, 0x03, 0x00, 0x00, 0x6b, 0x46, 0x84, 0x00, 0x00, 0x00, 0x00, 0x00, 0x00, 0x00, 0x00, 0x00, 0x00, 0x00, 0x00, 0x00, 0x00, 0x00, 0x00, 0x00, 0x00, 0x00, 0x00, 0x00, 0x00, 0x00, 0x00, 0x00, 0x00, 0x00, 0x00, 0x00, 
  0x00, 0x00, 0x00, 0x00, 0x00, 0x00, 0x00, 0x00, 0x00, 0x00, 0x00, 0x00, 0x00, 0x00, 0x00, 0x00, 0x00, 0x00, 0x00, 0x00, 0x00, 0x00, 0x00, 0x00, 0x00, 0x00, 0x00, 0x00, 0x00, 0x00, 0x00, 0x00, 0x00, 0x00, 0x00, 0x00, 0x00, 0x00, 0x00, 0x00, 0x00, 0x00, 0x00, 0x00, 0x00, 0x00, 0x00, 0x00, 0x00, 0x00, 0x20, 0xe4, 0x18, 0xe3, 0x18, 0x82, 0x18, 0xc3, 0x18, 0xc3, 0x18, 0xc3, 0x20, 0xc3, 0x20, 0xc3, 0x20, 0xe3, 0x20, 0xe3, 0x20, 0xe3, 0x21, 0x03, 0x00, 0x00, 0x42, 0x08, 0x00, 0x00, 0x00, 0x00, 0x00, 0x00, 0x00, 0x00, 0x00, 0x00, 0x00, 0x00, 0x00, 0x00, 0x00, 0x00, 0x00, 0x00, 0x00, 0x00, 0x00, 0x00, 0x00, 0x00, 0x00, 0x00, 0x00, 0x00, 0x00, 0x00, 
  0x00, 0x00, 0x00, 0x00, 0x00, 0x00, 0x00, 0x00, 0x00, 0x00, 0x00, 0x00, 0x00, 0x00, 0x00, 0x00, 0x00, 0x00, 0x00, 0x00, 0x00, 0x00, 0x00, 0x00, 0x00, 0x00, 0x00, 0x00, 0x00, 0x00, 0x00, 0x00, 0x00, 0x00, 0x00, 0x00, 0x00, 0x00, 0x00, 0x00, 0x00, 0x00, 0x00, 0x00, 0x00, 0x00, 0x00, 0x00, 0x00, 0x00, 0x00, 0x00, 0x18, 0xe3, 0x18, 0xc3, 0x18, 0xa2, 0x18, 0xc3, 0x20, 0xc3, 0x20, 0xc3, 0x20, 0xc3, 0x20, 0xe3, 0x21, 0x03, 0x20, 0xe3, 0x21, 0x04, 0x00, 0x00, 0x00, 0x00, 0x00, 0x00, 0x00, 0x00, 0x00, 0x00, 0x00, 0x00, 0x00, 0x00, 0x00, 0x00, 0x00, 0x00, 0x00, 0x00, 0x00, 0x00, 0x00, 0x00, 0x00, 0x00, 0x00, 0x00, 0x00, 0x00, 0x00, 0x00, 0x00, 0x00, 
  0x00, 0x00, 0x00, 0x00, 0x00, 0x00, 0x00, 0x00, 0x00, 0x00, 0x00, 0x00, 0x00, 0x00, 0x00, 0x00, 0x00, 0x00, 0x00, 0x00, 0x00, 0x00, 0x00, 0x00, 0x00, 0x00, 0x00, 0x00, 0x00, 0x00, 0x00, 0x00, 0x00, 0x00, 0x00, 0x00, 0x00, 0x00, 0x00, 0x00, 0x00, 0x00, 0x00, 0x00, 0x00, 0x00, 0x00, 0x00, 0x00, 0x00, 0x18, 0xe3, 0x18, 0x62, 0x18, 0x82, 0x18, 0xc3, 0x18, 0xc3, 0x18, 0xc3, 0x20, 0xc3, 0x20, 0xe3, 0x20, 0xe3, 0x20, 0xe3, 0x20, 0xe3, 0x21, 0x03, 0x00, 0x00, 0x00, 0x00, 0x00, 0x00, 0x00, 0x00, 0x00, 0x00, 0x00, 0x00, 0x00, 0x00, 0x00, 0x00, 0x00, 0x00, 0x00, 0x00, 0x00, 0x00, 0x00, 0x00, 0x00, 0x00, 0x00, 0x00, 0x00, 0x00, 0x00, 0x00, 0x00, 0x00, 
  0x00, 0x00, 0x00, 0x00, 0x00, 0x00, 0x00, 0x00, 0x00, 0x00, 0x00, 0x00, 0x00, 0x00, 0x00, 0x00, 0x00, 0x00, 0x00, 0x00, 0x00, 0x00, 0x00, 0x00, 0x00, 0x00, 0x00, 0x00, 0x00, 0x00, 0x00, 0x00, 0x00, 0x00, 0x00, 0x00, 0x00, 0x00, 0x00, 0x00, 0x00, 0x00, 0x00, 0x00, 0x00, 0x00, 0x00, 0x00, 0x00, 0x00, 0x18, 0x00, 0x10, 0x62, 0x18, 0xc3, 0x18, 0xc3, 0x18, 0xc3, 0x18, 0xc3, 0x20, 0xc3, 0x20, 0xe3, 0x20, 0xe3, 0x20, 0xe3, 0x20, 0xe3, 0x21, 0x03, 0x00, 0x00, 0x00, 0x00, 0x00, 0x00, 0x00, 0x00, 0x00, 0x00, 0x00, 0x00, 0x00, 0x00, 0x00, 0x00, 0x00, 0x00, 0x00, 0x00, 0x00, 0x00, 0x00, 0x00, 0x00, 0x00, 0x00, 0x00, 0x00, 0x00, 0x00, 0x00, 0x00, 0x00, 
  0x00, 0x00, 0x00, 0x00, 0x00, 0x00, 0x00, 0x00, 0x00, 0x00, 0x00, 0x00, 0x00, 0x00, 0x00, 0x00, 0x00, 0x00, 0x00, 0x00, 0x00, 0x00, 0x00, 0x00, 0x00, 0x00, 0x00, 0x00, 0x00, 0x00, 0x00, 0x00, 0x00, 0x00, 0x00, 0x00, 0x00, 0x00, 0x00, 0x00, 0x00, 0x00, 0x00, 0x00, 0x00, 0x00, 0x00, 0x00, 0x00, 0x00, 0x00, 0x00, 0x18, 0xe3, 0x18, 0xc3, 0x18, 0xc3, 0x18, 0xa3, 0x20, 0xc3, 0x20, 0xc3, 0x20, 0xe3, 0x18, 0xe3, 0x21, 0x03, 0x20, 0xe3, 0x21, 0x03, 0x00, 0x00, 0x00, 0x00, 0x00, 0x00, 0x00, 0x00, 0x00, 0x00, 0x00, 0x00, 0x00, 0x00, 0x00, 0x00, 0x00, 0x00, 0x00, 0x00, 0x00, 0x00, 0x00, 0x00, 0x00, 0x00, 0x00, 0x00, 0x00, 0x00, 0x00, 0x00, 0x00, 0x00, 
  0x00, 0x00, 0x00, 0x00, 0x00, 0x00, 0x00, 0x00, 0x00, 0x00, 0x00, 0x00, 0x00, 0x00, 0x00, 0x00, 0x00, 0x00, 0x00, 0x00, 0x00, 0x00, 0x00, 0x00, 0x00, 0x00, 0x00, 0x00, 0x00, 0x00, 0x00, 0x00, 0x00, 0x00, 0x00, 0x00, 0x00, 0x00, 0x00, 0x00, 0x00, 0x00, 0x00, 0x00, 0x00, 0x00, 0x00, 0x00, 0x00, 0x00, 0x18, 0xe3, 0x18, 0xe3, 0x18, 0xe3, 0x18, 0xa2, 0x18, 0xc3, 0x18, 0xc3, 0x20, 0xc3, 0x20, 0xe4, 0x20, 0xe3, 0x20, 0xe3, 0x20, 0xe3, 0x21, 0x04, 0x00, 0x00, 0x00, 0x00, 0x00, 0x00, 0x00, 0x00, 0x00, 0x00, 0x00, 0x00, 0x00, 0x00, 0x00, 0x00, 0x00, 0x00, 0x00, 0x00, 0x00, 0x00, 0x00, 0x00, 0x00, 0x00, 0x00, 0x00, 0x00, 0x00, 0x00, 0x00, 0x00, 0x00, 
  0x00, 0x00, 0x00, 0x00, 0x00, 0x00, 0x00, 0x00, 0x00, 0x00, 0x00, 0x00, 0x00, 0x00, 0x00, 0x00, 0x00, 0x00, 0x00, 0x00, 0x00, 0x00, 0x00, 0x00, 0x00, 0x00, 0x00, 0x00, 0x00, 0x00, 0x00, 0x00, 0x00, 0x00, 0x00, 0x00, 0x00, 0x00, 0x00, 0x00, 0x00, 0x00, 0x00, 0x00, 0x00, 0x00, 0x00, 0x00, 0x00, 0x00, 0x18, 0xe3, 0x18, 0x62, 0x18, 0xc3, 0x18, 0xc3, 0x18, 0xc3, 0x20, 0xc3, 0x20, 0xc3, 0x20, 0xe3, 0x20, 0xe3, 0x20, 0xe3, 0x20, 0xe3, 0x21, 0x04, 0x00, 0x00, 0x00, 0x00, 0x00, 0x00, 0x00, 0x00, 0x00, 0x00, 0x00, 0x00, 0x00, 0x00, 0x00, 0x00, 0x00, 0x00, 0x00, 0x00, 0x00, 0x00, 0x00, 0x00, 0x00, 0x00, 0x00, 0x00, 0x00, 0x00, 0x00, 0x00, 0x00, 0x00, 
  0x00, 0x00, 0x00, 0x00, 0x00, 0x00, 0x00, 0x00, 0x00, 0x00, 0x00, 0x00, 0x00, 0x00, 0x00, 0x00, 0x00, 0x00, 0x00, 0x00, 0x00, 0x00, 0x00, 0x00, 0x00, 0x00, 0x00, 0x00, 0x00, 0x00, 0x00, 0x00, 0x00, 0x00, 0x00, 0x00, 0x00, 0x00, 0x00, 0x00, 0x00, 0x00, 0x00, 0x00, 0x00, 0x00, 0x00, 0x00, 0x00, 0x00, 0x00, 0x00, 0x00, 0x00, 0x10, 0xa2, 0x20, 0xe4, 0x18, 0xc3, 0x18, 0xa2, 0x18, 0xc3, 0x20, 0xe3, 0x20, 0xc3, 0x18, 0xe3, 0x20, 0xe4, 0x20, 0xe4, 0x00, 0x00, 0x00, 0x00, 0x00, 0x00, 0x00, 0x00, 0x00, 0x00, 0x00, 0x00, 0x00, 0x00, 0x00, 0x00, 0x00, 0x00, 0x00, 0x00, 0x00, 0x00, 0x00, 0x00, 0x00, 0x00, 0x00, 0x00, 0x00, 0x00, 0x00, 0x00, 0x00, 0x00, 
#endif
#if LV_COLOR_DEPTH == 32
  /*Pixel format: Fix 0xFF: 8 bit, Red: 8 bit, Green: 8 bit, Blue: 8 bit*/
  0x00, 0x00, 0x00, 0xff, 0x00, 0x00, 0x00, 0xff, 0x00, 0x00, 0x00, 0xff, 0x00, 0x00, 0x00, 0xff, 0x00, 0x00, 0x00, 0xff, 0x00, 0x00, 0x00, 0xff, 0x00, 0x00, 0x00, 0xff, 0x00, 0x00, 0x00, 0xff, 0x00, 0x00, 0x00, 0xff, 0x00, 0x00, 0x00, 0xff, 0x00, 0x00, 0x00, 0xff, 0x00, 0x00, 0x00, 0xff, 0x00, 0x00, 0x00, 0xff, 0x00, 0x00, 0x00, 0xff, 0x00, 0x00, 0x00, 0xff, 0x00, 0x00, 0x00, 0xff, 0x00, 0x00, 0x00, 0xff, 0x00, 0x00, 0x00, 0xff, 0x00, 0x00, 0x00, 0xff, 0x00, 0x00, 0x00, 0xff, 0x00, 0x00, 0x00, 0xff, 0x00, 0x00, 0x00, 0xff, 0x00, 0x00, 0x00, 0xff, 0x00, 0x00, 0x00, 0xff, 0x00, 0x00, 0x00, 0xff, 0x00, 0x00, 0x00, 0xff, 0x00, 0x00, 0x00, 0xff, 0x00, 0x00, 0x00, 0xff, 0x00, 0x00, 0x00, 0xff, 0x00, 0x00, 0x00, 0xff, 0x00, 0x00, 0x00, 0xff, 0x00, 0x00, 0x00, 0xff, 0x00, 0x00, 0x00, 0xff, 0x00, 0x00, 0x00, 0xff, 0x00, 0x00, 0x00, 0xff, 0x00, 0x00, 0x00, 0xff, 0x00, 0x00, 0x00, 0xff, 0x00, 0x00, 0x00, 0xff, 0x00, 0x00, 0x00, 0xff, 0x00, 0x00, 0x00, 0xff, 0x00, 0x00, 0x00, 0xff, 0x00, 0x00, 0x00, 0xff, 0x00, 0x00, 0x00, 0xff, 0x00, 0x00, 0x00, 0xff, 0x00, 0x00, 0x00, 0xff, 0x00, 0x00, 0x00, 0xff, 0x00, 0x00, 0x00, 0xff, 0x00, 0x00, 0x00, 0xff, 0x00, 0x00, 0x00, 0xff, 0x00, 0x00, 0x00, 0xff, 0x00, 0x00, 0x00, 0xff, 0x00, 0x00, 0x00, 0xff, 0x00, 0x00, 0x00, 0xff, 0x00, 0x00, 0x00, 0xff, 
  0x00, 0x00, 0x00, 0xff, 0x00, 0x00, 0x00, 0xff, 0x00, 0x00, 0x00, 0xff, 0x00, 0x00, 0x00, 0xff, 0x00, 0x00, 0x00, 0xff, 0x00, 0x00, 0x00, 0xff, 0x00, 0x00, 0x00, 0xff, 0x00, 0x00, 0x00, 0xff, 0x00, 0x00, 0x00, 0xff, 0x00, 0x00, 0x00, 0xff, 0x00, 0x00, 0x00, 0xff, 0x00, 0x00, 0x00, 0xff, 0x00, 0x00, 0x00, 0xff, 0x00, 0x00, 0x00, 0xff, 0x00, 0x00, 0x00, 0xff, 0x00, 0x00, 0x00, 0xff, 0x00, 0x00, 0x00, 0xff, 0x00, 0x00, 0x00, 0xff, 0x00, 0x00, 0x00, 0xff, 0x00, 0x00, 0x00, 0xff, 0x00, 0x00, 0x00, 0xff, 0x00, 0x00, 0x00, 0xff, 0x00, 0x00, 0x00, 0xff, 0x00, 0x00, 0x00, 0xff, 0x00, 0x00, 0x00, 0xff, 0x00, 0x00, 0x00, 0xff, 0x00, 0x00, 0x00, 0xff, 0x00, 0x00, 0x00, 0xff, 0x00, 0x00, 0x00, 0xff, 0x00, 0x00, 0x00, 0xff, 0x00, 0x00, 0x00, 0xff, 0x00, 0x00, 0x00, 0xff, 0x00, 0x00, 0x00, 0xff, 0x00, 0x00, 0x00, 0xff, 0x00, 0x00, 0x00, 0xff, 0x00, 0x00, 0x00, 0xff, 0x00, 0x00, 0x00, 0xff, 0x00, 0x00, 0x00, 0xff, 0x00, 0x80, 0x80, 0xff, 0x00, 0x00, 0x00, 0xff, 0x00, 0x00, 0x00, 0xff, 0x00, 0x00, 0x00, 0xff, 0x00, 0x00, 0x00, 0xff, 0x00, 0x00, 0x00, 0xff, 0x00, 0x00, 0x00, 0xff, 0x00, 0x00, 0x00, 0xff, 0x00, 0x00, 0x00, 0xff, 0x00, 0x00, 0x00, 0xff, 0x00, 0x00, 0x00, 0xff, 0x00, 0x00, 0x00, 0xff, 0x00, 0x00, 0x00, 0xff, 0x00, 0x00, 0x00, 0xff, 0x00, 0x00, 0x00, 0xff, 0x00, 0x00, 0x00, 0xff, 
  0x00, 0x00, 0x00, 0xff, 0x00, 0x00, 0x00, 0xff, 0x00, 0x00, 0x00, 0xff, 0x00, 0x00, 0x00, 0xff, 0x00, 0x00, 0x00, 0xff, 0x00, 0x00, 0x00, 0xff, 0x00, 0x00, 0x00, 0xff, 0x00, 0x00, 0x00, 0xff, 0x00, 0x00, 0x00, 0xff, 0x00, 0x00, 0x00, 0xff, 0x00, 0x00, 0x00, 0xff, 0x00, 0x00, 0x00, 0xff, 0x00, 0x00, 0x00, 0xff, 0x00, 0x00, 0x00, 0xff, 0x00, 0x00, 0x00, 0xff, 0x00, 0x00, 0x00, 0xff, 0x00, 0x00, 0x00, 0xff, 0x00, 0x00, 0x00, 0xff, 0x00, 0x00, 0x00, 0xff, 0x00, 0x00, 0x00, 0xff, 0x00, 0x00, 0x00, 0xff, 0x00, 0x00, 0x00, 0xff, 0x00, 0x00, 0x00, 0xff, 0x00, 0x00, 0x00, 0xff, 0x00, 0x00, 0x00, 0xff, 0x00, 0x00, 0x00, 0xff, 0x00, 0x00, 0x00, 0xff, 0x00, 0x00, 0x00, 0xff, 0x00, 0x00, 0x00, 0xff, 0x00, 0x00, 0x00, 0xff, 0x00, 0x00, 0x00, 0xff, 0x00, 0x00, 0x00, 0xff, 0x00, 0x00, 0x00, 0xff, 0x00, 0x00, 0x00, 0xff, 0x00, 0x00, 0x00, 0xff, 0x00, 0x00, 0x00, 0xff, 0x00, 0x00, 0x00, 0xff, 0x00, 0x00, 0x00, 0xff, 0x40, 0x40, 0x40, 0xff, 0x00, 0x00, 0x00, 0xff, 0x00, 0x00, 0x00, 0xff, 0x00, 0x00, 0x00, 0xff, 0x00, 0x00, 0x00, 0xff, 0x00, 0x00, 0x00, 0xff, 0x00, 0x00, 0x00, 0xff, 0x00, 0x00, 0x00, 0xff, 0x00, 0x00, 0x00, 0xff, 0x00, 0x00, 0x00, 0xff, 0x00, 0x00, 0x00, 0xff, 0x00, 0x00, 0x00, 0xff, 0x00, 0x00, 0x00, 0xff, 0x00, 0x00, 0x00, 0xff, 0x00, 0x00, 0x00, 0xff, 0x00, 0x00, 0x00, 0xff, 
  0x00, 0x00, 0x00, 0xff, 0x00, 0x00, 0x00, 0xff, 0x00, 0x00, 0x00, 0xff, 0x00, 0x00, 0x00, 0xff, 0x00, 0x00, 0x00, 0xff, 0x00, 0x00, 0x00, 0xff, 0x00, 0x00, 0x00, 0xff, 0x00, 0x00, 0x00, 0xff, 0x00, 0x00, 0x00, 0xff, 0x00, 0x00, 0x00, 0xff, 0x00, 0x00, 0x00, 0xff, 0x00, 0x00, 0x00, 0xff, 0x00, 0x00, 0x00, 0xff, 0x00, 0x00, 0x00, 0xff, 0x00, 0x00, 0x00, 0xff, 0x00, 0x00, 0x00, 0xff, 0x00, 0x00, 0x00, 0xff, 0x00, 0x00, 0x00, 0xff, 0x00, 0x00, 0x00, 0xff, 0x00, 0x00, 0x00, 0xff, 0x00, 0x00, 0x00, 0xff, 0x00, 0x00, 0x00, 0xff, 0x00, 0x00, 0x00, 0xff, 0x00, 0x00, 0x00, 0xff, 0x00, 0x00, 0x00, 0xff, 0x00, 0x00, 0x00, 0xff, 0x1a, 0x1a, 0x1a, 0xff, 0x10, 0x10, 0x10, 0xff, 0x0c, 0x0c, 0x18, 0xff, 0x13, 0x13, 0x1c, 0xff, 0x18, 0x18, 0x18, 0xff, 0x14, 0x14, 0x1b, 0xff, 0x18, 0x18, 0x18, 0xff, 0x1a, 0x1a, 0x1f, 0xff, 0x1c, 0x1c, 0x21, 0xff, 0x1a, 0x1e, 0x1e, 0xff, 0x18, 0x1d, 0x1d, 0xff, 0x00, 0x00, 0x00, 0xff, 0x55, 0x55, 0x80, 0xff, 0x80, 0x80, 0x80, 0xff, 0x00, 0x00, 0x00, 0xff, 0x00, 0x00, 0x00, 0xff, 0x00, 0x00, 0x00, 0xff, 0x00, 0x00, 0x00, 0xff, 0x00, 0x00, 0x00, 0xff, 0x00, 0x00, 0x00, 0xff, 0x00, 0x00, 0x00, 0xff, 0x00, 0x00, 0x00, 0xff, 0x00, 0x00, 0x00, 0xff, 0x00, 0x00, 0x00, 0xff, 0x00, 0x00, 0x00, 0xff, 0x00, 0x00, 0x00, 0xff, 0x00, 0x00, 0x00, 0xff, 0x00, 0x00, 0x00, 0xff, 
  0x00, 0x00, 0x00, 0xff, 0x00, 0x00, 0x00, 0xff, 0x00, 0x00, 0x00, 0xff, 0x00, 0x00, 0x00, 0xff, 0x00, 0x00, 0x00, 0xff, 0x00, 0x00, 0x00, 0xff, 0x00, 0x00, 0x00, 0xff, 0x00, 0x00, 0x00, 0xff, 0x00, 0x00, 0x00, 0xff, 0x00, 0x00, 0x00, 0xff, 0x00, 0x00, 0x00, 0xff, 0x00, 0x00, 0x00, 0xff, 0x00, 0x00, 0x00, 0xff, 0x00, 0x00, 0x00, 0xff, 0x00, 0x00, 0x00, 0xff, 0x00, 0x00, 0x00, 0xff, 0x00, 0x00, 0x00, 0xff, 0x00, 0x00, 0x00, 0xff, 0x00, 0x00, 0x00, 0xff, 0x00, 0x00, 0x00, 0xff, 0x00, 0x00, 0x00, 0xff, 0x00, 0x00, 0x00, 0xff, 0x00, 0x00, 0x00, 0xff, 0x00, 0x00, 0x00, 0xff, 0x00, 0x00, 0x00, 0xff, 0x1a, 0x1a, 0x1a, 0xff, 0x0d, 0x0d, 0x1a, 0xff, 0x19, 0x19, 0x19, 0xff, 0x19, 0x19, 0x19, 0xff, 0x19, 0x19, 0x19, 0xff, 0x19, 0x19, 0x1d, 0xff, 0x19, 0x19, 0x1c, 0xff, 0x19, 0x1c, 0x1c, 0xff, 0x1b, 0x1b, 0x1e, 0xff, 0x1b, 0x1b, 0x1e, 0xff, 0x1b, 0x1d, 0x1f, 0xff, 0x1c, 0x1e, 0x21, 0xff, 0x00, 0x00, 0x00, 0xff, 0x49, 0x6d, 0x6d, 0xff, 0x80, 0x80, 0x80, 0xff, 0x00, 0x00, 0x00, 0xff, 0x00, 0x00, 0x00, 0xff, 0x00, 0x00, 0x00, 0xff, 0x00, 0x00, 0x00, 0xff, 0x00, 0x00, 0x00, 0xff, 0x00, 0x00, 0x00, 0xff, 0x00, 0x00, 0x00, 0xff, 0x00, 0x00, 0x00, 0xff, 0x00, 0x00, 0x00, 0xff, 0x00, 0x00, 0x00, 0xff, 0x00, 0x00, 0x00, 0xff, 0x00, 0x00, 0x00, 0xff, 0x00, 0x00, 0x00, 0xff, 0x00, 0x00, 0x00, 0xff, 
  0x00, 0x00, 0x00, 0xff, 0x00, 0x00, 0x00, 0xff, 0x00, 0x00, 0x00, 0xff, 0x00, 0x00, 0x00, 0xff, 0x00, 0x00, 0x00, 0xff, 0x00, 0x00, 0x00, 0xff, 0x00, 0x00, 0x00, 0xff, 0x00, 0x00, 0x00, 0xff, 0x00, 0x00, 0x00, 0xff, 0x00, 0x00, 0x00, 0xff, 0x00, 0x00, 0x00, 0xff, 0x00, 0x00, 0x00, 0xff, 0x00, 0x00, 0x00, 0xff, 0x00, 0x00, 0x00, 0xff, 0x00, 0x00, 0x00, 0xff, 0x00, 0x00, 0x00, 0xff, 0x00, 0x00, 0x00, 0xff, 0x00, 0x00, 0x00, 0xff, 0x00, 0x00, 0x00, 0xff, 0x00, 0x00, 0x00, 0xff, 0x00, 0x00, 0x00, 0xff, 0x00, 0x00, 0x00, 0xff, 0x00, 0x00, 0x00, 0xff, 0x00, 0x00, 0x00, 0xff, 0x00, 0x00, 0x00, 0xff, 0x00, 0x00, 0x1a, 0xff, 0x0d, 0x0d, 0x0d, 0xff, 0x19, 0x19, 0x19, 0xff, 0x19, 0x19, 0x19, 0xff, 0x14, 0x14, 0x19, 0xff, 0x19, 0x19, 0x1d, 0xff, 0x19, 0x19, 0x1c, 0xff, 0x19, 0x1c, 0x1c, 0xff, 0x1b, 0x1b, 0x1e, 0xff, 0x1b, 0x1b, 0x1e, 0xff, 0x1d, 0x1d, 0x1f, 0xff, 0x1b, 0x1e, 0x20, 0xff, 0x00, 0x00, 0x00, 0xff, 0x55, 0x55, 0x71, 0xff, 0x55, 0x55, 0x55, 0xff, 0x00, 0x00, 0x00, 0xff, 0x00, 0x00, 0x00, 0xff, 0x00, 0x00, 0x00, 0xff, 0x00, 0x00, 0x00, 0xff, 0x00, 0x00, 0x00, 0xff, 0x00, 0x00, 0x00, 0xff, 0x00, 0x00, 0x00, 0xff, 0x00, 0x00, 0x00, 0xff, 0x00, 0x00, 0x00, 0xff, 0x00, 0x00, 0x00, 0xff, 0x00, 0x00, 0x00, 0xff, 0x00, 0x00, 0x00, 0xff, 0x00, 0x00, 0x00, 0xff, 0x00, 0x00, 0x00, 0xff, 
  0x00, 0x00, 0x00, 0xff, 0x00, 0x00, 0x00, 0xff, 0x00, 0x00, 0x00, 0xff, 0x00, 0x00, 0x00, 0xff, 0x00, 0x00, 0x00, 0xff, 0x00, 0x00, 0x00, 0xff, 0x00, 0x00, 0x00, 0xff, 0x00, 0x00, 0x00, 0xff, 0x00, 0x00, 0x00, 0xff, 0x00, 0x00, 0x00, 0xff, 0x00, 0x00, 0x00, 0xff, 0x00, 0x00, 0x00, 0xff, 0x00, 0x00, 0x00, 0xff, 0x00, 0x00, 0x00, 0xff, 0x00, 0x00, 0x00, 0xff, 0x00, 0x00, 0x00, 0xff, 0x00, 0x00, 0x00, 0xff, 0x00, 0x00, 0x00, 0xff, 0x00, 0x00, 0x00, 0xff, 0x00, 0x00, 0x00, 0xff, 0x00, 0x00, 0x00, 0xff, 0x00, 0x00, 0x00, 0xff, 0x00, 0x00, 0x00, 0xff, 0x00, 0x00, 0x00, 0xff, 0x00, 0x00, 0x00, 0xff, 0x1c, 0x1c, 0x1c, 0xff, 0x1a, 0x1a, 0x1a, 0xff, 0x11, 0x11, 0x1a, 0xff, 0x19, 0x19, 0x19, 0xff, 0x19, 0x19, 0x19, 0xff, 0x19, 0x19, 0x19, 0xff, 0x19, 0x19, 0x1c, 0xff, 0x19, 0x19, 0x1c, 0xff, 0x1b, 0x1b, 0x1e, 0xff, 0x1b, 0x1b, 0x1e, 0xff, 0x1b, 0x1d, 0x1f, 0xff, 0x1b, 0x1e, 0x20, 0xff, 0x00, 0x00, 0x00, 0xff, 0x46, 0x5d, 0x74, 0xff, 0x40, 0x40, 0x80, 0xff, 0x00, 0x00, 0x00, 0xff, 0x00, 0x00, 0x00, 0xff, 0x00, 0x00, 0x00, 0xff, 0x00, 0x00, 0x00, 0xff, 0x00, 0x00, 0x00, 0xff, 0x00, 0x00, 0x00, 0xff, 0x00, 0x00, 0x00, 0xff, 0x00, 0x00, 0x00, 0xff, 0x00, 0x00, 0x00, 0xff, 0x00, 0x00, 0x00, 0xff, 0x00, 0x00, 0x00, 0xff, 0x00, 0x00, 0x00, 0xff, 0x00, 0x00, 0x00, 0xff, 0x00, 0x00, 0x00, 0xff, 
  0x00, 0x00, 0x00, 0xff, 0x00, 0x00, 0x00, 0xff, 0x00, 0x00, 0x00, 0xff, 0x00, 0x00, 0x00, 0xff, 0x00, 0x00, 0x00, 0xff, 0x00, 0x00, 0x00, 0xff, 0x00, 0x00, 0x00, 0xff, 0x00, 0x00, 0x00, 0xff, 0x00, 0x00, 0x00, 0xff, 0x00, 0x00, 0x00, 0xff, 0x00, 0x00, 0x00, 0xff, 0x00, 0x00, 0x00, 0xff, 0x00, 0x00, 0x00, 0xff, 0x00, 0x00, 0x00, 0xff, 0x00, 0x00, 0x00, 0xff, 0x00, 0x00, 0x00, 0xff, 0x00, 0x00, 0x00, 0xff, 0x00, 0x00, 0x00, 0xff, 0x00, 0x00, 0x00, 0xff, 0x00, 0x00, 0x00, 0xff, 0x00, 0x00, 0x00, 0xff, 0x00, 0x00, 0x00, 0xff, 0x00, 0x00, 0x00, 0xff, 0x00, 0x00, 0x00, 0xff, 0x00, 0x00, 0x00, 0xff, 0x00, 0x00, 0x00, 0xff, 0x1a, 0x1a, 0x1a, 0xff, 0x19, 0x19, 0x19, 0xff, 0x13, 0x13, 0x19, 0xff, 0x19, 0x19, 0x19, 0xff, 0x19, 0x19, 0x1d, 0xff, 0x19, 0x19, 0x1c, 0xff, 0x19, 0x19, 0x1c, 0xff, 0x1b, 0x1b, 0x1e, 0xff, 0x1b, 0x1e, 0x20, 0xff, 0x1b, 0x1d, 0x1f, 0xff, 0x1c, 0x1e, 0x1e, 0xff, 0x00, 0x00, 0x00, 0xff, 0x4e, 0x62, 0x76, 0xff, 0x33, 0x66, 0x66, 0xff, 0x00, 0x00, 0x00, 0xff, 0x00, 0x00, 0x00, 0xff, 0x00, 0x00, 0x00, 0xff, 0x00, 0x00, 0x00, 0xff, 0x00, 0x00, 0x00, 0xff, 0x00, 0x00, 0x00, 0xff, 0x00, 0x00, 0x00, 0xff, 0x00, 0x00, 0x00, 0xff, 0x00, 0x00, 0x00, 0xff, 0x00, 0x00, 0x00, 0xff, 0x00, 0x00, 0x00, 0xff, 0x00, 0x00, 0x00, 0xff, 0x00, 0x00, 0x00, 0xff, 0x00, 0x00, 0x00, 0xff, 
  0x00, 0x00, 0x00, 0xff, 0x00, 0x00, 0x00, 0xff, 0x00, 0x00, 0x00, 0xff, 0x00, 0x00, 0x00, 0xff, 0x00, 0x00, 0x00, 0xff, 0x00, 0x00, 0x00, 0xff, 0x00, 0x00, 0x00, 0xff, 0x00, 0x00, 0x00, 0xff, 0x00, 0x00, 0x00, 0xff, 0x00, 0x00, 0x00, 0xff, 0x00, 0x00, 0x00, 0xff, 0x00, 0x00, 0x00, 0xff, 0x00, 0x00, 0x00, 0xff, 0x00, 0x00, 0x00, 0xff, 0x00, 0x00, 0x00, 0xff, 0x00, 0x00, 0x00, 0xff, 0x00, 0x00, 0x00, 0xff, 0x00, 0x00, 0x00, 0xff, 0x00, 0x00, 0x00, 0xff, 0x00, 0x00, 0x00, 0xff, 0x00, 0x00, 0x00, 0xff, 0x00, 0x00, 0x00, 0xff, 0x00, 0x00, 0x00, 0xff, 0x00, 0x00, 0x00, 0xff, 0x00, 0x00, 0x00, 0xff, 0x1a, 0x1a, 0x1a, 0xff, 0x0d, 0x0d, 0x1a, 0xff, 0x11, 0x11, 0x1a, 0xff, 0x19, 0x19, 0x19, 0xff, 0x19, 0x19, 0x19, 0xff, 0x19, 0x19, 0x19, 0xff, 0x19, 0x19, 0x1c, 0xff, 0x19, 0x1c, 0x1c, 0xff, 0x1b, 0x1b, 0x1e, 0xff, 0x1b, 0x1b, 0x1e, 0xff, 0x1b, 0x1d, 0x1f, 0xff, 0x1b, 0x1e, 0x20, 0xff, 0x00, 0x00, 0x00, 0xff, 0x55, 0x66, 0x66, 0xff, 0x66, 0x66, 0x66, 0xff, 0x00, 0x00, 0x00, 0xff, 0x00, 0x00, 0x00, 0xff, 0x00, 0x00, 0x00, 0xff, 0x00, 0x00, 0x00, 0xff, 0x00, 0x00, 0x00, 0xff, 0x00, 0x00, 0x00, 0xff, 0x00, 0x00, 0x00, 0xff, 0x00, 0x00, 0x00, 0xff, 0x00, 0x00, 0x00, 0xff, 0x00, 0x00, 0x00, 0xff, 0x00, 0x00, 0x00, 0xff, 0x00, 0x00, 0x00, 0xff, 0x00, 0x00, 0x00, 0xff, 0x00, 0x00, 0x00, 0xff, 
  0x00, 0x00, 0x00, 0xff, 0x00, 0x00, 0x00, 0xff, 0x00, 0x00, 0x00, 0xff, 0x00, 0x00, 0x00, 0xff, 0x00, 0x00, 0x00, 0xff, 0x00, 0x00, 0x00, 0xff, 0x00, 0x00, 0x00, 0xff, 0x00, 0x00, 0x00, 0xff, 0x00, 0x00, 0x00, 0xff, 0x00, 0x00, 0x00, 0xff, 0x00, 0x00, 0x00, 0xff, 0x00, 0x00, 0x00, 0xff, 0x00, 0x00, 0x00, 0xff, 0x00, 0x00, 0x00, 0xff, 0x00, 0x00, 0x00, 0xff, 0x00, 0x00, 0x00, 0xff, 0x00, 0x00, 0x00, 0xff, 0x00, 0x00, 0x00, 0xff, 0x00, 0x00, 0x00, 0xff, 0x00, 0x00, 0x00, 0xff, 0x00, 0x00, 0x00, 0xff, 0x00, 0x00, 0x00, 0xff, 0x00, 0x00, 0x00, 0xff, 0x00, 0x00, 0x00, 0xff, 0x00, 0x00, 0x00, 0xff, 0x00, 0x00, 0x1a, 0xff, 0x0d, 0x0d, 0x0d, 0xff, 0x19, 0x19, 0x19, 0xff, 0x19, 0x19, 0x19, 0xff, 0x19, 0x19, 0x19, 0xff, 0x19, 0x19, 0x19, 0xff, 0x19, 0x19, 0x1c, 0xff, 0x19, 0x1c, 0x1c, 0xff, 0x1b, 0x1b, 0x1e, 0xff, 0x1b, 0x1b, 0x1e, 0xff, 0x1b, 0x1d, 0x1f, 0xff, 0x1b, 0x1e, 0x20, 0xff, 0x00, 0x00, 0x00, 0xff, 0x4b, 0x5a, 0x69, 0xff, 0x55, 0x55, 0x55, 0xff, 0x00, 0x00, 0x00, 0xff, 0x00, 0x00, 0x00, 0xff, 0x00, 0x00, 0x00, 0xff, 0x00, 0x00, 0x00, 0xff, 0x00, 0x00, 0x00, 0xff, 0x00, 0x00, 0x00, 0xff, 0x00, 0x00, 0x00, 0xff, 0x00, 0x00, 0x00, 0xff, 0x00, 0x00, 0x00, 0xff, 0x00, 0x00, 0x00, 0xff, 0x00, 0x00, 0x00, 0xff, 0x00, 0x00, 0x00, 0xff, 0x00, 0x00, 0x00, 0xff, 0x00, 0x00, 0x00, 0xff, 
  0x00, 0x00, 0x00, 0xff, 0x00, 0x00, 0x00, 0xff, 0x00, 0x00, 0x00, 0xff, 0x00, 0x00, 0x00, 0xff, 0x00, 0x00, 0x00, 0xff, 0x00, 0x00, 0x00, 0xff, 0x00, 0x00, 0x00, 0xff, 0x00, 0x00, 0x00, 0xff, 0x00, 0x00, 0x00, 0xff, 0x00, 0x00, 0x00, 0xff, 0x00, 0x00, 0x00, 0xff, 0x00, 0x00, 0x00, 0xff, 0x00, 0x00, 0x00, 0xff, 0x00, 0x00, 0x00, 0xff, 0x00, 0x00, 0x00, 0xff, 0x00, 0x00, 0x00, 0xff, 0x00, 0x00, 0x00, 0xff, 0x00, 0x00, 0x00, 0xff, 0x00, 0x00, 0x00, 0xff, 0x00, 0x00, 0x00, 0xff, 0x00, 0x00, 0x00, 0xff, 0x00, 0x00, 0x00, 0xff, 0x00, 0x00, 0x00, 0xff, 0x00, 0x00, 0x00, 0xff, 0x00, 0x00, 0x00, 0xff, 0x00, 0x00, 0x00, 0xff, 0x1a, 0x1a, 0x1a, 0xff, 0x19, 0x19, 0x19, 0xff, 0x19, 0x19, 0x19, 0xff, 0x14, 0x14, 0x19, 0xff, 0x19, 0x19, 0x1d, 0xff, 0x19, 0x19, 0x1c, 0xff, 0x19, 0x1c, 0x1c, 0xff, 0x19, 0x1b, 0x1b, 0xff, 0x1b, 0x1e, 0x20, 0xff, 0x1b, 0x1d, 0x1f, 0xff, 0x1b, 0x1e, 0x20, 0xff, 0x00, 0x00, 0x00, 0xff, 0x55, 0x63, 0x71, 0xff, 0x49, 0x49, 0x6d, 0xff, 0x00, 0x00, 0x00, 0xff, 0x00, 0x00, 0x00, 0xff, 0x00, 0x00, 0x00, 0xff, 0x00, 0x00, 0x00, 0xff, 0x00, 0x00, 0x00, 0xff, 0x00, 0x00, 0x00, 0xff, 0x00, 0x00, 0x00, 0xff, 0x00, 0x00, 0x00, 0xff, 0x00, 0x00, 0x00, 0xff, 0x00, 0x00, 0x00, 0xff, 0x00, 0x00, 0x00, 0xff, 0x00, 0x00, 0x00, 0xff, 0x00, 0x00, 0x00, 0xff, 0x00, 0x00, 0x00, 0xff, 
  0x00, 0x00, 0x00, 0xff, 0x00, 0x00, 0x00, 0xff, 0x00, 0x00, 0x00, 0xff, 0x00, 0x00, 0x00, 0xff, 0x00, 0x00, 0x00, 0xff, 0x00, 0x00, 0x00, 0xff, 0x00, 0x00, 0x00, 0xff, 0x00, 0x00, 0x00, 0xff, 0x00, 0x00, 0x00, 0xff, 0x00, 0x00, 0x00, 0xff, 0x00, 0x00, 0x00, 0xff, 0x00, 0x00, 0x00, 0xff, 0x00, 0x00, 0x00, 0xff, 0x00, 0x00, 0x00, 0xff, 0x00, 0x00, 0x00, 0xff, 0x00, 0x00, 0x00, 0xff, 0x00, 0x00, 0x00, 0xff, 0x00, 0x00, 0x00, 0xff, 0x00, 0x00, 0x00, 0xff, 0x00, 0x00, 0x00, 0xff, 0x00, 0x00, 0x00, 0xff, 0x00, 0x00, 0x00, 0xff, 0x00, 0x00, 0x00, 0xff, 0x00, 0x00, 0x00, 0xff, 0x00, 0x00, 0x00, 0xff, 0x1a, 0x1a, 0x1a, 0xff, 0x1a, 0x1a, 0x1a, 0xff, 0x1a, 0x1a, 0x1a, 0xff, 0x13, 0x13, 0x19, 0xff, 0x19, 0x19, 0x19, 0xff, 0x19, 0x19, 0x19, 0xff, 0x19, 0x19, 0x1c, 0xff, 0x1c, 0x1c, 0x1c, 0xff, 0x1b, 0x1b, 0x1e, 0xff, 0x1b, 0x1b, 0x1e, 0xff, 0x1b, 0x1d, 0x1f, 0xff, 0x1c, 0x1e, 0x21, 0xff, 0x00, 0x00, 0x00, 0xff, 0x59, 0x66, 0x73, 0xff, 0x49, 0x6d, 0x6d, 0xff, 0x00, 0x00, 0x00, 0xff, 0x00, 0x00, 0x00, 0xff, 0x00, 0x00, 0x00, 0xff, 0x00, 0x00, 0x00, 0xff, 0x00, 0x00, 0x00, 0xff, 0x00, 0x00, 0x00, 0xff, 0x00, 0x00, 0x00, 0xff, 0x00, 0x00, 0x00, 0xff, 0x00, 0x00, 0x00, 0xff, 0x00, 0x00, 0x00, 0xff, 0x00, 0x00, 0x00, 0xff, 0x00, 0x00, 0x00, 0xff, 0x00, 0x00, 0x00, 0xff, 0x00, 0x00, 0x00, 0xff, 
  0x00, 0x00, 0x00, 0xff, 0x00, 0x00, 0x00, 0xff, 0x00, 0x00, 0x00, 0xff, 0x00, 0x00, 0x00, 0xff, 0x00, 0x00, 0x00, 0xff, 0x00, 0x00, 0x00, 0xff, 0x00, 0x00, 0x00, 0xff, 0x00, 0x00, 0x00, 0xff, 0x00, 0x00, 0x00, 0xff, 0x00, 0x00, 0x00, 0xff, 0x00, 0x00, 0x00, 0xff, 0x00, 0x00, 0x00, 0xff, 0x00, 0x00, 0x00, 0xff, 0x00, 0x00, 0x00, 0xff, 0x00, 0x00, 0x00, 0xff, 0x00, 0x00, 0x00, 0xff, 0x00, 0x00, 0x00, 0xff, 0x00, 0x00, 0x00, 0xff, 0x00, 0x00, 0x00, 0xff, 0x00, 0x00, 0x00, 0xff, 0x00, 0x00, 0x00, 0xff, 0x00, 0x00, 0x00, 0xff, 0x00, 0x00, 0x00, 0xff, 0x00, 0x00, 0x00, 0xff, 0x00, 0x00, 0x00, 0xff, 0x1a, 0x1a, 0x1a, 0xff, 0x0d, 0x0d, 0x1a, 0xff, 0x19, 0x19, 0x19, 0xff, 0x19, 0x19, 0x19, 0xff, 0x19, 0x19, 0x19, 0xff, 0x19, 0x19, 0x1d, 0xff, 0x19, 0x19, 0x1c, 0xff, 0x19, 0x1c, 0x1c, 0xff, 0x1b, 0x1b, 0x1e, 0xff, 0x1b, 0x1b, 0x1e, 0xff, 0x1b, 0x1d, 0x1f, 0xff, 0x1c, 0x1e, 0x21, 0xff, 0x00, 0x00, 0x00, 0xff, 0x5d, 0x5d, 0x74, 0xff, 0x60, 0x60, 0x80, 0xff, 0x00, 0x00, 0x00, 0xff, 0x00, 0x00, 0x00, 0xff, 0x00, 0x00, 0x00, 0xff, 0x00, 0x00, 0x00, 0xff, 0x00, 0x00, 0x00, 0xff, 0x00, 0x00, 0x00, 0xff, 0x00, 0x00, 0x00, 0xff, 0x00, 0x00, 0x00, 0xff, 0x00, 0x00, 0x00, 0xff, 0x00, 0x00, 0x00, 0xff, 0x00, 0x00, 0x00, 0xff, 0x00, 0x00, 0x00, 0xff, 0x00, 0x00, 0x00, 0xff, 0x00, 0x00, 0x00, 0xff, 
  0x00, 0x00, 0x00, 0xff, 0x00, 0x00, 0x00, 0xff, 0x00, 0x00, 0x00, 0xff, 0x00, 0x00, 0x00, 0xff, 0x00, 0x00, 0x00, 0xff, 0x00, 0x00, 0x00, 0xff, 0x00, 0x00, 0x00, 0xff, 0x00, 0x00, 0x00, 0xff, 0x00, 0x00, 0x00, 0xff, 0x00, 0x00, 0x00, 0xff, 0x00, 0x00, 0x00, 0xff, 0x00, 0x00, 0x00, 0xff, 0x00, 0x00, 0x00, 0xff, 0x00, 0x00, 0x00, 0xff, 0x00, 0x00, 0x00, 0xff, 0x00, 0x00, 0x00, 0xff, 0x00, 0x00, 0x00, 0xff, 0x00, 0x00, 0x00, 0xff, 0x00, 0x00, 0x00, 0xff, 0x00, 0x00, 0x00, 0xff, 0x00, 0x00, 0x00, 0xff, 0x00, 0x00, 0x00, 0xff, 0x00, 0x00, 0x00, 0xff, 0x00, 0x00, 0x00, 0xff, 0x00, 0x00, 0x00, 0xff, 0x00, 0x00, 0x1a, 0xff, 0x0d, 0x0d, 0x0d, 0xff, 0x19, 0x19, 0x19, 0xff, 0x19, 0x19, 0x19, 0xff, 0x14, 0x14, 0x19, 0xff, 0x19, 0x19, 0x1d, 0xff, 0x19, 0x19, 0x1c, 0xff, 0x19, 0x1c, 0x1c, 0xff, 0x1b, 0x1b, 0x1e, 0xff, 0x1b, 0x1b, 0x1e, 0xff, 0x1d, 0x1d, 0x1f, 0xff, 0x1b, 0x1e, 0x20, 0xff, 0x00, 0x00, 0x00, 0xff, 0x55, 0x60, 0x6a, 0xff, 0x4d, 0x66, 0x66, 0xff, 0x00, 0x00, 0x00, 0xff, 0x00, 0x00, 0x00, 0xff, 0x00, 0x00, 0x00, 0xff, 0x00, 0x00, 0x00, 0xff, 0x00, 0x00, 0x00, 0xff, 0x00, 0x00, 0x00, 0xff, 0x00, 0x00, 0x00, 0xff, 0x00, 0x00, 0x00, 0xff, 0x00, 0x00, 0x00, 0xff, 0x00, 0x00, 0x00, 0xff, 0x00, 0x00, 0x00, 0xff, 0x00, 0x00, 0x00, 0xff, 0x00, 0x00, 0x00, 0xff, 0x00, 0x00, 0x00, 0xff, 
  0x00, 0x00, 0x00, 0xff, 0x00, 0x00, 0x00, 0xff, 0x00, 0x00, 0x00, 0xff, 0x00, 0x00, 0x00, 0xff, 0x00, 0x00, 0x00, 0xff, 0x00, 0x00, 0x00, 0xff, 0x00, 0x00, 0x00, 0xff, 0x00, 0x00, 0x00, 0xff, 0x00, 0x00, 0x00, 0xff, 0x00, 0x00, 0x00, 0xff, 0x00, 0x00, 0x00, 0xff, 0x00, 0x00, 0x00, 0xff, 0x00, 0x00, 0x00, 0xff, 0x00, 0x00, 0x00, 0xff, 0x00, 0x00, 0x00, 0xff, 0x00, 0x00, 0x00, 0xff, 0x00, 0x00, 0x00, 0xff, 0x00, 0x00, 0x00, 0xff, 0x00, 0x00, 0x00, 0xff, 0x00, 0x00, 0x00, 0xff, 0x00, 0x00, 0x00, 0xff, 0x00, 0x00, 0x00, 0xff, 0x00, 0x00, 0x00, 0xff, 0x00, 0x00, 0x00, 0xff, 0x00, 0x00, 0x00, 0xff, 0x1c, 0x1c, 0x1c, 0xff, 0x1a, 0x1a, 0x1a, 0xff, 0x11, 0x11, 0x1a, 0xff, 0x19, 0x19, 0x19, 0xff, 0x19, 0x19, 0x19, 0xff, 0x19, 0x19, 0x19, 0xff, 0x19, 0x19, 0x1c, 0xff, 0x19, 0x19, 0x1c, 0xff, 0x1b, 0x1b, 0x1e, 0xff, 0x1b, 0x1b, 0x1e, 0xff, 0x1b, 0x1d, 0x1f, 0xff, 0x1b, 0x1e, 0x20, 0xff, 0x00, 0x00, 0x00, 0xff, 0x5d, 0x5d, 0x74, 0xff, 0x58, 0x68, 0x70, 0xff, 0x55, 0x55, 0x55, 0xff, 0x00, 0x00, 0x00, 0xff, 0x00, 0x00, 0x00, 0xff, 0x00, 0x00, 0x00, 0xff, 0x00, 0x00, 0x00, 0xff, 0x00, 0x00, 0x00, 0xff, 0x00, 0x00, 0x00, 0xff, 0x00, 0x00, 0x00, 0xff, 0x00, 0x00, 0x00, 0xff, 0x00, 0x00, 0x00, 0xff, 0x00, 0x00, 0x00, 0xff, 0x00, 0x00, 0x00, 0xff, 0x00, 0x00, 0x00, 0xff, 0x00, 0x00, 0x00, 0xff, 
  0x00, 0x00, 0x00, 0xff, 0x00, 0x00, 0x00, 0xff, 0x00, 0x00, 0x00, 0xff, 0x00, 0x00, 0x00, 0xff, 0x00, 0x00, 0x00, 0xff, 0x00, 0x00, 0x00, 0xff, 0x00, 0x00, 0x00, 0xff, 0x00, 0x00, 0x00, 0xff, 0x00, 0x00, 0x00, 0xff, 0x00, 0x00, 0x00, 0xff, 0x00, 0x00, 0x00, 0xff, 0x00, 0x00, 0x00, 0xff, 0x00, 0x00, 0x00, 0xff, 0x00, 0x00, 0x00, 0xff, 0x00, 0x00, 0x00, 0xff, 0x00, 0x00, 0x00, 0xff, 0x00, 0x00, 0x00, 0xff, 0x00, 0x00, 0x00, 0xff, 0x00, 0x00, 0x00, 0xff, 0x00, 0x00, 0x00, 0xff, 0x00, 0x00, 0x00, 0xff, 0x00, 0x00, 0x00, 0xff, 0x00, 0x00, 0x00, 0xff, 0x00, 0x00, 0x00, 0xff, 0x00, 0x00, 0x00, 0xff, 0x00, 0x00, 0x00, 0xff, 0x1a, 0x1a, 0x1a, 0xff, 0x19, 0x19, 0x19, 0xff, 0x13, 0x13, 0x19, 0xff, 0x19, 0x19, 0x19, 0xff, 0x19, 0x19, 0x1d, 0xff, 0x19, 0x19, 0x1c, 0xff, 0x19, 0x19, 0x1c, 0xff, 0x1b, 0x1b, 0x1e, 0xff, 0x1b, 0x1e, 0x20, 0xff, 0x1b, 0x1d, 0x1f, 0xff, 0x1c, 0x1e, 0x1e, 0xff, 0x00, 0x00, 0x00, 0xff, 0x00, 0x00, 0x00, 0xff, 0x55, 0x6a, 0x6a, 0xff, 0x52, 0x62, 0x70, 0xff, 0x49, 0x49, 0x49, 0xff, 0x00, 0x00, 0x00, 0xff, 0x00, 0x00, 0x00, 0xff, 0x00, 0x00, 0x00, 0xff, 0x00, 0x00, 0x00, 0xff, 0x00, 0x00, 0x00, 0xff, 0x00, 0x00, 0x00, 0xff, 0x00, 0x00, 0x00, 0xff, 0x00, 0x00, 0x00, 0xff, 0x00, 0x00, 0x00, 0xff, 0x00, 0x00, 0x00, 0xff, 0x00, 0x00, 0x00, 0xff, 0x00, 0x00, 0x00, 0xff, 
  0x00, 0x00, 0x00, 0xff, 0x00, 0x00, 0x00, 0xff, 0x00, 0x00, 0x00, 0xff, 0x00, 0x00, 0x00, 0xff, 0x00, 0x00, 0x00, 0xff, 0x00, 0x00, 0x00, 0xff, 0x00, 0x00, 0x00, 0xff, 0x00, 0x00, 0x00, 0xff, 0x00, 0x00, 0x00, 0xff, 0x00, 0x00, 0x00, 0xff, 0x00, 0x00, 0x00, 0xff, 0x00, 0x00, 0x00, 0xff, 0x00, 0x00, 0x00, 0xff, 0x00, 0x00, 0x00, 0xff, 0x00, 0x00, 0x00, 0xff, 0x00, 0x00, 0x00, 0xff, 0x00, 0x00, 0x00, 0xff, 0x00, 0x00, 0x00, 0xff, 0x00, 0x00, 0x00, 0xff, 0x00, 0x00, 0x00, 0xff, 0x00, 0x00, 0x00, 0xff, 0x00, 0x00, 0x00, 0xff, 0x00, 0x00, 0x00, 0xff, 0x00, 0x00, 0x00, 0xff, 0x00, 0x00, 0x00, 0xff, 0x1a, 0x1a, 0x1a, 0xff, 0x0d, 0x0d, 0x1a, 0xff, 0x11, 0x11, 0x1a, 0xff, 0x19, 0x19, 0x19, 0xff, 0x19, 0x19, 0x19, 0xff, 0x19, 0x19, 0x19, 0xff, 0x19, 0x19, 0x1c, 0xff, 0x19, 0x1c, 0x1c, 0xff, 0x1b, 0x1b, 0x1e, 0xff, 0x1b, 0x1b, 0x1e, 0xff, 0x1b, 0x1d, 0x1f, 0xff, 0x1c, 0x1e, 0x20, 0xff, 0x1d, 0x1d, 0x1d, 0xff, 0x00, 0x00, 0x00, 0xff, 0x00, 0x00, 0x00, 0xff, 0x4e, 0x62, 0x76, 0xff, 0x55, 0x63, 0x71, 0xff, 0x49, 0x49, 0x6d, 0xff, 0x00, 0x00, 0x00, 0xff, 0x00, 0x00, 0x00, 0xff, 0x00, 0x00, 0x00, 0xff, 0x00, 0x00, 0x00, 0xff, 0x00, 0x00, 0x00, 0xff, 0x00, 0x00, 0x00, 0xff, 0x00, 0x00, 0x00, 0xff, 0x00, 0x00, 0x00, 0xff, 0x00, 0x00, 0x00, 0xff, 0x00, 0x00, 0x00, 0xff, 0x00, 0x00, 0x00, 0xff, 
  0x00, 0x00, 0x00, 0xff, 0x00, 0x00, 0x00, 0xff, 0x00, 0x00, 0x00, 0xff, 0x00, 0x00, 0x00, 0xff, 0x00, 0x00, 0x00, 0xff, 0x00, 0x00, 0x00, 0xff, 0x00, 0x00, 0x00, 0xff, 0x00, 0x00, 0x00, 0xff, 0x00, 0x00, 0x00, 0xff, 0x00, 0x00, 0x00, 0xff, 0x00, 0x00, 0x00, 0xff, 0x00, 0x00, 0x00, 0xff, 0x00, 0x00, 0x00, 0xff, 0x00, 0x00, 0x00, 0xff, 0x00, 0x00, 0x00, 0xff, 0x00, 0x00, 0x00, 0xff, 0x00, 0x00, 0x00, 0xff, 0x00, 0x00, 0x00, 0xff, 0x00, 0x00, 0x00, 0xff, 0x00, 0x00, 0x00, 0xff, 0x00, 0x00, 0x00, 0xff, 0x00, 0x00, 0x00, 0xff, 0x00, 0x00, 0x00, 0xff, 0x00, 0x00, 0x00, 0xff, 0x00, 0x00, 0x00, 0xff, 0x00, 0x00, 0x1a, 0xff, 0x0d, 0x0d, 0x0d, 0xff, 0x19, 0x19, 0x19, 0xff, 0x19, 0x19, 0x19, 0xff, 0x19, 0x19, 0x19, 0xff, 0x19, 0x19, 0x19, 0xff, 0x19, 0x19, 0x1c, 0xff, 0x19, 0x1c, 0x1c, 0xff, 0x1b, 0x1b, 0x1e, 0xff, 0x1b, 0x1b, 0x1e, 0xff, 0x1b, 0x1d, 0x1f, 0xff, 0x1d, 0x1d, 0x21, 0xff, 0x1b, 0x1d, 0x21, 0xff, 0x1e, 0x1e, 0x1e, 0xff, 0x00, 0x00, 0x00, 0xff, 0x00, 0x00, 0x00, 0xff, 0x49, 0x5b, 0x6d, 0xff, 0x57, 0x65, 0x72, 0xff, 0x49, 0x49, 0x6d, 0xff, 0x00, 0x00, 0x00, 0xff, 0x00, 0x00, 0x00, 0xff, 0x00, 0x00, 0x00, 0xff, 0x00, 0x00, 0x00, 0xff, 0x00, 0x00, 0x00, 0xff, 0x00, 0x00, 0x00, 0xff, 0x00, 0x00, 0x00, 0xff, 0x00, 0x00, 0x00, 0xff, 0x00, 0x00, 0x00, 0xff, 0x00, 0x00, 0x00, 0xff, 
  0x00, 0x00, 0x00, 0xff, 0x00, 0x00, 0x00, 0xff, 0x00, 0x00, 0x00, 0xff, 0x00, 0x00, 0x00, 0xff, 0x00, 0x00, 0x00, 0xff, 0x00, 0x00, 0x00, 0xff, 0x00, 0x00, 0x00, 0xff, 0x00, 0x00, 0x00, 0xff, 0x00, 0x00, 0x00, 0xff, 0x00, 0x00, 0x00, 0xff, 0x00, 0x00, 0x00, 0xff, 0x00, 0x00, 0x00, 0xff, 0x00, 0x00, 0x00, 0xff, 0x00, 0x00, 0x00, 0xff, 0x00, 0x00, 0x00, 0xff, 0x00, 0x00, 0x00, 0xff, 0x00, 0x00, 0x00, 0xff, 0x00, 0x00, 0x00, 0xff, 0x00, 0x00, 0x00, 0xff, 0x00, 0x00, 0x00, 0xff, 0x00, 0x00, 0x00, 0xff, 0x00, 0x00, 0x00, 0xff, 0x00, 0x00, 0x00, 0xff, 0x00, 0x00, 0x00, 0xff, 0x00, 0x00, 0x00, 0xff, 0x00, 0x00, 0x00, 0xff, 0x1a, 0x1a, 0x1a, 0xff, 0x19, 0x19, 0x19, 0xff, 0x19, 0x19, 0x19, 0xff, 0x14, 0x14, 0x19, 0xff, 0x19, 0x19, 0x1d, 0xff, 0x19, 0x19, 0x1c, 0xff, 0x19, 0x1c, 0x1c, 0xff, 0x19, 0x1b, 0x1b, 0xff, 0x1b, 0x1e, 0x20, 0xff, 0x1b, 0x1d, 0x1f, 0xff, 0x1d, 0x1f, 0x21, 0xff, 0x1d, 0x1e, 0x20, 0xff, 0x1d, 0x1f, 0x22, 0xff, 0x1a, 0x1f, 0x1f, 0xff, 0x00, 0x00, 0x00, 0xff, 0x00, 0x00, 0x00, 0xff, 0x55, 0x66, 0x66, 0xff, 0x59, 0x66, 0x73, 0xff, 0x40, 0x60, 0x60, 0xff, 0x00, 0x00, 0x00, 0xff, 0x00, 0x00, 0x00, 0xff, 0x00, 0x00, 0x00, 0xff, 0x00, 0x00, 0x00, 0xff, 0x00, 0x00, 0x00, 0xff, 0x00, 0x00, 0x00, 0xff, 0x00, 0x00, 0x00, 0xff, 0x00, 0x00, 0x00, 0xff, 0x00, 0x00, 0x00, 0xff, 
  0x00, 0x00, 0x00, 0xff, 0x00, 0x00, 0x00, 0xff, 0x00, 0x00, 0x00, 0xff, 0x00, 0x00, 0x00, 0xff, 0x00, 0x00, 0x00, 0xff, 0x00, 0x00, 0x00, 0xff, 0x00, 0x00, 0x00, 0xff, 0x00, 0x00, 0x00, 0xff, 0x00, 0x00, 0x00, 0xff, 0x00, 0x00, 0x00, 0xff, 0x00, 0x00, 0x00, 0xff, 0x00, 0x00, 0x00, 0xff, 0x00, 0x00, 0x00, 0xff, 0x00, 0x00, 0x00, 0xff, 0x00, 0x00, 0x00, 0xff, 0x00, 0x00, 0x00, 0xff, 0x00, 0x00, 0x00, 0xff, 0x00, 0x00, 0x00, 0xff, 0x00, 0x00, 0x00, 0xff, 0x00, 0x00, 0x00, 0xff, 0x00, 0x00, 0x00, 0xff, 0x00, 0x00, 0x00, 0xff, 0x00, 0x00, 0x00, 0xff, 0x00, 0x00, 0x00, 0xff, 0x00, 0x00, 0x00, 0xff, 0x1a, 0x1a, 0x1a, 0xff, 0x1a, 0x1a, 0x1a, 0xff, 0x1a, 0x1a, 0x1a, 0xff, 0x13, 0x13, 0x19, 0xff, 0x19, 0x19, 0x19, 0xff, 0x19, 0x19, 0x19, 0xff, 0x19, 0x19, 0x1c, 0xff, 0x1c, 0x1c, 0x1c, 0xff, 0x1b, 0x1b, 0x1e, 0xff, 0x1b, 0x1b, 0x1e, 0xff, 0x1b, 0x1d, 0x1f, 0xff, 0x1d, 0x1d, 0x21, 0xff, 0x1c, 0x1e, 0x20, 0xff, 0x1e, 0x20, 0x21, 0xff, 0x1e, 0x20, 0x23, 0xff, 0x1f, 0x1f, 0x24, 0xff, 0x00, 0x00, 0x00, 0xff, 0x00, 0x00, 0x00, 0xff, 0x50, 0x60, 0x70, 0xff, 0x55, 0x67, 0x73, 0xff, 0x40, 0x60, 0x60, 0xff, 0x00, 0x00, 0x00, 0xff, 0x00, 0x00, 0x00, 0xff, 0x00, 0x00, 0x00, 0xff, 0x00, 0x00, 0x00, 0xff, 0x00, 0x00, 0x00, 0xff, 0x00, 0x00, 0x00, 0xff, 0x00, 0x00, 0x00, 0xff, 0x00, 0x00, 0x00, 0xff, 
  0x00, 0x00, 0x00, 0xff, 0x00, 0x00, 0x00, 0xff, 0x00, 0x00, 0x00, 0xff, 0x00, 0x00, 0x00, 0xff, 0x00, 0x00, 0x00, 0xff, 0x00, 0x00, 0x00, 0xff, 0x00, 0x00, 0x00, 0xff, 0x00, 0x00, 0x00, 0xff, 0x00, 0x00, 0x00, 0xff, 0x00, 0x00, 0x00, 0xff, 0x00, 0x00, 0x00, 0xff, 0x00, 0x00, 0x00, 0xff, 0x00, 0x00, 0x00, 0xff, 0x00, 0x00, 0x00, 0xff, 0x00, 0x00, 0x00, 0xff, 0x00, 0x00, 0x00, 0xff, 0x00, 0x00, 0x00, 0xff, 0x00, 0x00, 0x00, 0xff, 0x00, 0x00, 0x00, 0xff, 0x00, 0x00, 0x00, 0xff, 0x00, 0x00, 0x00, 0xff, 0x00, 0x00, 0x00, 0xff, 0x00, 0x00, 0x00, 0xff, 0x00, 0x00, 0x00, 0xff, 0x00, 0x00, 0x00, 0xff, 0x1a, 0x1a, 0x1a, 0xff, 0x0d, 0x0d, 0x1a, 0xff, 0x19, 0x19, 0x19, 0xff, 0x19, 0x19, 0x19, 0xff, 0x19, 0x19, 0x19, 0xff, 0x19, 0x19, 0x1d, 0xff, 0x19, 0x19, 0x1c, 0xff, 0x19, 0x1c, 0x1c, 0xff, 0x1b, 0x1b, 0x1e, 0xff, 0x1b, 0x1b, 0x1e, 0xff, 0x1b, 0x1d, 0x1f, 0xff, 0x1d, 0x1d, 0x21, 0xff, 0x1d, 0x1e, 0x20, 0xff, 0x1e, 0x20, 0x21, 0xff, 0x1e, 0x21, 0x23, 0xff, 0x1f, 0x21, 0x24, 0xff, 0x1f, 0x1f, 0x23, 0xff, 0x00, 0x00, 0x00, 0xff, 0x00, 0x00, 0x00, 0xff, 0x50, 0x60, 0x70, 0xff, 0x55, 0x66, 0x71, 0xff, 0x55, 0x55, 0x55, 0xff, 0x00, 0x00, 0x00, 0xff, 0x00, 0x00, 0x00, 0xff, 0x00, 0x00, 0x00, 0xff, 0x00, 0x00, 0x00, 0xff, 0x00, 0x00, 0x00, 0xff, 0x00, 0x00, 0x00, 0xff, 0x00, 0x00, 0x00, 0xff, 
  0x00, 0x00, 0x00, 0xff, 0x00, 0x00, 0x00, 0xff, 0x00, 0x00, 0x00, 0xff, 0x00, 0x00, 0x00, 0xff, 0x00, 0x00, 0x00, 0xff, 0x00, 0x00, 0x00, 0xff, 0x00, 0x00, 0x00, 0xff, 0x00, 0x00, 0x00, 0xff, 0x00, 0x00, 0x00, 0xff, 0x00, 0x00, 0x00, 0xff, 0x00, 0x00, 0x00, 0xff, 0x00, 0x00, 0x00, 0xff, 0x00, 0x00, 0x00, 0xff, 0x00, 0x00, 0x00, 0xff, 0x00, 0x00, 0x00, 0xff, 0x00, 0x00, 0x00, 0xff, 0x00, 0x00, 0x00, 0xff, 0x00, 0x00, 0x00, 0xff, 0x00, 0x00, 0x00, 0xff, 0x00, 0x00, 0x00, 0xff, 0x00, 0x00, 0x00, 0xff, 0x00, 0x00, 0x00, 0xff, 0x00, 0x00, 0x00, 0xff, 0x00, 0x00, 0x00, 0xff, 0x00, 0x00, 0x00, 0xff, 0x00, 0x00, 0x1a, 0xff, 0x0d, 0x0d, 0x0d, 0xff, 0x19, 0x19, 0x19, 0xff, 0x19, 0x19, 0x19, 0xff, 0x14, 0x14, 0x19, 0xff, 0x19, 0x19, 0x1d, 0xff, 0x19, 0x19, 0x1c, 0xff, 0x19, 0x1c, 0x1c, 0xff, 0x1b, 0x1b, 0x1e, 0xff, 0x1b, 0x1b, 0x1e, 0xff, 0x1d, 0x1d, 0x1f, 0xff, 0x1d, 0x1d, 0x21, 0xff, 0x1d, 0x1e, 0x20, 0xff, 0x1e, 0x20, 0x21, 0xff, 0x1e, 0x1f, 0x23, 0xff, 0x1f, 0x20, 0x24, 0xff, 0x1f, 0x22, 0x24, 0xff, 0x1e, 0x22, 0x25, 0xff, 0x00, 0x00, 0x00, 0xff, 0x00, 0x00, 0x00, 0xff, 0x5a, 0x69, 0x78, 0xff, 0x57, 0x67, 0x72, 0xff, 0x55, 0x55, 0x71, 0xff, 0x00, 0x00, 0x00, 0xff, 0x00, 0x00, 0x00, 0xff, 0x00, 0x00, 0x00, 0xff, 0x00, 0x00, 0x00, 0xff, 0x00, 0x00, 0x00, 0xff, 0x00, 0x00, 0x00, 0xff, 
  0x00, 0x00, 0x00, 0xff, 0x00, 0x00, 0x00, 0xff, 0x00, 0x00, 0x00, 0xff, 0x00, 0x00, 0x00, 0xff, 0x00, 0x00, 0x00, 0xff, 0x00, 0x00, 0x00, 0xff, 0x00, 0x00, 0x00, 0xff, 0x00, 0x00, 0x00, 0xff, 0x00, 0x00, 0x00, 0xff, 0x00, 0x00, 0x00, 0xff, 0x00, 0x00, 0x00, 0xff, 0x00, 0x00, 0x00, 0xff, 0x00, 0x00, 0x00, 0xff, 0x00, 0x00, 0x00, 0xff, 0x00, 0x00, 0x00, 0xff, 0x00, 0x00, 0x00, 0xff, 0x00, 0x00, 0x00, 0xff, 0x00, 0x00, 0x00, 0xff, 0x00, 0x00, 0x00, 0xff, 0x00, 0x00, 0x00, 0xff, 0x00, 0x00, 0x00, 0xff, 0x00, 0x00, 0x00, 0xff, 0x00, 0x00, 0x00, 0xff, 0x00, 0x00, 0x00, 0xff, 0x00, 0x00, 0x00, 0xff, 0x1c, 0x1c, 0x1c, 0xff, 0x1a, 0x1a, 0x1a, 0xff, 0x11, 0x11, 0x1a, 0xff, 0x19, 0x19, 0x19, 0xff, 0x19, 0x19, 0x19, 0xff, 0x19, 0x19, 0x19, 0xff, 0x19, 0x19, 0x1c, 0xff, 0x19, 0x19, 0x1c, 0xff, 0x1b, 0x1b, 0x1e, 0xff, 0x1b, 0x1b, 0x1e, 0xff, 0x1b, 0x1d, 0x1f, 0xff, 0x1d, 0x1d, 0x21, 0xff, 0x1c, 0x1e, 0x20, 0xff, 0x1c, 0x1e, 0x21, 0xff, 0x1e, 0x1f, 0x23, 0xff, 0x1f, 0x20, 0x23, 0xff, 0x1e, 0x21, 0x24, 0xff, 0x20, 0x22, 0x25, 0xff, 0x1e, 0x21, 0x27, 0xff, 0x00, 0x00, 0x00, 0xff, 0x00, 0x00, 0x00, 0xff, 0x55, 0x63, 0x71, 0xff, 0x57, 0x66, 0x70, 0xff, 0x55, 0x55, 0x71, 0xff, 0x00, 0x00, 0x00, 0xff, 0x00, 0x00, 0x00, 0xff, 0x00, 0x00, 0x00, 0xff, 0x00, 0x00, 0x00, 0xff, 0x00, 0x00, 0x00, 0xff, 
  0x00, 0x00, 0x00, 0xff, 0x00, 0x00, 0x00, 0xff, 0x00, 0x00, 0x00, 0xff, 0x00, 0x00, 0x00, 0xff, 0x00, 0x00, 0x00, 0xff, 0x00, 0x00, 0x00, 0xff, 0x00, 0x00, 0x00, 0xff, 0x00, 0x00, 0x00, 0xff, 0x00, 0x00, 0x00, 0xff, 0x00, 0x00, 0x00, 0xff, 0x00, 0x00, 0x00, 0xff, 0x00, 0x00, 0x00, 0xff, 0x00, 0x00, 0x00, 0xff, 0x00, 0x00, 0x00, 0xff, 0x00, 0x00, 0x00, 0xff, 0x00, 0x00, 0x00, 0xff, 0x00, 0x00, 0x00, 0xff, 0x00, 0x00, 0x00, 0xff, 0x00, 0x00, 0x00, 0xff, 0x00, 0x00, 0x00, 0xff, 0x00, 0x00, 0x00, 0xff, 0x00, 0x00, 0x00, 0xff, 0x00, 0x00, 0x00, 0xff, 0x00, 0x00, 0x00, 0xff, 0x00, 0x00, 0x00, 0xff, 0x00, 0x00, 0x00, 0xff, 0x1a, 0x1a, 0x1a, 0xff, 0x19, 0x19, 0x19, 0xff, 0x13, 0x13, 0x19, 0xff, 0x19, 0x19, 0x19, 0xff, 0x19, 0x19, 0x1d, 0xff, 0x19, 0x19, 0x1c, 0xff, 0x19, 0x19, 0x1c, 0xff, 0x1b, 0x1b, 0x1e, 0xff, 0x1b, 0x1e, 0x20, 0xff, 0x1b, 0x1d, 0x1f, 0xff, 0x1b, 0x1d, 0x1f, 0xff, 0x1d, 0x1e, 0x20, 0xff, 0x1e, 0x20, 0x21, 0xff, 0x1e, 0x1f, 0x23, 0xff, 0x1f, 0x20, 0x23, 0xff, 0x1e, 0x21, 0x24, 0xff, 0x20, 0x22, 0x25, 0xff, 0x20, 0x23, 0x26, 0xff, 0x20, 0x22, 0x25, 0xff, 0x00, 0x00, 0x00, 0xff, 0x00, 0x00, 0x00, 0xff, 0x51, 0x6b, 0x6b, 0xff, 0x5a, 0x64, 0x73, 0xff, 0x4d, 0x4d, 0x66, 0xff, 0x00, 0x00, 0x00, 0xff, 0x00, 0x00, 0x00, 0xff, 0x00, 0x00, 0x00, 0xff, 0x00, 0x00, 0x00, 0xff, 
  0x00, 0x00, 0x00, 0xff, 0x00, 0x00, 0x00, 0xff, 0x00, 0x00, 0x00, 0xff, 0x00, 0x00, 0x00, 0xff, 0x00, 0x00, 0x00, 0xff, 0x00, 0x00, 0x00, 0xff, 0x00, 0x00, 0x00, 0xff, 0x00, 0x00, 0x00, 0xff, 0x00, 0x00, 0x00, 0xff, 0x00, 0x00, 0x00, 0xff, 0x00, 0x00, 0x00, 0xff, 0x00, 0x00, 0x00, 0xff, 0x00, 0x00, 0x00, 0xff, 0x00, 0x00, 0x00, 0xff, 0x00, 0x00, 0x00, 0xff, 0x00, 0x00, 0x00, 0xff, 0x00, 0x00, 0x00, 0xff, 0x00, 0x00, 0x00, 0xff, 0x00, 0x00, 0x00, 0xff, 0x00, 0x00, 0x00, 0xff, 0x00, 0x00, 0x00, 0xff, 0x00, 0x00, 0x00, 0xff, 0x00, 0x00, 0x00, 0xff, 0x00, 0x00, 0x00, 0xff, 0x00, 0x00, 0x00, 0xff, 0x1a, 0x1a, 0x1a, 0xff, 0x0d, 0x0d, 0x1a, 0xff, 0x11, 0x11, 0x1a, 0xff, 0x19, 0x19, 0x19, 0xff, 0x19, 0x19, 0x19, 0xff, 0x19, 0x19, 0x19, 0xff, 0x19, 0x19, 0x1c, 0xff, 0x19, 0x1c, 0x1c, 0xff, 0x1b, 0x1b, 0x1e, 0xff, 0x1b, 0x1b, 0x1e, 0xff, 0x1b, 0x1d, 0x1f, 0xff, 0x1d, 0x1f, 0x21, 0xff, 0x1d, 0x1e, 0x20, 0xff, 0x1c, 0x20, 0x21, 0xff, 0x1e, 0x1f, 0x23, 0xff, 0x1f, 0x20, 0x23, 0xff, 0x1e, 0x21, 0x24, 0xff, 0x20, 0x22, 0x25, 0xff, 0x1f, 0x23, 0x26, 0xff, 0x21, 0x24, 0x26, 0xff, 0x21, 0x23, 0x25, 0xff, 0x00, 0x00, 0x00, 0xff, 0x00, 0x00, 0x00, 0xff, 0x59, 0x66, 0x73, 0xff, 0x5a, 0x63, 0x71, 0xff, 0x4d, 0x66, 0x66, 0xff, 0x00, 0x00, 0x00, 0xff, 0x00, 0x00, 0x00, 0xff, 0x00, 0x00, 0x00, 0xff, 
  0x00, 0x00, 0x00, 0xff, 0x00, 0x00, 0x00, 0xff, 0x00, 0x00, 0x00, 0xff, 0x00, 0x00, 0x00, 0xff, 0x00, 0x00, 0x00, 0xff, 0x00, 0x00, 0x00, 0xff, 0x00, 0x00, 0x00, 0xff, 0x00, 0x00, 0x00, 0xff, 0x00, 0x00, 0x00, 0xff, 0x00, 0x00, 0x00, 0xff, 0x00, 0x00, 0x00, 0xff, 0x00, 0x00, 0x00, 0xff, 0x00, 0x00, 0x00, 0xff, 0x00, 0x00, 0x00, 0xff, 0x00, 0x00, 0x00, 0xff, 0x00, 0x00, 0x00, 0xff, 0x00, 0x00, 0x00, 0xff, 0x00, 0x00, 0x00, 0xff, 0x00, 0x00, 0x00, 0xff, 0x00, 0x00, 0x00, 0xff, 0x00, 0x00, 0x00, 0xff, 0x00, 0x00, 0x00, 0xff, 0x00, 0x00, 0x00, 0xff, 0x00, 0x00, 0x00, 0xff, 0x00, 0x00, 0x00, 0xff, 0x00, 0x00, 0x1a, 0xff, 0x0d, 0x0d, 0x0d, 0xff, 0x19, 0x19, 0x19, 0xff, 0x19, 0x19, 0x19, 0xff, 0x19, 0x19, 0x19, 0xff, 0x19, 0x19, 0x19, 0xff, 0x19, 0x19, 0x1c, 0xff, 0x19, 0x1c, 0x1c, 0xff, 0x1b, 0x1b, 0x1e, 0xff, 0x1b, 0x1b, 0x1e, 0xff, 0x1b, 0x1d, 0x1f, 0xff, 0x1d, 0x1d, 0x21, 0xff, 0x1c, 0x1e, 0x22, 0xff, 0x1e, 0x20, 0x21, 0xff, 0x1e, 0x21, 0x23, 0xff, 0x1f, 0x20, 0x23, 0xff, 0x1e, 0x21, 0x24, 0xff, 0x20, 0x22, 0x25, 0xff, 0x20, 0x23, 0x26, 0xff, 0x20, 0x24, 0x26, 0xff, 0x21, 0x24, 0x27, 0xff, 0x21, 0x26, 0x28, 0xff, 0x00, 0x00, 0x00, 0xff, 0x00, 0x00, 0x00, 0xff, 0x55, 0x61, 0x6d, 0xff, 0x57, 0x64, 0x72, 0xff, 0x46, 0x5d, 0x5d, 0xff, 0x00, 0x00, 0x00, 0xff, 0x00, 0x00, 0x00, 0xff, 
  0x00, 0x00, 0x00, 0xff, 0x00, 0x00, 0x00, 0xff, 0x00, 0x00, 0x00, 0xff, 0x00, 0x00, 0x00, 0xff, 0x00, 0x00, 0x00, 0xff, 0x00, 0x00, 0x00, 0xff, 0x00, 0x00, 0x00, 0xff, 0x00, 0x00, 0x00, 0xff, 0x00, 0x00, 0x00, 0xff, 0x00, 0x00, 0x00, 0xff, 0x00, 0x00, 0x00, 0xff, 0x00, 0x00, 0x00, 0xff, 0x00, 0x00, 0x00, 0xff, 0x00, 0x00, 0x00, 0xff, 0x00, 0x00, 0x00, 0xff, 0x00, 0x00, 0x00, 0xff, 0x00, 0x00, 0x00, 0xff, 0x00, 0x00, 0x00, 0xff, 0x00, 0x00, 0x00, 0xff, 0x00, 0x00, 0x00, 0xff, 0x00, 0x00, 0x00, 0xff, 0x00, 0x00, 0x00, 0xff, 0x00, 0x00, 0x00, 0xff, 0x00, 0x00, 0x00, 0xff, 0x00, 0x00, 0x00, 0xff, 0x00, 0x00, 0x00, 0xff, 0x1a, 0x1a, 0x1a, 0xff, 0x19, 0x19, 0x19, 0xff, 0x19, 0x19, 0x19, 0xff, 0x14, 0x14, 0x19, 0xff, 0x19, 0x19, 0x1d, 0xff, 0x19, 0x19, 0x1c, 0xff, 0x19, 0x1c, 0x1c, 0xff, 0x19, 0x1b, 0x1b, 0xff, 0x1b, 0x1e, 0x20, 0xff, 0x1b, 0x1d, 0x1f, 0xff, 0x1d, 0x1f, 0x21, 0xff, 0x1d, 0x1e, 0x20, 0xff, 0x1e, 0x20, 0x21, 0xff, 0x1e, 0x1f, 0x23, 0xff, 0x1f, 0x20, 0x24, 0xff, 0x1e, 0x21, 0x24, 0xff, 0x20, 0x22, 0x25, 0xff, 0x20, 0x23, 0x26, 0xff, 0x20, 0x24, 0x26, 0xff, 0x21, 0x24, 0x27, 0xff, 0x22, 0x25, 0x28, 0xff, 0x22, 0x26, 0x28, 0xff, 0x00, 0x00, 0x00, 0xff, 0x00, 0x00, 0x00, 0xff, 0x51, 0x5d, 0x68, 0xff, 0x58, 0x65, 0x72, 0xff, 0x33, 0x66, 0x66, 0xff, 0x00, 0x00, 0x00, 0xff, 
  0x00, 0x00, 0x00, 0xff, 0x00, 0x00, 0x00, 0xff, 0x00, 0x00, 0x00, 0xff, 0x00, 0x00, 0x00, 0xff, 0x00, 0x00, 0x00, 0xff, 0x00, 0x00, 0x00, 0xff, 0x00, 0x00, 0x00, 0xff, 0x00, 0x00, 0x00, 0xff, 0x00, 0x00, 0x00, 0xff, 0x00, 0x00, 0x00, 0xff, 0x00, 0x00, 0x00, 0xff, 0x00, 0x00, 0x00, 0xff, 0x00, 0x00, 0x00, 0xff, 0x00, 0x00, 0x00, 0xff, 0x00, 0x00, 0x00, 0xff, 0x00, 0x00, 0x00, 0xff, 0x00, 0x00, 0x00, 0xff, 0x00, 0x00, 0x00, 0xff, 0x00, 0x00, 0x00, 0xff, 0x00, 0x00, 0x00, 0xff, 0x00, 0x00, 0x00, 0xff, 0x00, 0x00, 0x00, 0xff, 0x00, 0x00, 0x00, 0xff, 0x00, 0x00, 0x00, 0xff, 0x00, 0x00, 0x00, 0xff, 0x1a, 0x1a, 0x1a, 0xff, 0x1a, 0x1a, 0x1a, 0xff, 0x1a, 0x1a, 0x1a, 0xff, 0x13, 0x13, 0x19, 0xff, 0x19, 0x19, 0x19, 0xff, 0x19, 0x19, 0x19, 0xff, 0x19, 0x19, 0x1c, 0xff, 0x1c, 0x1c, 0x1c, 0xff, 0x1b, 0x1b, 0x1e, 0xff, 0x1b, 0x1b, 0x1e, 0xff, 0x1b, 0x1d, 0x1f, 0xff, 0x1d, 0x1d, 0x21, 0xff, 0x1c, 0x1e, 0x20, 0xff, 0x1e, 0x20, 0x21, 0xff, 0x1e, 0x1f, 0x23, 0xff, 0x1f, 0x20, 0x23, 0xff, 0x1e, 0x21, 0x24, 0xff, 0x1f, 0x22, 0x25, 0xff, 0x20, 0x23, 0x26, 0xff, 0x20, 0x24, 0x26, 0xff, 0x21, 0x24, 0x27, 0xff, 0x22, 0x25, 0x28, 0xff, 0x22, 0x26, 0x29, 0xff, 0x22, 0x25, 0x29, 0xff, 0x00, 0x00, 0x00, 0xff, 0x00, 0x00, 0x00, 0xff, 0x55, 0x62, 0x70, 0xff, 0x4d, 0x66, 0x66, 0xff, 0x00, 0x00, 0x00, 0xff, 
  0x00, 0x00, 0x00, 0xff, 0x00, 0x00, 0x00, 0xff, 0x00, 0x00, 0x00, 0xff, 0x00, 0x00, 0x00, 0xff, 0x00, 0x00, 0x00, 0xff, 0x00, 0x00, 0x00, 0xff, 0x00, 0x00, 0x00, 0xff, 0x00, 0x00, 0x00, 0xff, 0x00, 0x00, 0x00, 0xff, 0x00, 0x00, 0x00, 0xff, 0x00, 0x00, 0x00, 0xff, 0x00, 0x00, 0x00, 0xff, 0x00, 0x00, 0x00, 0xff, 0x00, 0x00, 0x00, 0xff, 0x00, 0x00, 0x00, 0xff, 0x00, 0x00, 0x00, 0xff, 0x00, 0x00, 0x00, 0xff, 0x00, 0x00, 0x00, 0xff, 0x00, 0x00, 0x00, 0xff, 0x00, 0x00, 0x00, 0xff, 0x00, 0x00, 0x00, 0xff, 0x00, 0x00, 0x00, 0xff, 0x00, 0x00, 0x00, 0xff, 0x00, 0x00, 0x00, 0xff, 0x00, 0x00, 0x00, 0xff, 0x1a, 0x1a, 0x1a, 0xff, 0x0d, 0x0d, 0x1a, 0xff, 0x19, 0x19, 0x19, 0xff, 0x19, 0x19, 0x19, 0xff, 0x19, 0x19, 0x19, 0xff, 0x19, 0x19, 0x1d, 0xff, 0x19, 0x19, 0x1c, 0xff, 0x19, 0x1c, 0x1c, 0xff, 0x1b, 0x1b, 0x1e, 0xff, 0x1b, 0x1b, 0x1e, 0xff, 0x1b, 0x1d, 0x1f, 0xff, 0x1d, 0x1d, 0x21, 0xff, 0x1d, 0x1e, 0x20, 0xff, 0x1e, 0x20, 0x21, 0xff, 0x1e, 0x21, 0x23, 0xff, 0x1f, 0x20, 0x23, 0xff, 0x1e, 0x21, 0x24, 0xff, 0x20, 0x22, 0x25, 0xff, 0x20, 0x23, 0x26, 0xff, 0x20, 0x24, 0x26, 0xff, 0x21, 0x24, 0x27, 0xff, 0x22, 0x25, 0x28, 0xff, 0x22, 0x26, 0x29, 0xff, 0x23, 0x26, 0x29, 0xff, 0x22, 0x22, 0x22, 0xff, 0x00, 0x00, 0x00, 0xff, 0x56, 0x63, 0x70, 0xff, 0x4d, 0x66, 0x80, 0xff, 0x00, 0x00, 0x00, 0xff, 
  0x00, 0x00, 0x00, 0xff, 0x00, 0x00, 0x00, 0xff, 0x00, 0x00, 0x00, 0xff, 0x00, 0x00, 0x00, 0xff, 0x00, 0x00, 0x00, 0xff, 0x00, 0x00, 0x00, 0xff, 0x00, 0x00, 0x00, 0xff, 0x00, 0x00, 0x00, 0xff, 0x00, 0x00, 0x00, 0xff, 0x00, 0x00, 0x00, 0xff, 0x00, 0x00, 0x00, 0xff, 0x00, 0x00, 0x00, 0xff, 0x00, 0x00, 0x00, 0xff, 0x00, 0x00, 0x00, 0xff, 0x00, 0x00, 0x00, 0xff, 0x00, 0x00, 0x00, 0xff, 0x00, 0x00, 0x00, 0xff, 0x00, 0x00, 0x00, 0xff, 0x00, 0x00, 0x00, 0xff, 0x00, 0x00, 0x00, 0xff, 0x00, 0x00, 0x00, 0xff, 0x00, 0x00, 0x00, 0xff, 0x00, 0x00, 0x00, 0xff, 0x00, 0x00, 0x00, 0xff, 0x00, 0x00, 0x00, 0xff, 0x00, 0x00, 0x1a, 0xff, 0x0d, 0x0d, 0x0d, 0xff, 0x19, 0x19, 0x19, 0xff, 0x19, 0x19, 0x19, 0xff, 0x14, 0x14, 0x19, 0xff, 0x19, 0x19, 0x1d, 0xff, 0x19, 0x19, 0x1c, 0xff, 0x19, 0x1c, 0x1c, 0xff, 0x1b, 0x1b, 0x1e, 0xff, 0x1b, 0x1b, 0x1e, 0xff, 0x1d, 0x1d, 0x1f, 0xff, 0x1d, 0x1d, 0x21, 0xff, 0x1d, 0x1e, 0x20, 0xff, 0x1e, 0x20, 0x21, 0xff, 0x1e, 0x1f, 0x23, 0xff, 0x1f, 0x20, 0x24, 0xff, 0x1e, 0x21, 0x24, 0xff, 0x20, 0x22, 0x25, 0xff, 0x20, 0x23, 0x26, 0xff, 0x20, 0x24, 0x26, 0xff, 0x21, 0x24, 0x27, 0xff, 0x22, 0x25, 0x28, 0xff, 0x22, 0x25, 0x29, 0xff, 0x22, 0x26, 0x29, 0xff, 0x22, 0x22, 0x22, 0xff, 0x00, 0x00, 0x00, 0xff, 0x58, 0x64, 0x71, 0xff, 0x5d, 0x5d, 0x74, 0xff, 0x00, 0x00, 0x00, 0xff, 
  0x00, 0x00, 0x00, 0xff, 0x00, 0x00, 0x00, 0xff, 0x00, 0x00, 0x00, 0xff, 0x00, 0x00, 0x00, 0xff, 0x00, 0x00, 0x00, 0xff, 0x00, 0x00, 0x00, 0xff, 0x00, 0x00, 0x00, 0xff, 0x00, 0x00, 0x00, 0xff, 0x00, 0x00, 0x00, 0xff, 0x00, 0x00, 0x00, 0xff, 0x00, 0x00, 0x00, 0xff, 0x00, 0x00, 0x00, 0xff, 0x00, 0x00, 0x00, 0xff, 0x00, 0x00, 0x00, 0xff, 0x00, 0x00, 0x00, 0xff, 0x00, 0x00, 0x00, 0xff, 0x00, 0x00, 0x00, 0xff, 0x00, 0x00, 0x00, 0xff, 0x00, 0x00, 0x00, 0xff, 0x00, 0x00, 0x00, 0xff, 0x00, 0x00, 0x00, 0xff, 0x00, 0x00, 0x00, 0xff, 0x00, 0x00, 0x00, 0xff, 0x00, 0x00, 0x00, 0xff, 0x00, 0x00, 0x00, 0xff, 0x1c, 0x1c, 0x1c, 0xff, 0x1a, 0x1a, 0x1a, 0xff, 0x11, 0x11, 0x1a, 0xff, 0x19, 0x19, 0x19, 0xff, 0x19, 0x19, 0x19, 0xff, 0x19, 0x19, 0x19, 0xff, 0x19, 0x19, 0x1c, 0xff, 0x19, 0x19, 0x1c, 0xff, 0x1b, 0x1b, 0x1e, 0xff, 0x1b, 0x1b, 0x1e, 0xff, 0x1b, 0x1d, 0x1f, 0xff, 0x1d, 0x1d, 0x21, 0xff, 0x1c, 0x1e, 0x20, 0xff, 0x1c, 0x1e, 0x21, 0xff, 0x1e, 0x1f, 0x23, 0xff, 0x1f, 0x20, 0x23, 0xff, 0x1e, 0x21, 0x24, 0xff, 0x1f, 0x22, 0x25, 0xff, 0x1f, 0x23, 0x26, 0xff, 0x20, 0x24, 0x26, 0xff, 0x21, 0x24, 0x27, 0xff, 0x22, 0x25, 0x27, 0xff, 0x22, 0x26, 0x29, 0xff, 0x23, 0x26, 0x29, 0xff, 0x22, 0x22, 0x22, 0xff, 0x00, 0x00, 0x00, 0xff, 0x55, 0x65, 0x71, 0xff, 0x5d, 0x5d, 0x74, 0xff, 0x00, 0x00, 0x00, 0xff, 
  0x00, 0x00, 0x00, 0xff, 0x00, 0x00, 0x00, 0xff, 0x00, 0x00, 0x00, 0xff, 0x00, 0x00, 0x00, 0xff, 0x00, 0x00, 0x00, 0xff, 0x00, 0x00, 0x00, 0xff, 0x00, 0x00, 0x00, 0xff, 0x00, 0x00, 0x00, 0xff, 0x00, 0x00, 0x00, 0xff, 0x00, 0x00, 0x00, 0xff, 0x00, 0x00, 0x00, 0xff, 0x00, 0x00, 0x00, 0xff, 0x00, 0x00, 0x00, 0xff, 0x00, 0x00, 0x00, 0xff, 0x00, 0x00, 0x00, 0xff, 0x00, 0x00, 0x00, 0xff, 0x00, 0x00, 0x00, 0xff, 0x00, 0x00, 0x00, 0xff, 0x00, 0x00, 0x00, 0xff, 0x00, 0x00, 0x00, 0xff, 0x00, 0x00, 0x00, 0xff, 0x00, 0x00, 0x00, 0xff, 0x00, 0x00, 0x00, 0xff, 0x00, 0x00, 0x00, 0xff, 0x00, 0x00, 0x00, 0xff, 0x00, 0x00, 0x00, 0xff, 0x1a, 0x1a, 0x1a, 0xff, 0x19, 0x19, 0x19, 0xff, 0x13, 0x13, 0x19, 0xff, 0x19, 0x19, 0x19, 0xff, 0x19, 0x19, 0x1d, 0xff, 0x19, 0x19, 0x1c, 0xff, 0x19, 0x19, 0x1c, 0xff, 0x1b, 0x1b, 0x1e, 0xff, 0x1b, 0x1e, 0x20, 0xff, 0x1b, 0x1d, 0x1f, 0xff, 0x1b, 0x1d, 0x1f, 0xff, 0x1d, 0x1e, 0x20, 0xff, 0x1e, 0x20, 0x21, 0xff, 0x1e, 0x1f, 0x23, 0xff, 0x1f, 0x20, 0x23, 0xff, 0x1e, 0x21, 0x24, 0xff, 0x20, 0x22, 0x25, 0xff, 0x20, 0x23, 0x26, 0xff, 0x20, 0x24, 0x26, 0xff, 0x21, 0x24, 0x27, 0xff, 0x22, 0x25, 0x28, 0xff, 0x22, 0x25, 0x29, 0xff, 0x22, 0x26, 0x29, 0xff, 0x22, 0x22, 0x22, 0xff, 0x00, 0x00, 0x00, 0xff, 0x5a, 0x66, 0x72, 0xff, 0x55, 0x55, 0x6a, 0xff, 0x00, 0x00, 0x00, 0xff, 
  0x00, 0x00, 0x00, 0xff, 0x00, 0x00, 0x00, 0xff, 0x00, 0x00, 0x00, 0xff, 0x00, 0x00, 0x00, 0xff, 0x00, 0x00, 0x00, 0xff, 0x00, 0x00, 0x00, 0xff, 0x00, 0x00, 0x00, 0xff, 0x00, 0x00, 0x00, 0xff, 0x00, 0x00, 0x00, 0xff, 0x00, 0x00, 0x00, 0xff, 0x00, 0x00, 0x00, 0xff, 0x00, 0x00, 0x00, 0xff, 0x00, 0x00, 0x00, 0xff, 0x00, 0x00, 0x00, 0xff, 0x00, 0x00, 0x00, 0xff, 0x00, 0x00, 0x00, 0xff, 0x00, 0x00, 0x00, 0xff, 0x00, 0x00, 0x00, 0xff, 0x00, 0x00, 0x00, 0xff, 0x00, 0x00, 0x00, 0xff, 0x00, 0x00, 0x00, 0xff, 0x00, 0x00, 0x00, 0xff, 0x00, 0x00, 0x00, 0xff, 0x00, 0x00, 0x00, 0xff, 0x00, 0x00, 0x00, 0xff, 0x1a, 0x1a, 0x1a, 0xff, 0x0d, 0x0d, 0x1a, 0xff, 0x11, 0x11, 0x1a, 0xff, 0x19, 0x19, 0x19, 0xff, 0x19, 0x19, 0x19, 0xff, 0x19, 0x19, 0x19, 0xff, 0x19, 0x19, 0x1c, 0xff, 0x19, 0x1c, 0x1c, 0xff, 0x1b, 0x1b, 0x1e, 0xff, 0x1b, 0x1b, 0x1e, 0xff, 0x1b, 0x1d, 0x1f, 0xff, 0x1d, 0x1f, 0x21, 0xff, 0x1d, 0x1e, 0x20, 0xff, 0x1c, 0x20, 0x21, 0xff, 0x1e, 0x1f, 0x23, 0xff, 0x1f, 0x20, 0x23, 0xff, 0x1e, 0x21, 0x24, 0xff, 0x20, 0x22, 0x25, 0xff, 0x1f, 0x23, 0x26, 0xff, 0x21, 0x24, 0x26, 0xff, 0x21, 0x24, 0x27, 0xff, 0x22, 0x25, 0x28, 0xff, 0x22, 0x26, 0x29, 0xff, 0x23, 0x26, 0x29, 0xff, 0x22, 0x22, 0x22, 0xff, 0x00, 0x00, 0x00, 0xff, 0x58, 0x67, 0x72, 0xff, 0x55, 0x6a, 0x6a, 0xff, 0x00, 0x00, 0x00, 0xff, 
  0x00, 0x00, 0x00, 0xff, 0x00, 0x00, 0x00, 0xff, 0x00, 0x00, 0x00, 0xff, 0x00, 0x00, 0x00, 0xff, 0x00, 0x00, 0x00, 0xff, 0x00, 0x00, 0x00, 0xff, 0x00, 0x00, 0x00, 0xff, 0x00, 0x00, 0x00, 0xff, 0x00, 0x00, 0x00, 0xff, 0x00, 0x00, 0x00, 0xff, 0x00, 0x00, 0x00, 0xff, 0x00, 0x00, 0x00, 0xff, 0x00, 0x00, 0x00, 0xff, 0x00, 0x00, 0x00, 0xff, 0x00, 0x00, 0x00, 0xff, 0x00, 0x00, 0x00, 0xff, 0x00, 0x00, 0x00, 0xff, 0x00, 0x00, 0x00, 0xff, 0x00, 0x00, 0x00, 0xff, 0x00, 0x00, 0x00, 0xff, 0x00, 0x00, 0x00, 0xff, 0x00, 0x00, 0x00, 0xff, 0x00, 0x00, 0x00, 0xff, 0x00, 0x00, 0x00, 0xff, 0x00, 0x00, 0x00, 0xff, 0x00, 0x00, 0x1a, 0xff, 0x0d, 0x0d, 0x0d, 0xff, 0x19, 0x19, 0x19, 0xff, 0x19, 0x19, 0x19, 0xff, 0x19, 0x19, 0x19, 0xff, 0x19, 0x19, 0x19, 0xff, 0x19, 0x19, 0x1c, 0xff, 0x19, 0x1c, 0x1c, 0xff, 0x1b, 0x1b, 0x1e, 0xff, 0x1b, 0x1b, 0x1e, 0xff, 0x1b, 0x1d, 0x1f, 0xff, 0x1d, 0x1d, 0x21, 0xff, 0x1c, 0x1e, 0x22, 0xff, 0x1e, 0x20, 0x21, 0xff, 0x1e, 0x21, 0x23, 0xff, 0x1f, 0x20, 0x23, 0xff, 0x1e, 0x21, 0x24, 0xff, 0x20, 0x22, 0x25, 0xff, 0x20, 0x23, 0x26, 0xff, 0x20, 0x24, 0x26, 0xff, 0x21, 0x24, 0x27, 0xff, 0x22, 0x25, 0x27, 0xff, 0x22, 0x26, 0x29, 0xff, 0x23, 0x26, 0x29, 0xff, 0x22, 0x22, 0x22, 0xff, 0x00, 0x00, 0x00, 0xff, 0x57, 0x66, 0x71, 0xff, 0x55, 0x6a, 0x6a, 0xff, 0x00, 0x00, 0x00, 0xff, 
  0x00, 0x00, 0x00, 0xff, 0x00, 0x00, 0x00, 0xff, 0x00, 0x00, 0x00, 0xff, 0x00, 0x00, 0x00, 0xff, 0x00, 0x00, 0x00, 0xff, 0x00, 0x00, 0x00, 0xff, 0x00, 0x00, 0x00, 0xff, 0x00, 0x00, 0x00, 0xff, 0x00, 0x00, 0x00, 0xff, 0x00, 0x00, 0x00, 0xff, 0x00, 0x00, 0x00, 0xff, 0x00, 0x00, 0x00, 0xff, 0x00, 0x00, 0x00, 0xff, 0x00, 0x00, 0x00, 0xff, 0x00, 0x00, 0x00, 0xff, 0x00, 0x00, 0x00, 0xff, 0x00, 0x00, 0x00, 0xff, 0x00, 0x00, 0x00, 0xff, 0x00, 0x00, 0x00, 0xff, 0x00, 0x00, 0x00, 0xff, 0x00, 0x00, 0x00, 0xff, 0x00, 0x00, 0x00, 0xff, 0x00, 0x00, 0x00, 0xff, 0x00, 0x00, 0x00, 0xff, 0x00, 0x00, 0x00, 0xff, 0x00, 0x00, 0x00, 0xff, 0x1a, 0x1a, 0x1a, 0xff, 0x19, 0x19, 0x19, 0xff, 0x19, 0x19, 0x19, 0xff, 0x14, 0x14, 0x19, 0xff, 0x19, 0x19, 0x1d, 0xff, 0x19, 0x19, 0x1c, 0xff, 0x19, 0x1c, 0x1c, 0xff, 0x19, 0x1b, 0x1b, 0xff, 0x1b, 0x1e, 0x20, 0xff, 0x1b, 0x1d, 0x1f, 0xff, 0x1d, 0x1f, 0x21, 0xff, 0x1d, 0x1e, 0x20, 0xff, 0x1e, 0x20, 0x21, 0xff, 0x1e, 0x1f, 0x23, 0xff, 0x1f, 0x20, 0x24, 0xff, 0x1e, 0x21, 0x24, 0xff, 0x20, 0x22, 0x25, 0xff, 0x20, 0x23, 0x26, 0xff, 0x20, 0x24, 0x26, 0xff, 0x21, 0x24, 0x27, 0xff, 0x22, 0x25, 0x28, 0xff, 0x22, 0x26, 0x29, 0xff, 0x22, 0x26, 0x29, 0xff, 0x22, 0x22, 0x22, 0xff, 0x00, 0x00, 0x00, 0xff, 0x56, 0x68, 0x73, 0xff, 0x4e, 0x62, 0x76, 0xff, 0x00, 0x00, 0x00, 0xff, 
  0x00, 0x00, 0x00, 0xff, 0x00, 0x00, 0x00, 0xff, 0x00, 0x00, 0x00, 0xff, 0x00, 0x00, 0x00, 0xff, 0x00, 0x00, 0x00, 0xff, 0x00, 0x00, 0x00, 0xff, 0x00, 0x00, 0x00, 0xff, 0x00, 0x00, 0x00, 0xff, 0x00, 0x00, 0x00, 0xff, 0x00, 0x00, 0x00, 0xff, 0x00, 0x00, 0x00, 0xff, 0x00, 0x00, 0x00, 0xff, 0x00, 0x00, 0x00, 0xff, 0x00, 0x00, 0x00, 0xff, 0x00, 0x00, 0x00, 0xff, 0x00, 0x00, 0x00, 0xff, 0x00, 0x00, 0x00, 0xff, 0x00, 0x00, 0x00, 0xff, 0x00, 0x00, 0x00, 0xff, 0x00, 0x00, 0x00, 0xff, 0x00, 0x00, 0x00, 0xff, 0x00, 0x00, 0x00, 0xff, 0x00, 0x00, 0x00, 0xff, 0x00, 0x00, 0x00, 0xff, 0x00, 0x00, 0x00, 0xff, 0x1a, 0x1a, 0x1a, 0xff, 0x1a, 0x1a, 0x1a, 0xff, 0x1a, 0x1a, 0x1a, 0xff, 0x13, 0x13, 0x19, 0xff, 0x19, 0x19, 0x19, 0xff, 0x19, 0x19, 0x19, 0xff, 0x19, 0x19, 0x1c, 0xff, 0x1c, 0x1c, 0x1c, 0xff, 0x1b, 0x1b, 0x1e, 0xff, 0x1b, 0x1b, 0x1e, 0xff, 0x1b, 0x1d, 0x1f, 0xff, 0x1d, 0x1d, 0x21, 0xff, 0x1c, 0x1e, 0x20, 0xff, 0x1e, 0x20, 0x21, 0xff, 0x1e, 0x1f, 0x23, 0xff, 0x1f, 0x20, 0x23, 0xff, 0x1e, 0x21, 0x24, 0xff, 0x1f, 0x22, 0x25, 0xff, 0x20, 0x23, 0x26, 0xff, 0x20, 0x24, 0x26, 0xff, 0x21, 0x24, 0x27, 0xff, 0x22, 0x25, 0x28, 0xff, 0x22, 0x26, 0x29, 0xff, 0x23, 0x27, 0x29, 0xff, 0x22, 0x22, 0x22, 0xff, 0x00, 0x00, 0x00, 0xff, 0x56, 0x64, 0x72, 0xff, 0x4e, 0x62, 0x76, 0xff, 0x00, 0x00, 0x00, 0xff, 
  0x00, 0x00, 0x00, 0xff, 0x00, 0x00, 0x00, 0xff, 0x00, 0x00, 0x00, 0xff, 0x00, 0x00, 0x00, 0xff, 0x00, 0x00, 0x00, 0xff, 0x00, 0x00, 0x00, 0xff, 0x00, 0x00, 0x00, 0xff, 0x00, 0x00, 0x00, 0xff, 0x00, 0x00, 0x00, 0xff, 0x00, 0x00, 0x00, 0xff, 0x00, 0x00, 0x00, 0xff, 0x00, 0x00, 0x00, 0xff, 0x00, 0x00, 0x00, 0xff, 0x00, 0x00, 0x00, 0xff, 0x00, 0x00, 0x00, 0xff, 0x00, 0x00, 0x00, 0xff, 0x00, 0x00, 0x00, 0xff, 0x00, 0x00, 0x00, 0xff, 0x00, 0x00, 0x00, 0xff, 0x00, 0x00, 0x00, 0xff, 0x00, 0x00, 0x00, 0xff, 0x00, 0x00, 0x00, 0xff, 0x00, 0x00, 0x00, 0xff, 0x00, 0x00, 0x00, 0xff, 0x00, 0x00, 0x00, 0xff, 0x1a, 0x1a, 0x1a, 0xff, 0x0d, 0x0d, 0x1a, 0xff, 0x19, 0x19, 0x19, 0xff, 0x19, 0x19, 0x19, 0xff, 0x19, 0x19, 0x19, 0xff, 0x19, 0x19, 0x1d, 0xff, 0x19, 0x19, 0x1c, 0xff, 0x19, 0x1c, 0x1c, 0xff, 0x1b, 0x1b, 0x1e, 0xff, 0x1b, 0x1b, 0x1e, 0xff, 0x1b, 0x1d, 0x1f, 0xff, 0x1d, 0x1d, 0x21, 0xff, 0x1d, 0x1e, 0x20, 0xff, 0x1e, 0x20, 0x21, 0xff, 0x1e, 0x21, 0x23, 0xff, 0x1f, 0x20, 0x23, 0xff, 0x1e, 0x21, 0x24, 0xff, 0x20, 0x22, 0x25, 0xff, 0x20, 0x23, 0x26, 0xff, 0x20, 0x24, 0x26, 0xff, 0x21, 0x24, 0x27, 0xff, 0x22, 0x25, 0x28, 0xff, 0x22, 0x26, 0x29, 0xff, 0x23, 0x26, 0x29, 0xff, 0x22, 0x22, 0x22, 0xff, 0x00, 0x00, 0x00, 0xff, 0x57, 0x65, 0x6f, 0xff, 0x49, 0x5b, 0x6d, 0xff, 0x00, 0x00, 0x00, 0xff, 
  0x00, 0x00, 0x00, 0xff, 0x00, 0x00, 0x00, 0xff, 0x00, 0x00, 0x00, 0xff, 0x00, 0x00, 0x00, 0xff, 0x00, 0x00, 0x00, 0xff, 0x00, 0x00, 0x00, 0xff, 0x00, 0x00, 0x00, 0xff, 0x00, 0x00, 0x00, 0xff, 0x00, 0x00, 0x00, 0xff, 0x00, 0x00, 0x00, 0xff, 0x00, 0x00, 0x00, 0xff, 0x00, 0x00, 0x00, 0xff, 0x00, 0x00, 0x00, 0xff, 0x00, 0x00, 0x00, 0xff, 0x00, 0x00, 0x00, 0xff, 0x00, 0x00, 0x00, 0xff, 0x00, 0x00, 0x00, 0xff, 0x00, 0x00, 0x00, 0xff, 0x00, 0x00, 0x00, 0xff, 0x00, 0x00, 0x00, 0xff, 0x00, 0x00, 0x00, 0xff, 0x00, 0x00, 0x00, 0xff, 0x00, 0x00, 0x00, 0xff, 0x00, 0x00, 0x00, 0xff, 0x00, 0x00, 0x00, 0xff, 0x00, 0x00, 0x1a, 0xff, 0x0d, 0x0d, 0x0d, 0xff, 0x19, 0x19, 0x19, 0xff, 0x19, 0x19, 0x19, 0xff, 0x14, 0x14, 0x19, 0xff, 0x19, 0x19, 0x1d, 0xff, 0x19, 0x19, 0x1c, 0xff, 0x19, 0x1c, 0x1c, 0xff, 0x1b, 0x1b, 0x1e, 0xff, 0x1b, 0x1b, 0x1e, 0xff, 0x1d, 0x1d, 0x1f, 0xff, 0x1d, 0x1d, 0x21, 0xff, 0x1d, 0x1e, 0x20, 0xff, 0x1e, 0x20, 0x21, 0xff, 0x1e, 0x1f, 0x23, 0xff, 0x1f, 0x20, 0x24, 0xff, 0x1e, 0x21, 0x24, 0xff, 0x20, 0x22, 0x25, 0xff, 0x20, 0x23, 0x26, 0xff, 0x20, 0x24, 0x26, 0xff, 0x21, 0x24, 0x27, 0xff, 0x22, 0x25, 0x28, 0xff, 0x22, 0x25, 0x29, 0xff, 0x22, 0x26, 0x29, 0xff, 0x22, 0x22, 0x22, 0xff, 0x00, 0x00, 0x00, 0xff, 0x58, 0x65, 0x6f, 0xff, 0x5b, 0x5b, 0x6d, 0xff, 0x00, 0x00, 0x00, 0xff, 
  0x00, 0x00, 0x00, 0xff, 0x00, 0x00, 0x00, 0xff, 0x00, 0x00, 0x00, 0xff, 0x00, 0x00, 0x00, 0xff, 0x00, 0x00, 0x00, 0xff, 0x00, 0x00, 0x00, 0xff, 0x00, 0x00, 0x00, 0xff, 0x00, 0x00, 0x00, 0xff, 0x00, 0x00, 0x00, 0xff, 0x00, 0x00, 0x00, 0xff, 0x00, 0x00, 0x00, 0xff, 0x00, 0x00, 0x00, 0xff, 0x00, 0x00, 0x00, 0xff, 0x00, 0x00, 0x00, 0xff, 0x00, 0x00, 0x00, 0xff, 0x00, 0x00, 0x00, 0xff, 0x00, 0x00, 0x00, 0xff, 0x00, 0x00, 0x00, 0xff, 0x00, 0x00, 0x00, 0xff, 0x00, 0x00, 0x00, 0xff, 0x00, 0x00, 0x00, 0xff, 0x00, 0x00, 0x00, 0xff, 0x00, 0x00, 0x00, 0xff, 0x00, 0x00, 0x00, 0xff, 0x00, 0x00, 0x00, 0xff, 0x1c, 0x1c, 0x1c, 0xff, 0x1a, 0x1a, 0x1a, 0xff, 0x11, 0x11, 0x1a, 0xff, 0x19, 0x19, 0x19, 0xff, 0x19, 0x19, 0x19, 0xff, 0x19, 0x19, 0x19, 0xff, 0x19, 0x19, 0x1c, 0xff, 0x19, 0x19, 0x1c, 0xff, 0x1b, 0x1b, 0x1e, 0xff, 0x1b, 0x1b, 0x1e, 0xff, 0x1b, 0x1d, 0x1f, 0xff, 0x1d, 0x1d, 0x21, 0xff, 0x1c, 0x1e, 0x20, 0xff, 0x1c, 0x1e, 0x21, 0xff, 0x1e, 0x1f, 0x23, 0xff, 0x1f, 0x20, 0x23, 0xff, 0x1e, 0x21, 0x24, 0xff, 0x1f, 0x22, 0x25, 0xff, 0x1f, 0x23, 0x26, 0xff, 0x20, 0x24, 0x26, 0xff, 0x21, 0x24, 0x27, 0xff, 0x22, 0x25, 0x27, 0xff, 0x22, 0x26, 0x29, 0xff, 0x23, 0x26, 0x29, 0xff, 0x22, 0x22, 0x22, 0xff, 0x00, 0x00, 0x00, 0xff, 0x56, 0x63, 0x70, 0xff, 0x5b, 0x6d, 0x6d, 0xff, 0x00, 0x00, 0x00, 0xff, 
  0x00, 0x00, 0x00, 0xff, 0x00, 0x00, 0x00, 0xff, 0x00, 0x00, 0x00, 0xff, 0x00, 0x00, 0x00, 0xff, 0x00, 0x00, 0x00, 0xff, 0x00, 0x00, 0x00, 0xff, 0x00, 0x00, 0x00, 0xff, 0x00, 0x00, 0x00, 0xff, 0x00, 0x00, 0x00, 0xff, 0x00, 0x00, 0x00, 0xff, 0x00, 0x00, 0x00, 0xff, 0x00, 0x00, 0x00, 0xff, 0x00, 0x00, 0x00, 0xff, 0x00, 0x00, 0x00, 0xff, 0x00, 0x00, 0x00, 0xff, 0x00, 0x00, 0x00, 0xff, 0x00, 0x00, 0x00, 0xff, 0x00, 0x00, 0x00, 0xff, 0x00, 0x00, 0x00, 0xff, 0x00, 0x00, 0x00, 0xff, 0x00, 0x00, 0x00, 0xff, 0x00, 0x00, 0x00, 0xff, 0x00, 0x00, 0x00, 0xff, 0x00, 0x00, 0x00, 0xff, 0x00, 0x00, 0x00, 0xff, 0x00, 0x00, 0x00, 0xff, 0x1a, 0x1a, 0x1a, 0xff, 0x19, 0x19, 0x19, 0xff, 0x13, 0x13, 0x19, 0xff, 0x19, 0x19, 0x19, 0xff, 0x19, 0x19, 0x1d, 0xff, 0x19, 0x19, 0x1c, 0xff, 0x19, 0x19, 0x1c, 0xff, 0x1b, 0x1b, 0x1e, 0xff, 0x1b, 0x1e, 0x20, 0xff, 0x1b, 0x1d, 0x1f, 0xff, 0x1b, 0x1d, 0x1f, 0xff, 0x1d, 0x1e, 0x20, 0xff, 0x1e, 0x20, 0x21, 0xff, 0x1e, 0x1f, 0x23, 0xff, 0x1f, 0x20, 0x23, 0xff, 0x1e, 0x21, 0x24, 0xff, 0x20, 0x22, 0x25, 0xff, 0x20, 0x23, 0x26, 0xff, 0x20, 0x24, 0x26, 0xff, 0x21, 0x24, 0x27, 0xff, 0x22, 0x25, 0x28, 0xff, 0x22, 0x25, 0x29, 0xff, 0x22, 0x26, 0x29, 0xff, 0x22, 0x22, 0x22, 0xff, 0x00, 0x00, 0x00, 0xff, 0x57, 0x67, 0x73, 0xff, 0x55, 0x66, 0x66, 0xff, 0x00, 0x00, 0x00, 0xff, 
  0x00, 0x00, 0x00, 0xff, 0x00, 0x00, 0x00, 0xff, 0x00, 0x00, 0x00, 0xff, 0x00, 0x00, 0x00, 0xff, 0x00, 0x00, 0x00, 0xff, 0x00, 0x00, 0x00, 0xff, 0x00, 0x00, 0x00, 0xff, 0x00, 0x00, 0x00, 0xff, 0x00, 0x00, 0x00, 0xff, 0x00, 0x00, 0x00, 0xff, 0x00, 0x00, 0x00, 0xff, 0x00, 0x00, 0x00, 0xff, 0x00, 0x00, 0x00, 0xff, 0x00, 0x00, 0x00, 0xff, 0x00, 0x00, 0x00, 0xff, 0x00, 0x00, 0x00, 0xff, 0x00, 0x00, 0x00, 0xff, 0x00, 0x00, 0x00, 0xff, 0x00, 0x00, 0x00, 0xff, 0x00, 0x00, 0x00, 0xff, 0x00, 0x00, 0x00, 0xff, 0x00, 0x00, 0x00, 0xff, 0x00, 0x00, 0x00, 0xff, 0x00, 0x00, 0x00, 0xff, 0x00, 0x00, 0x00, 0xff, 0x1a, 0x1a, 0x1a, 0xff, 0x0d, 0x0d, 0x1a, 0xff, 0x11, 0x11, 0x1a, 0xff, 0x19, 0x19, 0x19, 0xff, 0x19, 0x19, 0x19, 0xff, 0x19, 0x19, 0x19, 0xff, 0x19, 0x19, 0x1c, 0xff, 0x19, 0x1c, 0x1c, 0xff, 0x1b, 0x1b, 0x1e, 0xff, 0x1b, 0x1b, 0x1e, 0xff, 0x1b, 0x1d, 0x1f, 0xff, 0x1d, 0x1f, 0x21, 0xff, 0x1d, 0x1e, 0x20, 0xff, 0x1c, 0x20, 0x21, 0xff, 0x1e, 0x1f, 0x23, 0xff, 0x1f, 0x20, 0x23, 0xff, 0x1e, 0x21, 0x24, 0xff, 0x20, 0x22, 0x25, 0xff, 0x1f, 0x23, 0x26, 0xff, 0x21, 0x24, 0x26, 0xff, 0x21, 0x24, 0x27, 0xff, 0x22, 0x25, 0x28, 0xff, 0x22, 0x26, 0x29, 0xff, 0x23, 0x26, 0x29, 0xff, 0x22, 0x22, 0x22, 0xff, 0x00, 0x00, 0x00, 0xff, 0x58, 0x67, 0x70, 0xff, 0x55, 0x66, 0x77, 0xff, 0x00, 0x00, 0x00, 0xff, 
  0x00, 0x00, 0x00, 0xff, 0x00, 0x00, 0x00, 0xff, 0x00, 0x00, 0x00, 0xff, 0x00, 0x00, 0x00, 0xff, 0x00, 0x00, 0x00, 0xff, 0x00, 0x00, 0x00, 0xff, 0x00, 0x00, 0x00, 0xff, 0x00, 0x00, 0x00, 0xff, 0x00, 0x00, 0x00, 0xff, 0x00, 0x00, 0x00, 0xff, 0x00, 0x00, 0x00, 0xff, 0x00, 0x00, 0x00, 0xff, 0x00, 0x00, 0x00, 0xff, 0x00, 0x00, 0x00, 0xff, 0x00, 0x00, 0x00, 0xff, 0x00, 0x00, 0x00, 0xff, 0x00, 0x00, 0x00, 0xff, 0x00, 0x00, 0x00, 0xff, 0x00, 0x00, 0x00, 0xff, 0x00, 0x00, 0x00, 0xff, 0x00, 0x00, 0x00, 0xff, 0x00, 0x00, 0x00, 0xff, 0x00, 0x00, 0x00, 0xff, 0x00, 0x00, 0x00, 0xff, 0x00, 0x00, 0x00, 0xff, 0x00, 0x00, 0x1a, 0xff, 0x0d, 0x0d, 0x0d, 0xff, 0x19, 0x19, 0x19, 0xff, 0x19, 0x19, 0x19, 0xff, 0x19, 0x19, 0x19, 0xff, 0x19, 0x19, 0x19, 0xff, 0x19, 0x19, 0x1c, 0xff, 0x19, 0x1c, 0x1c, 0xff, 0x1b, 0x1b, 0x1e, 0xff, 0x1b, 0x1b, 0x1e, 0xff, 0x1b, 0x1d, 0x1f, 0xff, 0x1d, 0x1d, 0x21, 0xff, 0x1c, 0x1e, 0x22, 0xff, 0x1e, 0x20, 0x21, 0xff, 0x1e, 0x21, 0x23, 0xff, 0x1f, 0x20, 0x23, 0xff, 0x1e, 0x21, 0x24, 0xff, 0x20, 0x22, 0x25, 0xff, 0x20, 0x23, 0x26, 0xff, 0x20, 0x24, 0x26, 0xff, 0x21, 0x24, 0x27, 0xff, 0x22, 0x25, 0x27, 0xff, 0x22, 0x26, 0x29, 0xff, 0x23, 0x26, 0x29, 0xff, 0x22, 0x22, 0x22, 0xff, 0x00, 0x00, 0x00, 0xff, 0x56, 0x65, 0x74, 0xff, 0x55, 0x66, 0x77, 0xff, 0x00, 0x00, 0x00, 0xff, 
  0x00, 0x00, 0x00, 0xff, 0x00, 0x00, 0x00, 0xff, 0x00, 0x00, 0x00, 0xff, 0x00, 0x00, 0x00, 0xff, 0x00, 0x00, 0x00, 0xff, 0x00, 0x00, 0x00, 0xff, 0x00, 0x00, 0x00, 0xff, 0x00, 0x00, 0x00, 0xff, 0x00, 0x00, 0x00, 0xff, 0x00, 0x00, 0x00, 0xff, 0x00, 0x00, 0x00, 0xff, 0x00, 0x00, 0x00, 0xff, 0x00, 0x00, 0x00, 0xff, 0x00, 0x00, 0x00, 0xff, 0x00, 0x00, 0x00, 0xff, 0x00, 0x00, 0x00, 0xff, 0x00, 0x00, 0x00, 0xff, 0x00, 0x00, 0x00, 0xff, 0x00, 0x00, 0x00, 0xff, 0x00, 0x00, 0x00, 0xff, 0x00, 0x00, 0x00, 0xff, 0x00, 0x00, 0x00, 0xff, 0x00, 0x00, 0x00, 0xff, 0x00, 0x00, 0x00, 0xff, 0x00, 0x00, 0x00, 0xff, 0x00, 0x00, 0x00, 0xff, 0x1a, 0x1a, 0x1a, 0xff, 0x19, 0x19, 0x19, 0xff, 0x19, 0x19, 0x19, 0xff, 0x14, 0x14, 0x19, 0xff, 0x19, 0x19, 0x1d, 0xff, 0x19, 0x19, 0x1c, 0xff, 0x19, 0x1c, 0x1c, 0xff, 0x19, 0x1b, 0x1b, 0xff, 0x1b, 0x1e, 0x20, 0xff, 0x1b, 0x1d, 0x1f, 0xff, 0x1d, 0x1f, 0x21, 0xff, 0x1d, 0x1e, 0x20, 0xff, 0x1e, 0x20, 0x21, 0xff, 0x1e, 0x1f, 0x23, 0xff, 0x1f, 0x20, 0x24, 0xff, 0x1e, 0x21, 0x24, 0xff, 0x20, 0x22, 0x25, 0xff, 0x20, 0x23, 0x26, 0xff, 0x20, 0x24, 0x26, 0xff, 0x21, 0x24, 0x27, 0xff, 0x22, 0x25, 0x28, 0xff, 0x22, 0x26, 0x29, 0xff, 0x22, 0x26, 0x29, 0xff, 0x22, 0x22, 0x22, 0xff, 0x00, 0x00, 0x00, 0xff, 0x57, 0x65, 0x74, 0xff, 0x50, 0x60, 0x70, 0xff, 0x00, 0x00, 0x00, 0xff, 
  0x00, 0x00, 0x00, 0xff, 0x00, 0x00, 0x00, 0xff, 0x00, 0x00, 0x00, 0xff, 0x00, 0x00, 0x00, 0xff, 0x00, 0x00, 0x00, 0xff, 0x00, 0x00, 0x00, 0xff, 0x00, 0x00, 0x00, 0xff, 0x00, 0x00, 0x00, 0xff, 0x00, 0x00, 0x00, 0xff, 0x00, 0x00, 0x00, 0xff, 0x00, 0x00, 0x00, 0xff, 0x00, 0x00, 0x00, 0xff, 0x00, 0x00, 0x00, 0xff, 0x00, 0x00, 0x00, 0xff, 0x00, 0x00, 0x00, 0xff, 0x00, 0x00, 0x00, 0xff, 0x00, 0x00, 0x00, 0xff, 0x00, 0x00, 0x00, 0xff, 0x00, 0x00, 0x00, 0xff, 0x00, 0x00, 0x00, 0xff, 0x00, 0x00, 0x00, 0xff, 0x00, 0x00, 0x00, 0xff, 0x00, 0x00, 0x00, 0xff, 0x00, 0x00, 0x00, 0xff, 0x00, 0x00, 0x00, 0xff, 0x1a, 0x1a, 0x1a, 0xff, 0x1a, 0x1a, 0x1a, 0xff, 0x1a, 0x1a, 0x1a, 0xff, 0x13, 0x13, 0x19, 0xff, 0x19, 0x19, 0x19, 0xff, 0x19, 0x19, 0x19, 0xff, 0x19, 0x19, 0x1c, 0xff, 0x1c, 0x1c, 0x1c, 0xff, 0x1b, 0x1b, 0x1e, 0xff, 0x1b, 0x1b, 0x1e, 0xff, 0x1b, 0x1d, 0x1f, 0xff, 0x1d, 0x1d, 0x21, 0xff, 0x1c, 0x1e, 0x20, 0xff, 0x1e, 0x20, 0x21, 0xff, 0x1e, 0x1f, 0x23, 0xff, 0x1f, 0x20, 0x23, 0xff, 0x1e, 0x21, 0x24, 0xff, 0x1f, 0x22, 0x25, 0xff, 0x20, 0x23, 0x26, 0xff, 0x20, 0x24, 0x26, 0xff, 0x21, 0x24, 0x27, 0xff, 0x22, 0x25, 0x28, 0xff, 0x22, 0x26, 0x29, 0xff, 0x23, 0x27, 0x29, 0xff, 0x22, 0x22, 0x22, 0xff, 0x00, 0x00, 0x00, 0xff, 0x58, 0x66, 0x71, 0xff, 0x50, 0x60, 0x70, 0xff, 0x00, 0x00, 0x00, 0xff, 
  0x00, 0x00, 0x00, 0xff, 0x00, 0x00, 0x00, 0xff, 0x00, 0x00, 0x00, 0xff, 0x00, 0x00, 0x00, 0xff, 0x00, 0x00, 0x00, 0xff, 0x00, 0x00, 0x00, 0xff, 0x00, 0x00, 0x00, 0xff, 0x00, 0x00, 0x00, 0xff, 0x00, 0x00, 0x00, 0xff, 0x00, 0x00, 0x00, 0xff, 0x00, 0x00, 0x00, 0xff, 0x00, 0x00, 0x00, 0xff, 0x00, 0x00, 0x00, 0xff, 0x00, 0x00, 0x00, 0xff, 0x00, 0x00, 0x00, 0xff, 0x00, 0x00, 0x00, 0xff, 0x00, 0x00, 0x00, 0xff, 0x00, 0x00, 0x00, 0xff, 0x00, 0x00, 0x00, 0xff, 0x00, 0x00, 0x00, 0xff, 0x00, 0x00, 0x00, 0xff, 0x00, 0x00, 0x00, 0xff, 0x00, 0x00, 0x00, 0xff, 0x00, 0x00, 0x00, 0xff, 0x00, 0x00, 0x00, 0xff, 0x1a, 0x1a, 0x1a, 0xff, 0x0d, 0x0d, 0x1a, 0xff, 0x19, 0x19, 0x19, 0xff, 0x19, 0x19, 0x19, 0xff, 0x19, 0x19, 0x19, 0xff, 0x19, 0x19, 0x1d, 0xff, 0x19, 0x19, 0x1c, 0xff, 0x19, 0x1c, 0x1c, 0xff, 0x1b, 0x1b, 0x1e, 0xff, 0x1b, 0x1b, 0x1e, 0xff, 0x1b, 0x1d, 0x1f, 0xff, 0x1d, 0x1d, 0x21, 0xff, 0x1d, 0x1e, 0x20, 0xff, 0x1e, 0x20, 0x21, 0xff, 0x1e, 0x21, 0x23, 0xff, 0x1f, 0x20, 0x23, 0xff, 0x1e, 0x21, 0x24, 0xff, 0x20, 0x22, 0x25, 0xff, 0x20, 0x23, 0x26, 0xff, 0x20, 0x24, 0x26, 0xff, 0x21, 0x24, 0x27, 0xff, 0x22, 0x25, 0x28, 0xff, 0x22, 0x26, 0x29, 0xff, 0x23, 0x26, 0x29, 0xff, 0x22, 0x22, 0x22, 0xff, 0x00, 0x00, 0x00, 0xff, 0x56, 0x67, 0x72, 0xff, 0x60, 0x60, 0x70, 0xff, 0x00, 0x00, 0x00, 0xff, 
  0x00, 0x00, 0x00, 0xff, 0x00, 0x00, 0x00, 0xff, 0x00, 0x00, 0x00, 0xff, 0x00, 0x00, 0x00, 0xff, 0x00, 0x00, 0x00, 0xff, 0x00, 0x00, 0x00, 0xff, 0x00, 0x00, 0x00, 0xff, 0x00, 0x00, 0x00, 0xff, 0x00, 0x00, 0x00, 0xff, 0x00, 0x00, 0x00, 0xff, 0x00, 0x00, 0x00, 0xff, 0x00, 0x00, 0x00, 0xff, 0x00, 0x00, 0x00, 0xff, 0x00, 0x00, 0x00, 0xff, 0x00, 0x00, 0x00, 0xff, 0x00, 0x00, 0x00, 0xff, 0x00, 0x00, 0x00, 0xff, 0x00, 0x00, 0x00, 0xff, 0x00, 0x00, 0x00, 0xff, 0x00, 0x00, 0x00, 0xff, 0x00, 0x00, 0x00, 0xff, 0x00, 0x00, 0x00, 0xff, 0x00, 0x00, 0x00, 0xff, 0x00, 0x00, 0x00, 0xff, 0x00, 0x00, 0x00, 0xff, 0x00, 0x00, 0x1a, 0xff, 0x0d, 0x0d, 0x0d, 0xff, 0x19, 0x19, 0x19, 0xff, 0x19, 0x19, 0x19, 0xff, 0x14, 0x14, 0x19, 0xff, 0x19, 0x19, 0x1d, 0xff, 0x19, 0x19, 0x1c, 0xff, 0x19, 0x1c, 0x1c, 0xff, 0x1b, 0x1b, 0x1e, 0xff, 0x1b, 0x1b, 0x1e, 0xff, 0x1d, 0x1d, 0x1f, 0xff, 0x1d, 0x1d, 0x21, 0xff, 0x1d, 0x1e, 0x20, 0xff, 0x1e, 0x20, 0x21, 0xff, 0x1e, 0x1f, 0x23, 0xff, 0x1f, 0x20, 0x24, 0xff, 0x1e, 0x21, 0x24, 0xff, 0x20, 0x22, 0x25, 0xff, 0x20, 0x23, 0x26, 0xff, 0x20, 0x24, 0x26, 0xff, 0x21, 0x24, 0x27, 0xff, 0x22, 0x25, 0x28, 0xff, 0x22, 0x25, 0x29, 0xff, 0x22, 0x26, 0x29, 0xff, 0x22, 0x22, 0x22, 0xff, 0x00, 0x00, 0x00, 0xff, 0x56, 0x66, 0x71, 0xff, 0x5a, 0x69, 0x69, 0xff, 0x00, 0x00, 0x00, 0xff, 
  0x00, 0x00, 0x00, 0xff, 0x00, 0x00, 0x00, 0xff, 0x00, 0x00, 0x00, 0xff, 0x00, 0x00, 0x00, 0xff, 0x00, 0x00, 0x00, 0xff, 0x00, 0x00, 0x00, 0xff, 0x00, 0x00, 0x00, 0xff, 0x00, 0x00, 0x00, 0xff, 0x00, 0x00, 0x00, 0xff, 0x00, 0x00, 0x00, 0xff, 0x00, 0x00, 0x00, 0xff, 0x00, 0x00, 0x00, 0xff, 0x00, 0x00, 0x00, 0xff, 0x00, 0x00, 0x00, 0xff, 0x00, 0x00, 0x00, 0xff, 0x00, 0x00, 0x00, 0xff, 0x00, 0x00, 0x00, 0xff, 0x00, 0x00, 0x00, 0xff, 0x00, 0x00, 0x00, 0xff, 0x00, 0x00, 0x00, 0xff, 0x00, 0x00, 0x00, 0xff, 0x00, 0x00, 0x00, 0xff, 0x00, 0x00, 0x00, 0xff, 0x00, 0x00, 0x00, 0xff, 0x00, 0x00, 0x00, 0xff, 0x1c, 0x1c, 0x1c, 0xff, 0x1a, 0x1a, 0x1a, 0xff, 0x11, 0x11, 0x1a, 0xff, 0x19, 0x19, 0x19, 0xff, 0x19, 0x19, 0x19, 0xff, 0x19, 0x19, 0x19, 0xff, 0x19, 0x19, 0x1c, 0xff, 0x19, 0x19, 0x1c, 0xff, 0x1b, 0x1b, 0x1e, 0xff, 0x1b, 0x1b, 0x1e, 0xff, 0x1b, 0x1d, 0x1f, 0xff, 0x1d, 0x1d, 0x21, 0xff, 0x1c, 0x1e, 0x20, 0xff, 0x1c, 0x1e, 0x21, 0xff, 0x1e, 0x1f, 0x23, 0xff, 0x1f, 0x20, 0x23, 0xff, 0x1e, 0x21, 0x24, 0xff, 0x1f, 0x22, 0x25, 0xff, 0x1f, 0x23, 0x26, 0xff, 0x20, 0x24, 0x26, 0xff, 0x21, 0x24, 0x27, 0xff, 0x22, 0x25, 0x27, 0xff, 0x22, 0x26, 0x29, 0xff, 0x23, 0x26, 0x29, 0xff, 0x22, 0x22, 0x22, 0xff, 0x00, 0x00, 0x00, 0xff, 0x57, 0x64, 0x71, 0xff, 0x5a, 0x69, 0x78, 0xff, 0x00, 0x00, 0x00, 0xff, 
  0x00, 0x00, 0x00, 0xff, 0x00, 0x00, 0x00, 0xff, 0x00, 0x00, 0x00, 0xff, 0x00, 0x00, 0x00, 0xff, 0x00, 0x00, 0x00, 0xff, 0x00, 0x00, 0x00, 0xff, 0x00, 0x00, 0x00, 0xff, 0x00, 0x00, 0x00, 0xff, 0x00, 0x00, 0x00, 0xff, 0x00, 0x00, 0x00, 0xff, 0x00, 0x00, 0x00, 0xff, 0x00, 0x00, 0x00, 0xff, 0x00, 0x00, 0x00, 0xff, 0x00, 0x00, 0x00, 0xff, 0x00, 0x00, 0x00, 0xff, 0x00, 0x00, 0x00, 0xff, 0x00, 0x00, 0x00, 0xff, 0x00, 0x00, 0x00, 0xff, 0x00, 0x00, 0x00, 0xff, 0x00, 0x00, 0x00, 0xff, 0x00, 0x00, 0x00, 0xff, 0x00, 0x00, 0x00, 0xff, 0x00, 0x00, 0x00, 0xff, 0x00, 0x00, 0x00, 0xff, 0x00, 0x00, 0x00, 0xff, 0x00, 0x00, 0x00, 0xff, 0x1a, 0x1a, 0x1a, 0xff, 0x19, 0x19, 0x19, 0xff, 0x13, 0x13, 0x19, 0xff, 0x19, 0x19, 0x19, 0xff, 0x19, 0x19, 0x1d, 0xff, 0x19, 0x19, 0x1c, 0xff, 0x19, 0x19, 0x1c, 0xff, 0x1b, 0x1b, 0x1e, 0xff, 0x1b, 0x1e, 0x20, 0xff, 0x1b, 0x1d, 0x1f, 0xff, 0x1b, 0x1d, 0x1f, 0xff, 0x1d, 0x1e, 0x20, 0xff, 0x1e, 0x20, 0x21, 0xff, 0x1e, 0x1f, 0x23, 0xff, 0x1f, 0x20, 0x23, 0xff, 0x1e, 0x21, 0x24, 0xff, 0x20, 0x22, 0x25, 0xff, 0x20, 0x23, 0x26, 0xff, 0x20, 0x24, 0x26, 0xff, 0x21, 0x24, 0x27, 0xff, 0x22, 0x25, 0x28, 0xff, 0x22, 0x25, 0x29, 0xff, 0x22, 0x26, 0x29, 0xff, 0x22, 0x22, 0x22, 0xff, 0x00, 0x00, 0x00, 0xff, 0x58, 0x67, 0x71, 0xff, 0x55, 0x63, 0x71, 0xff, 0x00, 0x00, 0x00, 0xff, 
  0x00, 0x00, 0x00, 0xff, 0x00, 0x00, 0x00, 0xff, 0x00, 0x00, 0x00, 0xff, 0x00, 0x00, 0x00, 0xff, 0x00, 0x00, 0x00, 0xff, 0x00, 0x00, 0x00, 0xff, 0x00, 0x00, 0x00, 0xff, 0x00, 0x00, 0x00, 0xff, 0x00, 0x00, 0x00, 0xff, 0x00, 0x00, 0x00, 0xff, 0x00, 0x00, 0x00, 0xff, 0x00, 0x00, 0x00, 0xff, 0x00, 0x00, 0x00, 0xff, 0x00, 0x00, 0x00, 0xff, 0x00, 0x00, 0x00, 0xff, 0x00, 0x00, 0x00, 0xff, 0x00, 0x00, 0x00, 0xff, 0x00, 0x00, 0x00, 0xff, 0x00, 0x00, 0x00, 0xff, 0x00, 0x00, 0x00, 0xff, 0x00, 0x00, 0x00, 0xff, 0x00, 0x00, 0x00, 0xff, 0x00, 0x00, 0x00, 0xff, 0x00, 0x00, 0x00, 0xff, 0x00, 0x00, 0x00, 0xff, 0x1a, 0x1a, 0x1a, 0xff, 0x0d, 0x0d, 0x1a, 0xff, 0x11, 0x11, 0x1a, 0xff, 0x19, 0x19, 0x19, 0xff, 0x19, 0x19, 0x19, 0xff, 0x19, 0x19, 0x19, 0xff, 0x19, 0x19, 0x1c, 0xff, 0x19, 0x1c, 0x1c, 0xff, 0x1b, 0x1b, 0x1e, 0xff, 0x1b, 0x1b, 0x1e, 0xff, 0x1b, 0x1d, 0x1f, 0xff, 0x1d, 0x1f, 0x21, 0xff, 0x1d, 0x1e, 0x20, 0xff, 0x1c, 0x20, 0x21, 0xff, 0x1e, 0x1f, 0x23, 0xff, 0x1f, 0x20, 0x23, 0xff, 0x1e, 0x21, 0x24, 0xff, 0x20, 0x22, 0x25, 0xff, 0x1f, 0x23, 0x26, 0xff, 0x21, 0x24, 0x26, 0xff, 0x21, 0x24, 0x27, 0xff, 0x22, 0x25, 0x28, 0xff, 0x22, 0x26, 0x29, 0xff, 0x23, 0x26, 0x29, 0xff, 0x22, 0x22, 0x22, 0xff, 0x00, 0x00, 0x00, 0xff, 0x56, 0x65, 0x72, 0xff, 0x55, 0x63, 0x71, 0xff, 0x00, 0x00, 0x00, 0xff, 
  0x00, 0x00, 0x00, 0xff, 0x00, 0x00, 0x00, 0xff, 0x00, 0x00, 0x00, 0xff, 0x00, 0x00, 0x00, 0xff, 0x00, 0x00, 0x00, 0xff, 0x00, 0x00, 0x00, 0xff, 0x00, 0x00, 0x00, 0xff, 0x00, 0x00, 0x00, 0xff, 0x00, 0x00, 0x00, 0xff, 0x00, 0x00, 0x00, 0xff, 0x00, 0x00, 0x00, 0xff, 0x00, 0x00, 0x00, 0xff, 0x00, 0x00, 0x00, 0xff, 0x00, 0x00, 0x00, 0xff, 0x00, 0x00, 0x00, 0xff, 0x00, 0x00, 0x00, 0xff, 0x00, 0x00, 0x00, 0xff, 0x00, 0x00, 0x00, 0xff, 0x00, 0x00, 0x00, 0xff, 0x00, 0x00, 0x00, 0xff, 0x00, 0x00, 0x00, 0xff, 0x00, 0x00, 0x00, 0xff, 0x00, 0x00, 0x00, 0xff, 0x00, 0x00, 0x00, 0xff, 0x00, 0x00, 0x00, 0xff, 0x00, 0x00, 0x1a, 0xff, 0x0d, 0x0d, 0x0d, 0xff, 0x19, 0x19, 0x19, 0xff, 0x19, 0x19, 0x19, 0xff, 0x19, 0x19, 0x19, 0xff, 0x19, 0x19, 0x19, 0xff, 0x19, 0x19, 0x1c, 0xff, 0x19, 0x1c, 0x1c, 0xff, 0x1b, 0x1b, 0x1e, 0xff, 0x1b, 0x1b, 0x1e, 0xff, 0x1b, 0x1d, 0x1f, 0xff, 0x1d, 0x1d, 0x21, 0xff, 0x1c, 0x1e, 0x22, 0xff, 0x1e, 0x20, 0x21, 0xff, 0x1e, 0x21, 0x23, 0xff, 0x1f, 0x20, 0x23, 0xff, 0x1e, 0x21, 0x24, 0xff, 0x20, 0x22, 0x25, 0xff, 0x20, 0x23, 0x26, 0xff, 0x20, 0x24, 0x26, 0xff, 0x21, 0x24, 0x27, 0xff, 0x22, 0x25, 0x27, 0xff, 0x22, 0x26, 0x29, 0xff, 0x23, 0x26, 0x29, 0xff, 0x22, 0x22, 0x22, 0xff, 0x00, 0x00, 0x00, 0xff, 0x57, 0x66, 0x72, 0xff, 0x55, 0x63, 0x71, 0xff, 0x00, 0x00, 0x00, 0xff, 
  0x00, 0x00, 0x00, 0xff, 0x00, 0x00, 0x00, 0xff, 0x00, 0x00, 0x00, 0xff, 0x00, 0x00, 0x00, 0xff, 0x00, 0x00, 0x00, 0xff, 0x00, 0x00, 0x00, 0xff, 0x00, 0x00, 0x00, 0xff, 0x00, 0x00, 0x00, 0xff, 0x00, 0x00, 0x00, 0xff, 0x00, 0x00, 0x00, 0xff, 0x00, 0x00, 0x00, 0xff, 0x00, 0x00, 0x00, 0xff, 0x00, 0x00, 0x00, 0xff, 0x00, 0x00, 0x00, 0xff, 0x00, 0x00, 0x00, 0xff, 0x00, 0x00, 0x00, 0xff, 0x00, 0x00, 0x00, 0xff, 0x00, 0x00, 0x00, 0xff, 0x00, 0x00, 0x00, 0xff, 0x00, 0x00, 0x00, 0xff, 0x00, 0x00, 0x00, 0xff, 0x00, 0x00, 0x00, 0xff, 0x00, 0x00, 0x00, 0xff, 0x00, 0x00, 0x00, 0xff, 0x00, 0x00, 0x00, 0xff, 0x00, 0x00, 0x00, 0xff, 0x1a, 0x1a, 0x1a, 0xff, 0x19, 0x19, 0x19, 0xff, 0x19, 0x19, 0x19, 0xff, 0x14, 0x14, 0x19, 0xff, 0x19, 0x19, 0x1d, 0xff, 0x19, 0x19, 0x1c, 0xff, 0x19, 0x1c, 0x1c, 0xff, 0x19, 0x1b, 0x1b, 0xff, 0x1b, 0x1e, 0x20, 0xff, 0x1b, 0x1d, 0x1f, 0xff, 0x1d, 0x1f, 0x21, 0xff, 0x1d, 0x1e, 0x20, 0xff, 0x1e, 0x20, 0x21, 0xff, 0x1e, 0x1f, 0x23, 0xff, 0x1f, 0x20, 0x24, 0xff, 0x1e, 0x21, 0x24, 0xff, 0x20, 0x22, 0x25, 0xff, 0x20, 0x23, 0x26, 0xff, 0x20, 0x24, 0x26, 0xff, 0x21, 0x24, 0x27, 0xff, 0x22, 0x25, 0x28, 0xff, 0x22, 0x26, 0x29, 0xff, 0x22, 0x26, 0x29, 0xff, 0x22, 0x22, 0x22, 0xff, 0x00, 0x00, 0x00, 0xff, 0x57, 0x66, 0x70, 0xff, 0x51, 0x5e, 0x6b, 0xff, 0x00, 0x00, 0x00, 0xff, 
  0x00, 0x00, 0x00, 0xff, 0x00, 0x00, 0x00, 0xff, 0x00, 0x00, 0x00, 0xff, 0x00, 0x00, 0x00, 0xff, 0x00, 0x00, 0x00, 0xff, 0x00, 0x00, 0x00, 0xff, 0x00, 0x00, 0x00, 0xff, 0x00, 0x00, 0x00, 0xff, 0x00, 0x00, 0x00, 0xff, 0x00, 0x00, 0x00, 0xff, 0x00, 0x00, 0x00, 0xff, 0x00, 0x00, 0x00, 0xff, 0x00, 0x00, 0x00, 0xff, 0x00, 0x00, 0x00, 0xff, 0x00, 0x00, 0x00, 0xff, 0x00, 0x00, 0x00, 0xff, 0x00, 0x00, 0x00, 0xff, 0x00, 0x00, 0x00, 0xff, 0x00, 0x00, 0x00, 0xff, 0x00, 0x00, 0x00, 0xff, 0x00, 0x00, 0x00, 0xff, 0x00, 0x00, 0x00, 0xff, 0x00, 0x00, 0x00, 0xff, 0x00, 0x00, 0x00, 0xff, 0x00, 0x00, 0x00, 0xff, 0x1a, 0x1a, 0x1a, 0xff, 0x1a, 0x1a, 0x1a, 0xff, 0x1a, 0x1a, 0x1a, 0xff, 0x13, 0x13, 0x19, 0xff, 0x19, 0x19, 0x19, 0xff, 0x19, 0x19, 0x19, 0xff, 0x19, 0x19, 0x1c, 0xff, 0x1c, 0x1c, 0x1c, 0xff, 0x1b, 0x1b, 0x1e, 0xff, 0x1b, 0x1b, 0x1e, 0xff, 0x1b, 0x1d, 0x1f, 0xff, 0x1d, 0x1d, 0x21, 0xff, 0x1c, 0x1e, 0x20, 0xff, 0x1e, 0x20, 0x21, 0xff, 0x1e, 0x1f, 0x23, 0xff, 0x1f, 0x20, 0x23, 0xff, 0x1e, 0x21, 0x24, 0xff, 0x1f, 0x22, 0x25, 0xff, 0x20, 0x23, 0x26, 0xff, 0x20, 0x24, 0x26, 0xff, 0x21, 0x24, 0x27, 0xff, 0x22, 0x25, 0x28, 0xff, 0x22, 0x26, 0x29, 0xff, 0x23, 0x27, 0x29, 0xff, 0x22, 0x22, 0x22, 0xff, 0x00, 0x00, 0x00, 0xff, 0x58, 0x64, 0x72, 0xff, 0x51, 0x6b, 0x6b, 0xff, 0x00, 0x00, 0x00, 0xff, 
  0x00, 0x00, 0x00, 0xff, 0x00, 0x00, 0x00, 0xff, 0x00, 0x00, 0x00, 0xff, 0x00, 0x00, 0x00, 0xff, 0x00, 0x00, 0x00, 0xff, 0x00, 0x00, 0x00, 0xff, 0x00, 0x00, 0x00, 0xff, 0x00, 0x00, 0x00, 0xff, 0x00, 0x00, 0x00, 0xff, 0x00, 0x00, 0x00, 0xff, 0x00, 0x00, 0x00, 0xff, 0x00, 0x00, 0x00, 0xff, 0x00, 0x00, 0x00, 0xff, 0x00, 0x00, 0x00, 0xff, 0x00, 0x00, 0x00, 0xff, 0x00, 0x00, 0x00, 0xff, 0x00, 0x00, 0x00, 0xff, 0x00, 0x00, 0x00, 0xff, 0x00, 0x00, 0x00, 0xff, 0x00, 0x00, 0x00, 0xff, 0x00, 0x00, 0x00, 0xff, 0x00, 0x00, 0x00, 0xff, 0x00, 0x00, 0x00, 0xff, 0x00, 0x00, 0x00, 0xff, 0x00, 0x00, 0x00, 0xff, 0x1a, 0x1a, 0x1a, 0xff, 0x0d, 0x0d, 0x1a, 0xff, 0x19, 0x19, 0x19, 0xff, 0x19, 0x19, 0x19, 0xff, 0x19, 0x19, 0x19, 0xff, 0x19, 0x19, 0x1d, 0xff, 0x19, 0x19, 0x1c, 0xff, 0x19, 0x1c, 0x1c, 0xff, 0x1b, 0x1b, 0x1e, 0xff, 0x1b, 0x1b, 0x1e, 0xff, 0x1b, 0x1d, 0x1f, 0xff, 0x1d, 0x1d, 0x21, 0xff, 0x1d, 0x1e, 0x20, 0xff, 0x1e, 0x20, 0x21, 0xff, 0x1e, 0x21, 0x23, 0xff, 0x1f, 0x20, 0x23, 0xff, 0x1e, 0x21, 0x24, 0xff, 0x20, 0x22, 0x25, 0xff, 0x20, 0x23, 0x26, 0xff, 0x20, 0x24, 0x26, 0xff, 0x21, 0x24, 0x27, 0xff, 0x22, 0x25, 0x28, 0xff, 0x22, 0x26, 0x29, 0xff, 0x23, 0x26, 0x29, 0xff, 0x22, 0x22, 0x22, 0xff, 0x00, 0x00, 0x00, 0xff, 0x57, 0x65, 0x70, 0xff, 0x5e, 0x6b, 0x79, 0xff, 0x00, 0x00, 0x00, 0xff, 
  0x00, 0x00, 0x00, 0xff, 0x00, 0x00, 0x00, 0xff, 0x00, 0x00, 0x00, 0xff, 0x00, 0x00, 0x00, 0xff, 0x00, 0x00, 0x00, 0xff, 0x00, 0x00, 0x00, 0xff, 0x00, 0x00, 0x00, 0xff, 0x00, 0x00, 0x00, 0xff, 0x00, 0x00, 0x00, 0xff, 0x00, 0x00, 0x00, 0xff, 0x00, 0x00, 0x00, 0xff, 0x00, 0x00, 0x00, 0xff, 0x00, 0x00, 0x00, 0xff, 0x00, 0x00, 0x00, 0xff, 0x00, 0x00, 0x00, 0xff, 0x00, 0x00, 0x00, 0xff, 0x00, 0x00, 0x00, 0xff, 0x00, 0x00, 0x00, 0xff, 0x00, 0x00, 0x00, 0xff, 0x00, 0x00, 0x00, 0xff, 0x00, 0x00, 0x00, 0xff, 0x00, 0x00, 0x00, 0xff, 0x00, 0x00, 0x00, 0xff, 0x00, 0x00, 0x00, 0xff, 0x00, 0x00, 0x00, 0xff, 0x00, 0x00, 0x1a, 0xff, 0x0d, 0x0d, 0x0d, 0xff, 0x19, 0x19, 0x19, 0xff, 0x19, 0x19, 0x19, 0xff, 0x14, 0x14, 0x19, 0xff, 0x19, 0x19, 0x1d, 0xff, 0x19, 0x19, 0x1c, 0xff, 0x19, 0x1c, 0x1c, 0xff, 0x1b, 0x1b, 0x1e, 0xff, 0x1b, 0x1b, 0x1e, 0xff, 0x1d, 0x1d, 0x1f, 0xff, 0x1d, 0x1d, 0x21, 0xff, 0x1d, 0x1e, 0x20, 0xff, 0x1e, 0x20, 0x21, 0xff, 0x1e, 0x1f, 0x23, 0xff, 0x1f, 0x20, 0x24, 0xff, 0x1e, 0x21, 0x24, 0xff, 0x20, 0x22, 0x25, 0xff, 0x20, 0x23, 0x26, 0xff, 0x20, 0x24, 0x26, 0xff, 0x21, 0x24, 0x27, 0xff, 0x22, 0x25, 0x28, 0xff, 0x22, 0x25, 0x29, 0xff, 0x22, 0x26, 0x29, 0xff, 0x22, 0x22, 0x22, 0xff, 0x00, 0x00, 0x00, 0xff, 0x57, 0x66, 0x72, 0xff, 0x59, 0x66, 0x73, 0xff, 0x00, 0x00, 0x00, 0xff, 
  0x00, 0x00, 0x00, 0xff, 0x00, 0x00, 0x00, 0xff, 0x00, 0x00, 0x00, 0xff, 0x00, 0x00, 0x00, 0xff, 0x00, 0x00, 0x00, 0xff, 0x00, 0x00, 0x00, 0xff, 0x00, 0x00, 0x00, 0xff, 0x00, 0x00, 0x00, 0xff, 0x00, 0x00, 0x00, 0xff, 0x00, 0x00, 0x00, 0xff, 0x00, 0x00, 0x00, 0xff, 0x00, 0x00, 0x00, 0xff, 0x00, 0x00, 0x00, 0xff, 0x00, 0x00, 0x00, 0xff, 0x00, 0x00, 0x00, 0xff, 0x00, 0x00, 0x00, 0xff, 0x00, 0x00, 0x00, 0xff, 0x00, 0x00, 0x00, 0xff, 0x00, 0x00, 0x00, 0xff, 0x00, 0x00, 0x00, 0xff, 0x00, 0x00, 0x00, 0xff, 0x00, 0x00, 0x00, 0xff, 0x00, 0x00, 0x00, 0xff, 0x00, 0x00, 0x00, 0xff, 0x00, 0x00, 0x00, 0xff, 0x1c, 0x1c, 0x1c, 0xff, 0x1a, 0x1a, 0x1a, 0xff, 0x11, 0x11, 0x1a, 0xff, 0x19, 0x19, 0x19, 0xff, 0x19, 0x19, 0x19, 0xff, 0x19, 0x19, 0x19, 0xff, 0x19, 0x19, 0x1c, 0xff, 0x19, 0x19, 0x1c, 0xff, 0x1b, 0x1b, 0x1e, 0xff, 0x1b, 0x1b, 0x1e, 0xff, 0x1b, 0x1d, 0x1f, 0xff, 0x1d, 0x1d, 0x21, 0xff, 0x1c, 0x1e, 0x20, 0xff, 0x1c, 0x1e, 0x21, 0xff, 0x1e, 0x1f, 0x23, 0xff, 0x1f, 0x20, 0x23, 0xff, 0x1e, 0x21, 0x24, 0xff, 0x1f, 0x22, 0x25, 0xff, 0x1f, 0x23, 0x26, 0xff, 0x20, 0x24, 0x26, 0xff, 0x21, 0x24, 0x27, 0xff, 0x22, 0x25, 0x27, 0xff, 0x22, 0x26, 0x29, 0xff, 0x23, 0x26, 0x29, 0xff, 0x22, 0x22, 0x22, 0xff, 0x00, 0x00, 0x00, 0xff, 0x57, 0x65, 0x72, 0xff, 0x59, 0x66, 0x73, 0xff, 0x00, 0x00, 0x00, 0xff, 
  0x00, 0x00, 0x00, 0xff, 0x00, 0x00, 0x00, 0xff, 0x00, 0x00, 0x00, 0xff, 0x00, 0x00, 0x00, 0xff, 0x00, 0x00, 0x00, 0xff, 0x00, 0x00, 0x00, 0xff, 0x00, 0x00, 0x00, 0xff, 0x00, 0x00, 0x00, 0xff, 0x00, 0x00, 0x00, 0xff, 0x00, 0x00, 0x00, 0xff, 0x00, 0x00, 0x00, 0xff, 0x00, 0x00, 0x00, 0xff, 0x00, 0x00, 0x00, 0xff, 0x00, 0x00, 0x00, 0xff, 0x00, 0x00, 0x00, 0xff, 0x00, 0x00, 0x00, 0xff, 0x00, 0x00, 0x00, 0xff, 0x00, 0x00, 0x00, 0xff, 0x00, 0x00, 0x00, 0xff, 0x00, 0x00, 0x00, 0xff, 0x00, 0x00, 0x00, 0xff, 0x00, 0x00, 0x00, 0xff, 0x00, 0x00, 0x00, 0xff, 0x00, 0x00, 0x00, 0xff, 0x00, 0x00, 0x00, 0xff, 0x00, 0x00, 0x00, 0xff, 0x1a, 0x1a, 0x1a, 0xff, 0x19, 0x19, 0x19, 0xff, 0x13, 0x13, 0x19, 0xff, 0x19, 0x19, 0x19, 0xff, 0x19, 0x19, 0x1d, 0xff, 0x19, 0x19, 0x1c, 0xff, 0x19, 0x19, 0x1c, 0xff, 0x1b, 0x1b, 0x1e, 0xff, 0x1b, 0x1e, 0x20, 0xff, 0x1b, 0x1d, 0x1f, 0xff, 0x1b, 0x1d, 0x1f, 0xff, 0x1d, 0x1e, 0x20, 0xff, 0x1e, 0x20, 0x21, 0xff, 0x1e, 0x1f, 0x23, 0xff, 0x1f, 0x20, 0x23, 0xff, 0x1e, 0x21, 0x24, 0xff, 0x20, 0x22, 0x25, 0xff, 0x20, 0x23, 0x26, 0xff, 0x20, 0x24, 0x26, 0xff, 0x21, 0x24, 0x27, 0xff, 0x22, 0x25, 0x28, 0xff, 0x22, 0x25, 0x29, 0xff, 0x22, 0x26, 0x29, 0xff, 0x22, 0x22, 0x22, 0xff, 0x00, 0x00, 0x00, 0xff, 0x58, 0x67, 0x72, 0xff, 0x55, 0x61, 0x6d, 0xff, 0x00, 0x00, 0x00, 0xff, 
  0x00, 0x00, 0x00, 0xff, 0x00, 0x00, 0x00, 0xff, 0x00, 0x00, 0x00, 0xff, 0x00, 0x00, 0x00, 0xff, 0x00, 0x00, 0x00, 0xff, 0x00, 0x00, 0x00, 0xff, 0x00, 0x00, 0x00, 0xff, 0x00, 0x00, 0x00, 0xff, 0x00, 0x00, 0x00, 0xff, 0x00, 0x00, 0x00, 0xff, 0x00, 0x00, 0x00, 0xff, 0x00, 0x00, 0x00, 0xff, 0x00, 0x00, 0x00, 0xff, 0x00, 0x00, 0x00, 0xff, 0x00, 0x00, 0x00, 0xff, 0x00, 0x00, 0x00, 0xff, 0x00, 0x00, 0x00, 0xff, 0x00, 0x00, 0x00, 0xff, 0x00, 0x00, 0x00, 0xff, 0x00, 0x00, 0x00, 0xff, 0x00, 0x00, 0x00, 0xff, 0x00, 0x00, 0x00, 0xff, 0x00, 0x00, 0x00, 0xff, 0x00, 0x00, 0x00, 0xff, 0x00, 0x00, 0x00, 0xff, 0x1a, 0x1a, 0x1a, 0xff, 0x0d, 0x0d, 0x1a, 0xff, 0x11, 0x11, 0x1a, 0xff, 0x19, 0x19, 0x19, 0xff, 0x19, 0x19, 0x19, 0xff, 0x19, 0x19, 0x19, 0xff, 0x19, 0x19, 0x1c, 0xff, 0x19, 0x1c, 0x1c, 0xff, 0x1b, 0x1b, 0x1e, 0xff, 0x1b, 0x1b, 0x1e, 0xff, 0x1b, 0x1d, 0x1f, 0xff, 0x1d, 0x1f, 0x21, 0xff, 0x1d, 0x1e, 0x20, 0xff, 0x1c, 0x20, 0x21, 0xff, 0x1e, 0x1f, 0x23, 0xff, 0x1f, 0x20, 0x23, 0xff, 0x1e, 0x21, 0x24, 0xff, 0x20, 0x22, 0x25, 0xff, 0x1f, 0x23, 0x26, 0xff, 0x21, 0x24, 0x26, 0xff, 0x21, 0x24, 0x27, 0xff, 0x22, 0x25, 0x28, 0xff, 0x22, 0x26, 0x29, 0xff, 0x23, 0x26, 0x29, 0xff, 0x22, 0x22, 0x22, 0xff, 0x00, 0x00, 0x00, 0xff, 0x56, 0x66, 0x73, 0xff, 0x55, 0x61, 0x6d, 0xff, 0x00, 0x00, 0x00, 0xff, 
  0x00, 0x00, 0x00, 0xff, 0x00, 0x00, 0x00, 0xff, 0x00, 0x00, 0x00, 0xff, 0x00, 0x00, 0x00, 0xff, 0x00, 0x00, 0x00, 0xff, 0x00, 0x00, 0x00, 0xff, 0x00, 0x00, 0x00, 0xff, 0x00, 0x00, 0x00, 0xff, 0x00, 0x00, 0x00, 0xff, 0x00, 0x00, 0x00, 0xff, 0x00, 0x00, 0x00, 0xff, 0x00, 0x00, 0x00, 0xff, 0x00, 0x00, 0x00, 0xff, 0x00, 0x00, 0x00, 0xff, 0x00, 0x00, 0x00, 0xff, 0x00, 0x00, 0x00, 0xff, 0x00, 0x00, 0x00, 0xff, 0x00, 0x00, 0x00, 0xff, 0x00, 0x00, 0x00, 0xff, 0x00, 0x00, 0x00, 0xff, 0x00, 0x00, 0x00, 0xff, 0x00, 0x00, 0x00, 0xff, 0x00, 0x00, 0x00, 0xff, 0x00, 0x00, 0x00, 0xff, 0x00, 0x00, 0x00, 0xff, 0x00, 0x00, 0x1a, 0xff, 0x0d, 0x0d, 0x0d, 0xff, 0x19, 0x19, 0x19, 0xff, 0x19, 0x19, 0x19, 0xff, 0x19, 0x19, 0x19, 0xff, 0x19, 0x19, 0x19, 0xff, 0x19, 0x19, 0x1c, 0xff, 0x19, 0x1c, 0x1c, 0xff, 0x1b, 0x1b, 0x1e, 0xff, 0x1b, 0x1b, 0x1e, 0xff, 0x1b, 0x1d, 0x1f, 0xff, 0x1d, 0x1d, 0x21, 0xff, 0x1c, 0x1e, 0x22, 0xff, 0x1e, 0x20, 0x21, 0xff, 0x1e, 0x21, 0x23, 0xff, 0x1f, 0x20, 0x23, 0xff, 0x1e, 0x21, 0x24, 0xff, 0x20, 0x22, 0x25, 0xff, 0x20, 0x23, 0x26, 0xff, 0x20, 0x24, 0x26, 0xff, 0x21, 0x24, 0x27, 0xff, 0x22, 0x25, 0x27, 0xff, 0x22, 0x26, 0x29, 0xff, 0x23, 0x26, 0x29, 0xff, 0x22, 0x22, 0x22, 0xff, 0x00, 0x00, 0x00, 0xff, 0x59, 0x69, 0x74, 0xff, 0x55, 0x61, 0x79, 0xff, 0x00, 0x00, 0x00, 0xff, 
  0x00, 0x00, 0x00, 0xff, 0x00, 0x00, 0x00, 0xff, 0x00, 0x00, 0x00, 0xff, 0x00, 0x00, 0x00, 0xff, 0x00, 0x00, 0x00, 0xff, 0x00, 0x00, 0x00, 0xff, 0x00, 0x00, 0x00, 0xff, 0x00, 0x00, 0x00, 0xff, 0x00, 0x00, 0x00, 0xff, 0x00, 0x00, 0x00, 0xff, 0x00, 0x00, 0x00, 0xff, 0x00, 0x00, 0x00, 0xff, 0x00, 0x00, 0x00, 0xff, 0x00, 0x00, 0x00, 0xff, 0x00, 0x00, 0x00, 0xff, 0x00, 0x00, 0x00, 0xff, 0x00, 0x00, 0x00, 0xff, 0x00, 0x00, 0x00, 0xff, 0x00, 0x00, 0x00, 0xff, 0x00, 0x00, 0x00, 0xff, 0x00, 0x00, 0x00, 0xff, 0x00, 0x00, 0x00, 0xff, 0x00, 0x00, 0x00, 0xff, 0x00, 0x00, 0x00, 0xff, 0x00, 0x00, 0x00, 0xff, 0x00, 0x00, 0x00, 0xff, 0x1a, 0x1a, 0x1a, 0xff, 0x19, 0x19, 0x19, 0xff, 0x19, 0x19, 0x19, 0xff, 0x14, 0x14, 0x19, 0xff, 0x19, 0x19, 0x1d, 0xff, 0x19, 0x19, 0x1c, 0xff, 0x19, 0x1c, 0x1c, 0xff, 0x19, 0x1b, 0x1b, 0xff, 0x1b, 0x1e, 0x20, 0xff, 0x1b, 0x1d, 0x1f, 0xff, 0x1d, 0x1f, 0x21, 0xff, 0x1d, 0x1e, 0x20, 0xff, 0x1e, 0x20, 0x21, 0xff, 0x1e, 0x1f, 0x23, 0xff, 0x1f, 0x20, 0x24, 0xff, 0x1e, 0x21, 0x24, 0xff, 0x20, 0x22, 0x25, 0xff, 0x20, 0x23, 0x26, 0xff, 0x20, 0x24, 0x26, 0xff, 0x21, 0x24, 0x27, 0xff, 0x22, 0x25, 0x28, 0xff, 0x22, 0x26, 0x29, 0xff, 0x22, 0x26, 0x29, 0xff, 0x22, 0x22, 0x22, 0xff, 0x00, 0x00, 0x00, 0xff, 0x59, 0x68, 0x74, 0xff, 0x51, 0x5d, 0x74, 0xff, 0x00, 0x00, 0x00, 0xff, 
  0x00, 0x00, 0x00, 0xff, 0x00, 0x00, 0x00, 0xff, 0x00, 0x00, 0x00, 0xff, 0x00, 0x00, 0x00, 0xff, 0x00, 0x00, 0x00, 0xff, 0x00, 0x00, 0x00, 0xff, 0x00, 0x00, 0x00, 0xff, 0x00, 0x00, 0x00, 0xff, 0x00, 0x00, 0x00, 0xff, 0x00, 0x00, 0x00, 0xff, 0x00, 0x00, 0x00, 0xff, 0x00, 0x00, 0x00, 0xff, 0x00, 0x00, 0x00, 0xff, 0x00, 0x00, 0x00, 0xff, 0x00, 0x00, 0x00, 0xff, 0x00, 0x00, 0x00, 0xff, 0x00, 0x00, 0x00, 0xff, 0x00, 0x00, 0x00, 0xff, 0x00, 0x00, 0x00, 0xff, 0x00, 0x00, 0x00, 0xff, 0x00, 0x00, 0x00, 0xff, 0x00, 0x00, 0x00, 0xff, 0x00, 0x00, 0x00, 0xff, 0x00, 0x00, 0x00, 0xff, 0x00, 0x00, 0x00, 0xff, 0x1a, 0x1a, 0x1a, 0xff, 0x1a, 0x1a, 0x1a, 0xff, 0x1a, 0x1a, 0x1a, 0xff, 0x13, 0x13, 0x19, 0xff, 0x19, 0x19, 0x19, 0xff, 0x19, 0x19, 0x19, 0xff, 0x19, 0x19, 0x1c, 0xff, 0x1c, 0x1c, 0x1c, 0xff, 0x1b, 0x1b, 0x1e, 0xff, 0x1b, 0x1b, 0x1e, 0xff, 0x1b, 0x1d, 0x1f, 0xff, 0x1d, 0x1d, 0x21, 0xff, 0x1c, 0x1e, 0x20, 0xff, 0x1e, 0x20, 0x21, 0xff, 0x1e, 0x1f, 0x23, 0xff, 0x1f, 0x20, 0x23, 0xff, 0x1e, 0x21, 0x24, 0xff, 0x1f, 0x22, 0x25, 0xff, 0x20, 0x23, 0x26, 0xff, 0x20, 0x24, 0x26, 0xff, 0x21, 0x24, 0x27, 0xff, 0x22, 0x25, 0x28, 0xff, 0x22, 0x26, 0x29, 0xff, 0x23, 0x27, 0x29, 0xff, 0x22, 0x22, 0x22, 0xff, 0x00, 0x00, 0x00, 0xff, 0x58, 0x68, 0x74, 0xff, 0x5d, 0x68, 0x74, 0xff, 0x00, 0x00, 0x00, 0xff, 
  0x00, 0x00, 0x00, 0xff, 0x00, 0x00, 0x00, 0xff, 0x00, 0x00, 0x00, 0xff, 0x00, 0x00, 0x00, 0xff, 0x00, 0x00, 0x00, 0xff, 0x00, 0x00, 0x00, 0xff, 0x00, 0x00, 0x00, 0xff, 0x00, 0x00, 0x00, 0xff, 0x00, 0x00, 0x00, 0xff, 0x00, 0x00, 0x00, 0xff, 0x00, 0x00, 0x00, 0xff, 0x00, 0x00, 0x00, 0xff, 0x00, 0x00, 0x00, 0xff, 0x00, 0x00, 0x00, 0xff, 0x00, 0x00, 0x00, 0xff, 0x00, 0x00, 0x00, 0xff, 0x00, 0x00, 0x00, 0xff, 0x00, 0x00, 0x00, 0xff, 0x00, 0x00, 0x00, 0xff, 0x00, 0x00, 0x00, 0xff, 0x00, 0x00, 0x00, 0xff, 0x00, 0x00, 0x00, 0xff, 0x00, 0x00, 0x00, 0xff, 0x00, 0x00, 0x00, 0xff, 0x00, 0x00, 0x00, 0xff, 0x1a, 0x1a, 0x1a, 0xff, 0x0d, 0x0d, 0x1a, 0xff, 0x19, 0x19, 0x19, 0xff, 0x19, 0x19, 0x19, 0xff, 0x19, 0x19, 0x19, 0xff, 0x19, 0x19, 0x1d, 0xff, 0x19, 0x19, 0x1c, 0xff, 0x19, 0x1c, 0x1c, 0xff, 0x1b, 0x1b, 0x1e, 0xff, 0x1b, 0x1b, 0x1e, 0xff, 0x1b, 0x1d, 0x1f, 0xff, 0x1d, 0x1d, 0x21, 0xff, 0x1d, 0x1e, 0x20, 0xff, 0x1e, 0x20, 0x21, 0xff, 0x1e, 0x21, 0x23, 0xff, 0x1f, 0x20, 0x23, 0xff, 0x1e, 0x21, 0x24, 0xff, 0x20, 0x22, 0x25, 0xff, 0x20, 0x23, 0x26, 0xff, 0x20, 0x24, 0x26, 0xff, 0x21, 0x24, 0x27, 0xff, 0x22, 0x25, 0x28, 0xff, 0x22, 0x26, 0x29, 0xff, 0x23, 0x26, 0x29, 0xff, 0x22, 0x22, 0x22, 0xff, 0x00, 0x00, 0x00, 0xff, 0x5a, 0x6a, 0x76, 0xff, 0x59, 0x64, 0x6f, 0xff, 0x00, 0x00, 0x00, 0xff, 
  0x00, 0x00, 0x00, 0xff, 0x00, 0x00, 0x00, 0xff, 0x00, 0x00, 0x00, 0xff, 0x00, 0x00, 0x00, 0xff, 0x00, 0x00, 0x00, 0xff, 0x00, 0x00, 0x00, 0xff, 0x00, 0x00, 0x00, 0xff, 0x00, 0x00, 0x00, 0xff, 0x00, 0x00, 0x00, 0xff, 0x00, 0x00, 0x00, 0xff, 0x00, 0x00, 0x00, 0xff, 0x00, 0x00, 0x00, 0xff, 0x00, 0x00, 0x00, 0xff, 0x00, 0x00, 0x00, 0xff, 0x00, 0x00, 0x00, 0xff, 0x00, 0x00, 0x00, 0xff, 0x00, 0x00, 0x00, 0xff, 0x00, 0x00, 0x00, 0xff, 0x00, 0x00, 0x00, 0xff, 0x00, 0x00, 0x00, 0xff, 0x00, 0x00, 0x00, 0xff, 0x00, 0x00, 0x00, 0xff, 0x00, 0x00, 0x00, 0xff, 0x00, 0x00, 0x00, 0xff, 0x00, 0x00, 0x00, 0xff, 0x00, 0x00, 0x1a, 0xff, 0x0d, 0x0d, 0x0d, 0xff, 0x19, 0x19, 0x19, 0xff, 0x19, 0x19, 0x19, 0xff, 0x14, 0x14, 0x19, 0xff, 0x19, 0x19, 0x1d, 0xff, 0x19, 0x19, 0x1c, 0xff, 0x19, 0x1c, 0x1c, 0xff, 0x1b, 0x1b, 0x1e, 0xff, 0x1b, 0x1b, 0x1e, 0xff, 0x1d, 0x1d, 0x1f, 0xff, 0x1d, 0x1d, 0x21, 0xff, 0x1d, 0x1e, 0x20, 0xff, 0x1e, 0x20, 0x21, 0xff, 0x1e, 0x1f, 0x23, 0xff, 0x1f, 0x20, 0x24, 0xff, 0x1e, 0x21, 0x24, 0xff, 0x20, 0x22, 0x25, 0xff, 0x20, 0x23, 0x26, 0xff, 0x20, 0x24, 0x26, 0xff, 0x21, 0x24, 0x27, 0xff, 0x22, 0x25, 0x28, 0xff, 0x22, 0x25, 0x29, 0xff, 0x22, 0x26, 0x29, 0xff, 0x22, 0x22, 0x22, 0xff, 0x00, 0x00, 0x00, 0xff, 0x5c, 0x6a, 0x74, 0xff, 0x59, 0x64, 0x6f, 0xff, 0x00, 0x00, 0x00, 0xff, 
  0x00, 0x00, 0x00, 0xff, 0x00, 0x00, 0x00, 0xff, 0x00, 0x00, 0x00, 0xff, 0x00, 0x00, 0x00, 0xff, 0x00, 0x00, 0x00, 0xff, 0x00, 0x00, 0x00, 0xff, 0x00, 0x00, 0x00, 0xff, 0x00, 0x00, 0x00, 0xff, 0x00, 0x00, 0x00, 0xff, 0x00, 0x00, 0x00, 0xff, 0x00, 0x00, 0x00, 0xff, 0x00, 0x00, 0x00, 0xff, 0x00, 0x00, 0x00, 0xff, 0x00, 0x00, 0x00, 0xff, 0x00, 0x00, 0x00, 0xff, 0x00, 0x00, 0x00, 0xff, 0x00, 0x00, 0x00, 0xff, 0x00, 0x00, 0x00, 0xff, 0x00, 0x00, 0x00, 0xff, 0x00, 0x00, 0x00, 0xff, 0x00, 0x00, 0x00, 0xff, 0x00, 0x00, 0x00, 0xff, 0x00, 0x00, 0x00, 0xff, 0x00, 0x00, 0x00, 0xff, 0x00, 0x00, 0x00, 0xff, 0x1c, 0x1c, 0x1c, 0xff, 0x1a, 0x1a, 0x1a, 0xff, 0x11, 0x11, 0x1a, 0xff, 0x19, 0x19, 0x19, 0xff, 0x19, 0x19, 0x19, 0xff, 0x19, 0x19, 0x19, 0xff, 0x19, 0x19, 0x1c, 0xff, 0x19, 0x19, 0x1c, 0xff, 0x1b, 0x1b, 0x1e, 0xff, 0x1b, 0x1b, 0x1e, 0xff, 0x1b, 0x1d, 0x1f, 0xff, 0x1d, 0x1d, 0x21, 0xff, 0x1c, 0x1e, 0x20, 0xff, 0x1c, 0x1e, 0x21, 0xff, 0x1e, 0x1f, 0x23, 0xff, 0x1f, 0x20, 0x23, 0xff, 0x1e, 0x21, 0x24, 0xff, 0x1f, 0x22, 0x25, 0xff, 0x1f, 0x23, 0x26, 0xff, 0x20, 0x24, 0x26, 0xff, 0x21, 0x24, 0x27, 0xff, 0x22, 0x25, 0x27, 0xff, 0x22, 0x26, 0x29, 0xff, 0x23, 0x26, 0x29, 0xff, 0x22, 0x22, 0x22, 0xff, 0x00, 0x00, 0x00, 0xff, 0x5c, 0x69, 0x73, 0xff, 0x59, 0x64, 0x6f, 0xff, 0x00, 0x00, 0x00, 0xff, 
  0x00, 0x00, 0x00, 0xff, 0x00, 0x00, 0x00, 0xff, 0x00, 0x00, 0x00, 0xff, 0x00, 0x00, 0x00, 0xff, 0x00, 0x00, 0x00, 0xff, 0x00, 0x00, 0x00, 0xff, 0x00, 0x00, 0x00, 0xff, 0x00, 0x00, 0x00, 0xff, 0x00, 0x00, 0x00, 0xff, 0x00, 0x00, 0x00, 0xff, 0x00, 0x00, 0x00, 0xff, 0x00, 0x00, 0x00, 0xff, 0x00, 0x00, 0x00, 0xff, 0x00, 0x00, 0x00, 0xff, 0x00, 0x00, 0x00, 0xff, 0x00, 0x00, 0x00, 0xff, 0x00, 0x00, 0x00, 0xff, 0x00, 0x00, 0x00, 0xff, 0x00, 0x00, 0x00, 0xff, 0x00, 0x00, 0x00, 0xff, 0x00, 0x00, 0x00, 0xff, 0x00, 0x00, 0x00, 0xff, 0x00, 0x00, 0x00, 0xff, 0x00, 0x00, 0x00, 0xff, 0x00, 0x00, 0x00, 0xff, 0x00, 0x00, 0x00, 0xff, 0x1a, 0x1a, 0x1a, 0xff, 0x19, 0x19, 0x19, 0xff, 0x13, 0x13, 0x19, 0xff, 0x19, 0x19, 0x19, 0xff, 0x19, 0x19, 0x1d, 0xff, 0x19, 0x19, 0x1c, 0xff, 0x19, 0x19, 0x1c, 0xff, 0x1b, 0x1b, 0x1e, 0xff, 0x1b, 0x1e, 0x20, 0xff, 0x1b, 0x1d, 0x1f, 0xff, 0x1b, 0x1d, 0x1f, 0xff, 0x1d, 0x1e, 0x20, 0xff, 0x1e, 0x20, 0x21, 0xff, 0x1e, 0x1f, 0x23, 0xff, 0x1f, 0x20, 0x23, 0xff, 0x1e, 0x21, 0x24, 0xff, 0x20, 0x22, 0x25, 0xff, 0x20, 0x23, 0x26, 0xff, 0x20, 0x24, 0x26, 0xff, 0x21, 0x24, 0x27, 0xff, 0x22, 0x25, 0x28, 0xff, 0x22, 0x25, 0x29, 0xff, 0x22, 0x26, 0x29, 0xff, 0x22, 0x22, 0x22, 0xff, 0x00, 0x00, 0x00, 0xff, 0x5b, 0x6a, 0x73, 0xff, 0x55, 0x60, 0x6a, 0xff, 0x00, 0x00, 0x00, 0xff, 
  0x00, 0x00, 0x00, 0xff, 0x00, 0x00, 0x00, 0xff, 0x00, 0x00, 0x00, 0xff, 0x00, 0x00, 0x00, 0xff, 0x00, 0x00, 0x00, 0xff, 0x00, 0x00, 0x00, 0xff, 0x00, 0x00, 0x00, 0xff, 0x00, 0x00, 0x00, 0xff, 0x00, 0x00, 0x00, 0xff, 0x00, 0x00, 0x00, 0xff, 0x00, 0x00, 0x00, 0xff, 0x00, 0x00, 0x00, 0xff, 0x00, 0x00, 0x00, 0xff, 0x00, 0x00, 0x00, 0xff, 0x00, 0x00, 0x00, 0xff, 0x00, 0x00, 0x00, 0xff, 0x00, 0x00, 0x00, 0xff, 0x00, 0x00, 0x00, 0xff, 0x00, 0x00, 0x00, 0xff, 0x00, 0x00, 0x00, 0xff, 0x00, 0x00, 0x00, 0xff, 0x00, 0x00, 0x00, 0xff, 0x00, 0x00, 0x00, 0xff, 0x00, 0x00, 0x00, 0xff, 0x00, 0x00, 0x00, 0xff, 0x1a, 0x1a, 0x1a, 0xff, 0x0d, 0x0d, 0x1a, 0xff, 0x11, 0x11, 0x1a, 0xff, 0x19, 0x19, 0x19, 0xff, 0x19, 0x19, 0x19, 0xff, 0x19, 0x19, 0x19, 0xff, 0x19, 0x19, 0x1c, 0xff, 0x19, 0x1c, 0x1c, 0xff, 0x1b, 0x1b, 0x1e, 0xff, 0x1b, 0x1b, 0x1e, 0xff, 0x1b, 0x1d, 0x1f, 0xff, 0x1d, 0x1f, 0x21, 0xff, 0x1d, 0x1e, 0x20, 0xff, 0x1c, 0x20, 0x21, 0xff, 0x1e, 0x1f, 0x23, 0xff, 0x1f, 0x20, 0x23, 0xff, 0x1e, 0x21, 0x24, 0xff, 0x20, 0x22, 0x25, 0xff, 0x1f, 0x23, 0x26, 0xff, 0x21, 0x24, 0x26, 0xff, 0x21, 0x24, 0x27, 0xff, 0x22, 0x25, 0x28, 0xff, 0x22, 0x26, 0x29, 0xff, 0x23, 0x26, 0x29, 0xff, 0x22, 0x22, 0x22, 0xff, 0x00, 0x00, 0x00, 0xff, 0x5b, 0x69, 0x76, 0xff, 0x5c, 0x66, 0x70, 0xff, 0x00, 0x00, 0x00, 0xff, 
  0x00, 0x00, 0x00, 0xff, 0x00, 0x00, 0x00, 0xff, 0x00, 0x00, 0x00, 0xff, 0x00, 0x00, 0x00, 0xff, 0x00, 0x00, 0x00, 0xff, 0x00, 0x00, 0x00, 0xff, 0x00, 0x00, 0x00, 0xff, 0x00, 0x00, 0x00, 0xff, 0x00, 0x00, 0x00, 0xff, 0x00, 0x00, 0x00, 0xff, 0x00, 0x00, 0x00, 0xff, 0x00, 0x00, 0x00, 0xff, 0x00, 0x00, 0x00, 0xff, 0x00, 0x00, 0x00, 0xff, 0x00, 0x00, 0x00, 0xff, 0x00, 0x00, 0x00, 0xff, 0x00, 0x00, 0x00, 0xff, 0x00, 0x00, 0x00, 0xff, 0x00, 0x00, 0x00, 0xff, 0x00, 0x00, 0x00, 0xff, 0x00, 0x00, 0x00, 0xff, 0x00, 0x00, 0x00, 0xff, 0x00, 0x00, 0x00, 0xff, 0x00, 0x00, 0x00, 0xff, 0x00, 0x00, 0x00, 0xff, 0x00, 0x00, 0x1a, 0xff, 0x0d, 0x0d, 0x0d, 0xff, 0x19, 0x19, 0x19, 0xff, 0x19, 0x19, 0x19, 0xff, 0x19, 0x19, 0x19, 0xff, 0x19, 0x19, 0x19, 0xff, 0x19, 0x19, 0x1c, 0xff, 0x19, 0x1c, 0x1c, 0xff, 0x1b, 0x1b, 0x1e, 0xff, 0x1b, 0x1b, 0x1e, 0xff, 0x1b, 0x1d, 0x1f, 0xff, 0x1d, 0x1d, 0x21, 0xff, 0x1c, 0x1e, 0x22, 0xff, 0x1e, 0x20, 0x21, 0xff, 0x1e, 0x21, 0x23, 0xff, 0x1f, 0x20, 0x23, 0xff, 0x1e, 0x21, 0x24, 0xff, 0x20, 0x22, 0x25, 0xff, 0x20, 0x23, 0x26, 0xff, 0x20, 0x24, 0x26, 0xff, 0x21, 0x24, 0x27, 0xff, 0x22, 0x25, 0x27, 0xff, 0x22, 0x26, 0x29, 0xff, 0x23, 0x26, 0x29, 0xff, 0x22, 0x22, 0x22, 0xff, 0x00, 0x00, 0x00, 0xff, 0x5d, 0x6b, 0x7a, 0xff, 0x58, 0x6c, 0x76, 0xff, 0x00, 0x00, 0x00, 0xff, 
  0x00, 0x00, 0x00, 0xff, 0x00, 0x00, 0x00, 0xff, 0x00, 0x00, 0x00, 0xff, 0x00, 0x00, 0x00, 0xff, 0x00, 0x00, 0x00, 0xff, 0x00, 0x00, 0x00, 0xff, 0x00, 0x00, 0x00, 0xff, 0x00, 0x00, 0x00, 0xff, 0x00, 0x00, 0x00, 0xff, 0x00, 0x00, 0x00, 0xff, 0x00, 0x00, 0x00, 0xff, 0x00, 0x00, 0x00, 0xff, 0x00, 0x00, 0x00, 0xff, 0x00, 0x00, 0x00, 0xff, 0x00, 0x00, 0x00, 0xff, 0x00, 0x00, 0x00, 0xff, 0x00, 0x00, 0x00, 0xff, 0x00, 0x00, 0x00, 0xff, 0x00, 0x00, 0x00, 0xff, 0x00, 0x00, 0x00, 0xff, 0x00, 0x00, 0x00, 0xff, 0x00, 0x00, 0x00, 0xff, 0x00, 0x00, 0x00, 0xff, 0x00, 0x00, 0x00, 0xff, 0x00, 0x00, 0x00, 0xff, 0x00, 0x00, 0x00, 0xff, 0x1a, 0x1a, 0x1a, 0xff, 0x19, 0x19, 0x19, 0xff, 0x19, 0x19, 0x19, 0xff, 0x14, 0x14, 0x19, 0xff, 0x19, 0x19, 0x1d, 0xff, 0x19, 0x19, 0x1c, 0xff, 0x19, 0x1c, 0x1c, 0xff, 0x19, 0x1b, 0x1b, 0xff, 0x1b, 0x1e, 0x20, 0xff, 0x1b, 0x1d, 0x1f, 0xff, 0x1d, 0x1f, 0x21, 0xff, 0x1d, 0x1e, 0x20, 0xff, 0x1e, 0x20, 0x21, 0xff, 0x1e, 0x1f, 0x23, 0xff, 0x1f, 0x20, 0x24, 0xff, 0x1e, 0x21, 0x24, 0xff, 0x20, 0x22, 0x25, 0xff, 0x20, 0x23, 0x26, 0xff, 0x20, 0x24, 0x26, 0xff, 0x21, 0x24, 0x27, 0xff, 0x22, 0x25, 0x28, 0xff, 0x22, 0x26, 0x29, 0xff, 0x22, 0x26, 0x29, 0xff, 0x22, 0x22, 0x22, 0xff, 0x00, 0x00, 0x00, 0xff, 0x5e, 0x6c, 0x78, 0xff, 0x58, 0x6c, 0x76, 0xff, 0x00, 0x00, 0x00, 0xff, 
  0x00, 0x00, 0x00, 0xff, 0x00, 0x00, 0x00, 0xff, 0x00, 0x00, 0x00, 0xff, 0x00, 0x00, 0x00, 0xff, 0x00, 0x00, 0x00, 0xff, 0x00, 0x00, 0x00, 0xff, 0x00, 0x00, 0x00, 0xff, 0x00, 0x00, 0x00, 0xff, 0x00, 0x00, 0x00, 0xff, 0x00, 0x00, 0x00, 0xff, 0x00, 0x00, 0x00, 0xff, 0x00, 0x00, 0x00, 0xff, 0x00, 0x00, 0x00, 0xff, 0x00, 0x00, 0x00, 0xff, 0x00, 0x00, 0x00, 0xff, 0x00, 0x00, 0x00, 0xff, 0x00, 0x00, 0x00, 0xff, 0x00, 0x00, 0x00, 0xff, 0x00, 0x00, 0x00, 0xff, 0x00, 0x00, 0x00, 0xff, 0x00, 0x00, 0x00, 0xff, 0x00, 0x00, 0x00, 0xff, 0x00, 0x00, 0x00, 0xff, 0x00, 0x00, 0x00, 0xff, 0x00, 0x00, 0x00, 0xff, 0x1a, 0x1a, 0x1a, 0xff, 0x1a, 0x1a, 0x1a, 0xff, 0x1a, 0x1a, 0x1a, 0xff, 0x13, 0x13, 0x19, 0xff, 0x19, 0x19, 0x19, 0xff, 0x19, 0x19, 0x19, 0xff, 0x19, 0x19, 0x1c, 0xff, 0x1c, 0x1c, 0x1c, 0xff, 0x1b, 0x1b, 0x1e, 0xff, 0x1b, 0x1b, 0x1e, 0xff, 0x1b, 0x1d, 0x1f, 0xff, 0x1d, 0x1d, 0x21, 0xff, 0x1c, 0x1e, 0x20, 0xff, 0x1e, 0x20, 0x21, 0xff, 0x1e, 0x1f, 0x23, 0xff, 0x1f, 0x20, 0x23, 0xff, 0x1e, 0x21, 0x24, 0xff, 0x1f, 0x22, 0x25, 0xff, 0x20, 0x23, 0x26, 0xff, 0x20, 0x24, 0x26, 0xff, 0x21, 0x24, 0x27, 0xff, 0x22, 0x25, 0x28, 0xff, 0x22, 0x26, 0x29, 0xff, 0x23, 0x27, 0x29, 0xff, 0x22, 0x22, 0x22, 0xff, 0x00, 0x00, 0x00, 0xff, 0x5e, 0x70, 0x7a, 0xff, 0x5e, 0x68, 0x71, 0xff, 0x00, 0x00, 0x00, 0xff, 
  0x00, 0x00, 0x00, 0xff, 0x00, 0x00, 0x00, 0xff, 0x00, 0x00, 0x00, 0xff, 0x00, 0x00, 0x00, 0xff, 0x00, 0x00, 0x00, 0xff, 0x00, 0x00, 0x00, 0xff, 0x00, 0x00, 0x00, 0xff, 0x00, 0x00, 0x00, 0xff, 0x00, 0x00, 0x00, 0xff, 0x00, 0x00, 0x00, 0xff, 0x00, 0x00, 0x00, 0xff, 0x00, 0x00, 0x00, 0xff, 0x00, 0x00, 0x00, 0xff, 0x00, 0x00, 0x00, 0xff, 0x00, 0x00, 0x00, 0xff, 0x00, 0x00, 0x00, 0xff, 0x00, 0x00, 0x00, 0xff, 0x00, 0x00, 0x00, 0xff, 0x00, 0x00, 0x00, 0xff, 0x00, 0x00, 0x00, 0xff, 0x00, 0x00, 0x00, 0xff, 0x00, 0x00, 0x00, 0xff, 0x00, 0x00, 0x00, 0xff, 0x00, 0x00, 0x00, 0xff, 0x00, 0x00, 0x00, 0xff, 0x1a, 0x1a, 0x1a, 0xff, 0x0d, 0x0d, 0x1a, 0xff, 0x19, 0x19, 0x19, 0xff, 0x19, 0x19, 0x19, 0xff, 0x19, 0x19, 0x19, 0xff, 0x19, 0x19, 0x1d, 0xff, 0x19, 0x19, 0x1c, 0xff, 0x19, 0x1c, 0x1c, 0xff, 0x1b, 0x1b, 0x1e, 0xff, 0x1b, 0x1b, 0x1e, 0xff, 0x1b, 0x1d, 0x1f, 0xff, 0x1d, 0x1d, 0x21, 0xff, 0x1d, 0x1e, 0x20, 0xff, 0x1e, 0x20, 0x21, 0xff, 0x1e, 0x21, 0x23, 0xff, 0x1f, 0x20, 0x23, 0xff, 0x1e, 0x21, 0x24, 0xff, 0x20, 0x22, 0x25, 0xff, 0x20, 0x23, 0x26, 0xff, 0x20, 0x24, 0x26, 0xff, 0x21, 0x24, 0x27, 0xff, 0x22, 0x25, 0x28, 0xff, 0x22, 0x26, 0x29, 0xff, 0x23, 0x26, 0x29, 0xff, 0x22, 0x22, 0x22, 0xff, 0xff, 0xff, 0xff, 0xff, 0x60, 0x6f, 0x7b, 0xff, 0x5b, 0x6d, 0x76, 0xff, 0x00, 0x00, 0x00, 0xff, 
  0x00, 0x00, 0x00, 0xff, 0x00, 0x00, 0x00, 0xff, 0x00, 0x00, 0x00, 0xff, 0x00, 0x00, 0x00, 0xff, 0x00, 0x00, 0x00, 0xff, 0x00, 0x00, 0x00, 0xff, 0x00, 0x00, 0x00, 0xff, 0x00, 0x00, 0x00, 0xff, 0x00, 0x00, 0x00, 0xff, 0x00, 0x00, 0x00, 0xff, 0x00, 0x00, 0x00, 0xff, 0x00, 0x00, 0x00, 0xff, 0x00, 0x00, 0x00, 0xff, 0x00, 0x00, 0x00, 0xff, 0x00, 0x00, 0x00, 0xff, 0x00, 0x00, 0x00, 0xff, 0x00, 0x00, 0x00, 0xff, 0x00, 0x00, 0x00, 0xff, 0x00, 0x00, 0x00, 0xff, 0x00, 0x00, 0x00, 0xff, 0x00, 0x00, 0x00, 0xff, 0x00, 0x00, 0x00, 0xff, 0x00, 0x00, 0x00, 0xff, 0x00, 0x00, 0x00, 0xff, 0x00, 0x00, 0x00, 0xff, 0x00, 0x00, 0x1a, 0xff, 0x0d, 0x0d, 0x0d, 0xff, 0x19, 0x19, 0x19, 0xff, 0x19, 0x19, 0x19, 0xff, 0x14, 0x14, 0x19, 0xff, 0x19, 0x19, 0x1d, 0xff, 0x19, 0x19, 0x1c, 0xff, 0x19, 0x1c, 0x1c, 0xff, 0x1b, 0x1b, 0x1e, 0xff, 0x1b, 0x1b, 0x1e, 0xff, 0x1d, 0x1d, 0x1f, 0xff, 0x1d, 0x1d, 0x21, 0xff, 0x1d, 0x1e, 0x20, 0xff, 0x1e, 0x20, 0x21, 0xff, 0x1e, 0x1f, 0x23, 0xff, 0x1f, 0x20, 0x24, 0xff, 0x1e, 0x21, 0x24, 0xff, 0x20, 0x22, 0x25, 0xff, 0x20, 0x23, 0x26, 0xff, 0x20, 0x24, 0x26, 0xff, 0x21, 0x24, 0x27, 0xff, 0x22, 0x25, 0x28, 0xff, 0x22, 0x25, 0x29, 0xff, 0x22, 0x26, 0x29, 0xff, 0x22, 0x22, 0x22, 0xff, 0xff, 0xff, 0xff, 0xff, 0x60, 0x70, 0x7c, 0xff, 0x64, 0x76, 0x80, 0xff, 0x00, 0x00, 0x00, 0xff, 
  0x00, 0x00, 0x00, 0xff, 0x00, 0x00, 0x00, 0xff, 0x00, 0x00, 0x00, 0xff, 0x00, 0x00, 0x00, 0xff, 0x00, 0x00, 0x00, 0xff, 0x00, 0x00, 0x00, 0xff, 0x00, 0x00, 0x00, 0xff, 0x00, 0x00, 0x00, 0xff, 0x00, 0x00, 0x00, 0xff, 0x00, 0x00, 0x00, 0xff, 0x00, 0x00, 0x00, 0xff, 0x00, 0x00, 0x00, 0xff, 0x00, 0x00, 0x00, 0xff, 0x00, 0x00, 0x00, 0xff, 0x00, 0x00, 0x00, 0xff, 0x00, 0x00, 0x00, 0xff, 0x00, 0x00, 0x00, 0xff, 0x00, 0x00, 0x00, 0xff, 0x00, 0x00, 0x00, 0xff, 0x00, 0x00, 0x00, 0xff, 0x00, 0x00, 0x00, 0xff, 0x00, 0x00, 0x00, 0xff, 0x00, 0x00, 0x00, 0xff, 0x00, 0x00, 0x00, 0xff, 0x00, 0x00, 0x00, 0xff, 0x1c, 0x1c, 0x1c, 0xff, 0x1a, 0x1a, 0x1a, 0xff, 0x11, 0x11, 0x1a, 0xff, 0x19, 0x19, 0x19, 0xff, 0x19, 0x19, 0x19, 0xff, 0x19, 0x19, 0x19, 0xff, 0x19, 0x19, 0x1c, 0xff, 0x19, 0x19, 0x1c, 0xff, 0x1b, 0x1b, 0x1e, 0xff, 0x1b, 0x1b, 0x1e, 0xff, 0x1b, 0x1d, 0x1f, 0xff, 0x1d, 0x1d, 0x21, 0xff, 0x1c, 0x1e, 0x20, 0xff, 0x1c, 0x1e, 0x21, 0xff, 0x1e, 0x1f, 0x23, 0xff, 0x1f, 0x20, 0x23, 0xff, 0x1e, 0x21, 0x24, 0xff, 0x1f, 0x22, 0x25, 0xff, 0x1f, 0x23, 0x26, 0xff, 0x20, 0x24, 0x26, 0xff, 0x21, 0x24, 0x27, 0xff, 0x22, 0x25, 0x27, 0xff, 0x22, 0x26, 0x29, 0xff, 0x23, 0x26, 0x29, 0xff, 0x22, 0x22, 0x22, 0xff, 0x80, 0x80, 0x80, 0xff, 0x61, 0x72, 0x7f, 0xff, 0x61, 0x72, 0x84, 0xff, 0x00, 0x00, 0x00, 0xff, 
  0x00, 0x00, 0x00, 0xff, 0x00, 0x00, 0x00, 0xff, 0x00, 0x00, 0x00, 0xff, 0x00, 0x00, 0x00, 0xff, 0x00, 0x00, 0x00, 0xff, 0x00, 0x00, 0x00, 0xff, 0x00, 0x00, 0x00, 0xff, 0x00, 0x00, 0x00, 0xff, 0x00, 0x00, 0x00, 0xff, 0x00, 0x00, 0x00, 0xff, 0x00, 0x00, 0x00, 0xff, 0x00, 0x00, 0x00, 0xff, 0x00, 0x00, 0x00, 0xff, 0x00, 0x00, 0x00, 0xff, 0x00, 0x00, 0x00, 0xff, 0x00, 0x00, 0x00, 0xff, 0x00, 0x00, 0x00, 0xff, 0x00, 0x00, 0x00, 0xff, 0x00, 0x00, 0x00, 0xff, 0x00, 0x00, 0x00, 0xff, 0x00, 0x00, 0x00, 0xff, 0x00, 0x00, 0x00, 0xff, 0x00, 0x00, 0x00, 0xff, 0x00, 0x00, 0x00, 0xff, 0x00, 0x00, 0x00, 0xff, 0x00, 0x00, 0x00, 0xff, 0x1a, 0x1a, 0x1a, 0xff, 0x19, 0x19, 0x19, 0xff, 0x13, 0x13, 0x19, 0xff, 0x19, 0x19, 0x19, 0xff, 0x19, 0x19, 0x1d, 0xff, 0x19, 0x19, 0x1c, 0xff, 0x19, 0x19, 0x1c, 0xff, 0x1b, 0x1b, 0x1e, 0xff, 0x1b, 0x1e, 0x20, 0xff, 0x1b, 0x1d, 0x1f, 0xff, 0x1b, 0x1d, 0x1f, 0xff, 0x1d, 0x1e, 0x20, 0xff, 0x1e, 0x20, 0x21, 0xff, 0x1e, 0x1f, 0x23, 0xff, 0x1f, 0x20, 0x23, 0xff, 0x1e, 0x21, 0x24, 0xff, 0x20, 0x22, 0x25, 0xff, 0x20, 0x23, 0x26, 0xff, 0x20, 0x24, 0x26, 0xff, 0x21, 0x24, 0x27, 0xff, 0x22, 0x25, 0x28, 0xff, 0x22, 0x25, 0x29, 0xff, 0x22, 0x26, 0x29, 0xff, 0x22, 0x22, 0x22, 0xff, 0x80, 0xff, 0xff, 0xff, 0x62, 0x73, 0x81, 0xff, 0x63, 0x73, 0x84, 0xff, 0x00, 0x00, 0x00, 0xff, 
  0x00, 0x00, 0x00, 0xff, 0x00, 0x00, 0x00, 0xff, 0x00, 0x00, 0x00, 0xff, 0x00, 0x00, 0x00, 0xff, 0x00, 0x00, 0x00, 0xff, 0x00, 0x00, 0x00, 0xff, 0x00, 0x00, 0x00, 0xff, 0x00, 0x00, 0x00, 0xff, 0x00, 0x00, 0x00, 0xff, 0x00, 0x00, 0x00, 0xff, 0x00, 0x00, 0x00, 0xff, 0x00, 0x00, 0x00, 0xff, 0x00, 0x00, 0x00, 0xff, 0x00, 0x00, 0x00, 0xff, 0x00, 0x00, 0x00, 0xff, 0x00, 0x00, 0x00, 0xff, 0x00, 0x00, 0x00, 0xff, 0x00, 0x00, 0x00, 0xff, 0x00, 0x00, 0x00, 0xff, 0x00, 0x00, 0x00, 0xff, 0x00, 0x00, 0x00, 0xff, 0x00, 0x00, 0x00, 0xff, 0x00, 0x00, 0x00, 0xff, 0x00, 0x00, 0x00, 0xff, 0x00, 0x00, 0x00, 0xff, 0x1a, 0x1a, 0x1a, 0xff, 0x0d, 0x0d, 0x1a, 0xff, 0x11, 0x11, 0x1a, 0xff, 0x19, 0x19, 0x19, 0xff, 0x19, 0x19, 0x19, 0xff, 0x19, 0x19, 0x19, 0xff, 0x19, 0x19, 0x1c, 0xff, 0x19, 0x1c, 0x1c, 0xff, 0x1b, 0x1b, 0x1e, 0xff, 0x1b, 0x1b, 0x1e, 0xff, 0x1b, 0x1d, 0x1f, 0xff, 0x1d, 0x1f, 0x21, 0xff, 0x1d, 0x1e, 0x20, 0xff, 0x1c, 0x20, 0x21, 0xff, 0x1e, 0x1f, 0x23, 0xff, 0x1f, 0x20, 0x23, 0xff, 0x1e, 0x21, 0x24, 0xff, 0x20, 0x22, 0x25, 0xff, 0x1f, 0x23, 0x26, 0xff, 0x21, 0x24, 0x26, 0xff, 0x21, 0x24, 0x27, 0xff, 0x22, 0x25, 0x28, 0xff, 0x22, 0x26, 0x29, 0xff, 0x23, 0x26, 0x29, 0xff, 0x22, 0x22, 0x22, 0xff, 0x80, 0xff, 0xff, 0xff, 0x64, 0x74, 0x84, 0xff, 0x60, 0x78, 0x80, 0xff, 0x00, 0x00, 0x00, 0xff, 
  0x00, 0x00, 0x00, 0xff, 0x00, 0x00, 0x00, 0xff, 0x00, 0x00, 0x00, 0xff, 0x00, 0x00, 0x00, 0xff, 0x00, 0x00, 0x00, 0xff, 0x00, 0x00, 0x00, 0xff, 0x00, 0x00, 0x00, 0xff, 0x00, 0x00, 0x00, 0xff, 0x00, 0x00, 0x00, 0xff, 0x00, 0x00, 0x00, 0xff, 0x00, 0x00, 0x00, 0xff, 0x00, 0x00, 0x00, 0xff, 0x00, 0x00, 0x00, 0xff, 0x00, 0x00, 0x00, 0xff, 0x00, 0x00, 0x00, 0xff, 0x00, 0x00, 0x00, 0xff, 0x00, 0x00, 0x00, 0xff, 0x00, 0x00, 0x00, 0xff, 0x00, 0x00, 0x00, 0xff, 0x00, 0x00, 0x00, 0xff, 0x00, 0x00, 0x00, 0xff, 0x00, 0x00, 0x00, 0xff, 0x00, 0x00, 0x00, 0xff, 0x00, 0x00, 0x00, 0xff, 0x00, 0x00, 0x00, 0xff, 0x00, 0x00, 0x1a, 0xff, 0x0d, 0x0d, 0x0d, 0xff, 0x19, 0x19, 0x19, 0xff, 0x19, 0x19, 0x19, 0xff, 0x19, 0x19, 0x19, 0xff, 0x19, 0x19, 0x19, 0xff, 0x19, 0x19, 0x1c, 0xff, 0x19, 0x1c, 0x1c, 0xff, 0x1b, 0x1b, 0x1e, 0xff, 0x1b, 0x1b, 0x1e, 0xff, 0x1b, 0x1d, 0x1f, 0xff, 0x1d, 0x1d, 0x21, 0xff, 0x1c, 0x1e, 0x22, 0xff, 0x1e, 0x20, 0x21, 0xff, 0x1e, 0x21, 0x23, 0xff, 0x1f, 0x20, 0x23, 0xff, 0x1e, 0x21, 0x24, 0xff, 0x20, 0x22, 0x25, 0xff, 0x20, 0x23, 0x26, 0xff, 0x20, 0x24, 0x26, 0xff, 0x21, 0x24, 0x27, 0xff, 0x22, 0x25, 0x27, 0xff, 0x22, 0x26, 0x29, 0xff, 0x23, 0x26, 0x29, 0xff, 0x22, 0x22, 0x22, 0xff, 0x80, 0xff, 0xff, 0xff, 0x65, 0x78, 0x84, 0xff, 0x64, 0x74, 0x83, 0xff, 0x00, 0x00, 0x00, 0xff, 
  0x00, 0x00, 0x00, 0xff, 0x00, 0x00, 0x00, 0xff, 0x00, 0x00, 0x00, 0xff, 0x00, 0x00, 0x00, 0xff, 0x00, 0x00, 0x00, 0xff, 0x00, 0x00, 0x00, 0xff, 0x00, 0x00, 0x00, 0xff, 0x00, 0x00, 0x00, 0xff, 0x00, 0x00, 0x00, 0xff, 0x00, 0x00, 0x00, 0xff, 0x00, 0x00, 0x00, 0xff, 0x00, 0x00, 0x00, 0xff, 0x00, 0x00, 0x00, 0xff, 0x00, 0x00, 0x00, 0xff, 0x00, 0x00, 0x00, 0xff, 0x00, 0x00, 0x00, 0xff, 0x00, 0x00, 0x00, 0xff, 0x00, 0x00, 0x00, 0xff, 0x00, 0x00, 0x00, 0xff, 0x00, 0x00, 0x00, 0xff, 0x00, 0x00, 0x00, 0xff, 0x00, 0x00, 0x00, 0xff, 0x00, 0x00, 0x00, 0xff, 0x00, 0x00, 0x00, 0xff, 0x00, 0x00, 0x00, 0xff, 0x00, 0x00, 0x00, 0xff, 0x1a, 0x1a, 0x1a, 0xff, 0x19, 0x19, 0x19, 0xff, 0x19, 0x19, 0x19, 0xff, 0x14, 0x14, 0x19, 0xff, 0x19, 0x19, 0x1d, 0xff, 0x19, 0x19, 0x1c, 0xff, 0x19, 0x1c, 0x1c, 0xff, 0x19, 0x1b, 0x1b, 0xff, 0x1b, 0x1e, 0x20, 0xff, 0x1b, 0x1d, 0x1f, 0xff, 0x1d, 0x1f, 0x21, 0xff, 0x1d, 0x1e, 0x20, 0xff, 0x1e, 0x20, 0x21, 0xff, 0x1e, 0x1f, 0x23, 0xff, 0x1f, 0x20, 0x24, 0xff, 0x1e, 0x21, 0x24, 0xff, 0x20, 0x22, 0x25, 0xff, 0x20, 0x23, 0x26, 0xff, 0x20, 0x24, 0x26, 0xff, 0x21, 0x24, 0x27, 0xff, 0x22, 0x25, 0x28, 0xff, 0x22, 0x26, 0x29, 0xff, 0x22, 0x26, 0x29, 0xff, 0x22, 0x22, 0x22, 0xff, 0xaa, 0xaa, 0xff, 0xff, 0x66, 0x78, 0x86, 0xff, 0x62, 0x78, 0x8e, 0xff, 0x00, 0x00, 0x00, 0xff, 
  0x00, 0x00, 0x00, 0xff, 0x00, 0x00, 0x00, 0xff, 0x00, 0x00, 0x00, 0xff, 0x00, 0x00, 0x00, 0xff, 0x00, 0x00, 0x00, 0xff, 0x00, 0x00, 0x00, 0xff, 0x00, 0x00, 0x00, 0xff, 0x00, 0x00, 0x00, 0xff, 0x00, 0x00, 0x00, 0xff, 0x00, 0x00, 0x00, 0xff, 0x00, 0x00, 0x00, 0xff, 0x00, 0x00, 0x00, 0xff, 0x00, 0x00, 0x00, 0xff, 0x00, 0x00, 0x00, 0xff, 0x00, 0x00, 0x00, 0xff, 0x00, 0x00, 0x00, 0xff, 0x00, 0x00, 0x00, 0xff, 0x00, 0x00, 0x00, 0xff, 0x00, 0x00, 0x00, 0xff, 0x00, 0x00, 0x00, 0xff, 0x00, 0x00, 0x00, 0xff, 0x00, 0x00, 0x00, 0xff, 0x00, 0x00, 0x00, 0xff, 0x00, 0x00, 0x00, 0xff, 0x00, 0x00, 0x00, 0xff, 0x1a, 0x1a, 0x1a, 0xff, 0x1a, 0x1a, 0x1a, 0xff, 0x1a, 0x1a, 0x1a, 0xff, 0x13, 0x13, 0x19, 0xff, 0x19, 0x19, 0x19, 0xff, 0x19, 0x19, 0x19, 0xff, 0x19, 0x19, 0x1c, 0xff, 0x1c, 0x1c, 0x1c, 0xff, 0x1b, 0x1b, 0x1e, 0xff, 0x1b, 0x1b, 0x1e, 0xff, 0x1b, 0x1d, 0x1f, 0xff, 0x1d, 0x1d, 0x21, 0xff, 0x1c, 0x1e, 0x20, 0xff, 0x1e, 0x20, 0x21, 0xff, 0x1e, 0x1f, 0x23, 0xff, 0x1f, 0x20, 0x23, 0xff, 0x1e, 0x21, 0x24, 0xff, 0x1f, 0x22, 0x25, 0xff, 0x20, 0x23, 0x26, 0xff, 0x20, 0x24, 0x26, 0xff, 0x21, 0x24, 0x27, 0xff, 0x22, 0x25, 0x28, 0xff, 0x22, 0x26, 0x29, 0xff, 0x23, 0x27, 0x29, 0xff, 0x22, 0x22, 0x22, 0xff, 0x80, 0xbf, 0xbf, 0xff, 0x68, 0x7c, 0x88, 0xff, 0x6a, 0x80, 0x8e, 0xff, 0x00, 0x00, 0x00, 0xff, 
  0x00, 0x00, 0x00, 0xff, 0x00, 0x00, 0x00, 0xff, 0x00, 0x00, 0x00, 0xff, 0x00, 0x00, 0x00, 0xff, 0x00, 0x00, 0x00, 0xff, 0x00, 0x00, 0x00, 0xff, 0x00, 0x00, 0x00, 0xff, 0x00, 0x00, 0x00, 0xff, 0x00, 0x00, 0x00, 0xff, 0x00, 0x00, 0x00, 0xff, 0x00, 0x00, 0x00, 0xff, 0x00, 0x00, 0x00, 0xff, 0x00, 0x00, 0x00, 0xff, 0x00, 0x00, 0x00, 0xff, 0x00, 0x00, 0x00, 0xff, 0x00, 0x00, 0x00, 0xff, 0x00, 0x00, 0x00, 0xff, 0x00, 0x00, 0x00, 0xff, 0x00, 0x00, 0x00, 0xff, 0x00, 0x00, 0x00, 0xff, 0x00, 0x00, 0x00, 0xff, 0x00, 0x00, 0x00, 0xff, 0x00, 0x00, 0x00, 0xff, 0x00, 0x00, 0x00, 0xff, 0x00, 0x00, 0x00, 0xff, 0x1a, 0x1a, 0x1a, 0xff, 0x0d, 0x0d, 0x1a, 0xff, 0x19, 0x19, 0x19, 0xff, 0x19, 0x19, 0x19, 0xff, 0x19, 0x19, 0x19, 0xff, 0x19, 0x19, 0x1d, 0xff, 0x19, 0x19, 0x1c, 0xff, 0x19, 0x1c, 0x1c, 0xff, 0x1b, 0x1b, 0x1e, 0xff, 0x1b, 0x1b, 0x1e, 0xff, 0x1b, 0x1d, 0x1f, 0xff, 0x1d, 0x1d, 0x21, 0xff, 0x1d, 0x1e, 0x20, 0xff, 0x1e, 0x20, 0x21, 0xff, 0x1e, 0x21, 0x23, 0xff, 0x1f, 0x20, 0x23, 0xff, 0x1e, 0x21, 0x24, 0xff, 0x20, 0x22, 0x25, 0xff, 0x20, 0x23, 0x26, 0xff, 0x20, 0x24, 0x26, 0xff, 0x21, 0x24, 0x27, 0xff, 0x22, 0x25, 0x28, 0xff, 0x22, 0x26, 0x29, 0xff, 0x23, 0x26, 0x29, 0xff, 0x22, 0x22, 0x22, 0xff, 0x80, 0xbf, 0xbf, 0xff, 0x6a, 0x7d, 0x8b, 0xff, 0x6e, 0x83, 0x91, 0xff, 0x00, 0x00, 0x00, 0xff, 
  0x00, 0x00, 0x00, 0xff, 0x00, 0x00, 0x00, 0xff, 0x00, 0x00, 0x00, 0xff, 0x00, 0x00, 0x00, 0xff, 0x00, 0x00, 0x00, 0xff, 0x00, 0x00, 0x00, 0xff, 0x00, 0x00, 0x00, 0xff, 0x00, 0x00, 0x00, 0xff, 0x00, 0x00, 0x00, 0xff, 0x00, 0x00, 0x00, 0xff, 0x00, 0x00, 0x00, 0xff, 0x00, 0x00, 0x00, 0xff, 0x00, 0x00, 0x00, 0xff, 0x00, 0x00, 0x00, 0xff, 0x00, 0x00, 0x00, 0xff, 0x00, 0x00, 0x00, 0xff, 0x00, 0x00, 0x00, 0xff, 0x00, 0x00, 0x00, 0xff, 0x00, 0x00, 0x00, 0xff, 0x00, 0x00, 0x00, 0xff, 0x00, 0x00, 0x00, 0xff, 0x00, 0x00, 0x00, 0xff, 0x00, 0x00, 0x00, 0xff, 0x00, 0x00, 0x00, 0xff, 0x00, 0x00, 0x00, 0xff, 0x00, 0x00, 0x1a, 0xff, 0x0d, 0x0d, 0x0d, 0xff, 0x19, 0x19, 0x19, 0xff, 0x19, 0x19, 0x19, 0xff, 0x14, 0x14, 0x19, 0xff, 0x19, 0x19, 0x1d, 0xff, 0x19, 0x19, 0x1c, 0xff, 0x19, 0x1c, 0x1c, 0xff, 0x1b, 0x1b, 0x1e, 0xff, 0x1b, 0x1b, 0x1e, 0xff, 0x1d, 0x1d, 0x1f, 0xff, 0x1d, 0x1d, 0x21, 0xff, 0x1d, 0x1e, 0x20, 0xff, 0x1e, 0x20, 0x21, 0xff, 0x1e, 0x1f, 0x23, 0xff, 0x1f, 0x20, 0x24, 0xff, 0x1e, 0x21, 0x24, 0xff, 0x20, 0x22, 0x25, 0xff, 0x20, 0x23, 0x26, 0xff, 0x20, 0x24, 0x26, 0xff, 0x21, 0x24, 0x27, 0xff, 0x22, 0x25, 0x28, 0xff, 0x22, 0x25, 0x29, 0xff, 0x22, 0x26, 0x29, 0xff, 0x22, 0x22, 0x22, 0xff, 0x80, 0xbf, 0xbf, 0xff, 0x6d, 0x80, 0x8e, 0xff, 0x69, 0x83, 0x90, 0xff, 0x00, 0x00, 0x00, 0xff, 
  0x00, 0x00, 0x00, 0xff, 0x00, 0x00, 0x00, 0xff, 0x00, 0x00, 0x00, 0xff, 0x00, 0x00, 0x00, 0xff, 0x00, 0x00, 0x00, 0xff, 0x00, 0x00, 0x00, 0xff, 0x00, 0x00, 0x00, 0xff, 0x00, 0x00, 0x00, 0xff, 0x00, 0x00, 0x00, 0xff, 0x00, 0x00, 0x00, 0xff, 0x00, 0x00, 0x00, 0xff, 0x00, 0x00, 0x00, 0xff, 0x00, 0x00, 0x00, 0xff, 0x00, 0x00, 0x00, 0xff, 0x00, 0x00, 0x00, 0xff, 0x00, 0x00, 0x00, 0xff, 0x00, 0x00, 0x00, 0xff, 0x00, 0x00, 0x00, 0xff, 0x00, 0x00, 0x00, 0xff, 0x00, 0x00, 0x00, 0xff, 0x00, 0x00, 0x00, 0xff, 0x00, 0x00, 0x00, 0xff, 0x00, 0x00, 0x00, 0xff, 0x00, 0x00, 0x00, 0xff, 0x00, 0x00, 0x00, 0xff, 0x1c, 0x1c, 0x1c, 0xff, 0x1a, 0x1a, 0x1a, 0xff, 0x11, 0x11, 0x1a, 0xff, 0x19, 0x19, 0x19, 0xff, 0x19, 0x19, 0x19, 0xff, 0x19, 0x19, 0x19, 0xff, 0x19, 0x19, 0x1c, 0xff, 0x19, 0x19, 0x1c, 0xff, 0x1b, 0x1b, 0x1e, 0xff, 0x1b, 0x1b, 0x1e, 0xff, 0x1b, 0x1d, 0x1f, 0xff, 0x1d, 0x1d, 0x21, 0xff, 0x1c, 0x1e, 0x20, 0xff, 0x1c, 0x1e, 0x21, 0xff, 0x1e, 0x1f, 0x23, 0xff, 0x1f, 0x20, 0x23, 0xff, 0x1e, 0x21, 0x24, 0xff, 0x1f, 0x22, 0x25, 0xff, 0x1f, 0x23, 0x26, 0xff, 0x20, 0x24, 0x26, 0xff, 0x21, 0x24, 0x27, 0xff, 0x22, 0x25, 0x27, 0xff, 0x22, 0x26, 0x29, 0xff, 0x23, 0x26, 0x29, 0xff, 0x22, 0x22, 0x22, 0xff, 0x66, 0x99, 0xcc, 0xff, 0x6f, 0x83, 0x91, 0xff, 0x6c, 0x86, 0x93, 0xff, 0x00, 0x00, 0x00, 0xff, 
  0x00, 0x00, 0x00, 0xff, 0x00, 0x00, 0x00, 0xff, 0x00, 0x00, 0x00, 0xff, 0x00, 0x00, 0x00, 0xff, 0x00, 0x00, 0x00, 0xff, 0x00, 0x00, 0x00, 0xff, 0x00, 0x00, 0x00, 0xff, 0x00, 0x00, 0x00, 0xff, 0x00, 0x00, 0x00, 0xff, 0x00, 0x00, 0x00, 0xff, 0x00, 0x00, 0x00, 0xff, 0x00, 0x00, 0x00, 0xff, 0x00, 0x00, 0x00, 0xff, 0x00, 0x00, 0x00, 0xff, 0x00, 0x00, 0x00, 0xff, 0x00, 0x00, 0x00, 0xff, 0x00, 0x00, 0x00, 0xff, 0x00, 0x00, 0x00, 0xff, 0x00, 0x00, 0x00, 0xff, 0x00, 0x00, 0x00, 0xff, 0x00, 0x00, 0x00, 0xff, 0x00, 0x00, 0x00, 0xff, 0x00, 0x00, 0x00, 0xff, 0x00, 0x00, 0x00, 0xff, 0x00, 0x00, 0x00, 0xff, 0x00, 0x00, 0x00, 0xff, 0x1a, 0x1a, 0x1a, 0xff, 0x19, 0x19, 0x19, 0xff, 0x13, 0x13, 0x19, 0xff, 0x19, 0x19, 0x19, 0xff, 0x19, 0x19, 0x1d, 0xff, 0x19, 0x19, 0x1c, 0xff, 0x19, 0x19, 0x1c, 0xff, 0x1b, 0x1b, 0x1e, 0xff, 0x1b, 0x1e, 0x20, 0xff, 0x1b, 0x1d, 0x1f, 0xff, 0x1b, 0x1d, 0x1f, 0xff, 0x1d, 0x1e, 0x20, 0xff, 0x1e, 0x20, 0x21, 0xff, 0x1e, 0x1f, 0x23, 0xff, 0x1f, 0x20, 0x23, 0xff, 0x1e, 0x21, 0x24, 0xff, 0x20, 0x22, 0x25, 0xff, 0x20, 0x23, 0x26, 0xff, 0x20, 0x24, 0x26, 0xff, 0x21, 0x24, 0x27, 0xff, 0x22, 0x25, 0x28, 0xff, 0x22, 0x25, 0x29, 0xff, 0x22, 0x26, 0x29, 0xff, 0x22, 0x22, 0x22, 0xff, 0x80, 0xaa, 0xd4, 0xff, 0x71, 0x86, 0x95, 0xff, 0x73, 0x8c, 0x98, 0xff, 0x00, 0x00, 0x00, 0xff, 
  0x00, 0x00, 0x00, 0xff, 0x00, 0x00, 0x00, 0xff, 0x00, 0x00, 0x00, 0xff, 0x00, 0x00, 0x00, 0xff, 0x00, 0x00, 0x00, 0xff, 0x00, 0x00, 0x00, 0xff, 0x00, 0x00, 0x00, 0xff, 0x00, 0x00, 0x00, 0xff, 0x00, 0x00, 0x00, 0xff, 0x00, 0x00, 0x00, 0xff, 0x00, 0x00, 0x00, 0xff, 0x00, 0x00, 0x00, 0xff, 0x00, 0x00, 0x00, 0xff, 0x00, 0x00, 0x00, 0xff, 0x00, 0x00, 0x00, 0xff, 0x00, 0x00, 0x00, 0xff, 0x00, 0x00, 0x00, 0xff, 0x00, 0x00, 0x00, 0xff, 0x00, 0x00, 0x00, 0xff, 0x00, 0x00, 0x00, 0xff, 0x00, 0x00, 0x00, 0xff, 0x00, 0x00, 0x00, 0xff, 0x00, 0x00, 0x00, 0xff, 0x00, 0x00, 0x00, 0xff, 0x00, 0x00, 0x00, 0xff, 0x1a, 0x1a, 0x1a, 0xff, 0x0d, 0x0d, 0x1a, 0xff, 0x11, 0x11, 0x1a, 0xff, 0x19, 0x19, 0x19, 0xff, 0x19, 0x19, 0x19, 0xff, 0x19, 0x19, 0x19, 0xff, 0x19, 0x19, 0x1c, 0xff, 0x19, 0x1c, 0x1c, 0xff, 0x1b, 0x1b, 0x1e, 0xff, 0x1b, 0x1b, 0x1e, 0xff, 0x1b, 0x1d, 0x1f, 0xff, 0x1d, 0x1f, 0x21, 0xff, 0x1d, 0x1e, 0x20, 0xff, 0x1c, 0x20, 0x21, 0xff, 0x1e, 0x1f, 0x23, 0xff, 0x1f, 0x20, 0x23, 0xff, 0x1e, 0x21, 0x24, 0xff, 0x20, 0x22, 0x25, 0xff, 0x1f, 0x23, 0x26, 0xff, 0x21, 0x24, 0x26, 0xff, 0x21, 0x24, 0x27, 0xff, 0x22, 0x25, 0x28, 0xff, 0x22, 0x26, 0x29, 0xff, 0x23, 0x26, 0x29, 0xff, 0x22, 0x22, 0x22, 0xff, 0x80, 0xaa, 0xd4, 0xff, 0x73, 0x88, 0x97, 0xff, 0x74, 0x8b, 0x97, 0xff, 0x00, 0x00, 0x00, 0xff, 
  0x00, 0x00, 0x00, 0xff, 0x00, 0x00, 0x00, 0xff, 0x00, 0x00, 0x00, 0xff, 0x00, 0x00, 0x00, 0xff, 0x00, 0x00, 0x00, 0xff, 0x00, 0x00, 0x00, 0xff, 0x00, 0x00, 0x00, 0xff, 0x00, 0x00, 0x00, 0xff, 0x00, 0x00, 0x00, 0xff, 0x00, 0x00, 0x00, 0xff, 0x00, 0x00, 0x00, 0xff, 0x00, 0x00, 0x00, 0xff, 0x00, 0x00, 0x00, 0xff, 0x00, 0x00, 0x00, 0xff, 0x00, 0x00, 0x00, 0xff, 0x00, 0x00, 0x00, 0xff, 0x00, 0x00, 0x00, 0xff, 0x00, 0x00, 0x00, 0xff, 0x00, 0x00, 0x00, 0xff, 0x00, 0x00, 0x00, 0xff, 0x00, 0x00, 0x00, 0xff, 0x00, 0x00, 0x00, 0xff, 0x00, 0x00, 0x00, 0xff, 0x00, 0x00, 0x00, 0xff, 0x00, 0x00, 0x00, 0xff, 0x00, 0x00, 0x1a, 0xff, 0x0d, 0x0d, 0x0d, 0xff, 0x19, 0x19, 0x19, 0xff, 0x19, 0x19, 0x19, 0xff, 0x19, 0x19, 0x19, 0xff, 0x19, 0x19, 0x19, 0xff, 0x19, 0x19, 0x1c, 0xff, 0x19, 0x1c, 0x1c, 0xff, 0x1b, 0x1b, 0x1e, 0xff, 0x1b, 0x1b, 0x1e, 0xff, 0x1b, 0x1d, 0x1f, 0xff, 0x1d, 0x1d, 0x21, 0xff, 0x1c, 0x1e, 0x22, 0xff, 0x1e, 0x20, 0x21, 0xff, 0x1e, 0x21, 0x23, 0xff, 0x1f, 0x20, 0x23, 0xff, 0x1e, 0x21, 0x24, 0xff, 0x20, 0x22, 0x25, 0xff, 0x20, 0x23, 0x26, 0xff, 0x20, 0x24, 0x26, 0xff, 0x21, 0x24, 0x27, 0xff, 0x22, 0x25, 0x27, 0xff, 0x22, 0x26, 0x29, 0xff, 0x23, 0x26, 0x29, 0xff, 0x22, 0x22, 0x22, 0xff, 0x92, 0xb6, 0xdb, 0xff, 0x74, 0x8b, 0x99, 0xff, 0x74, 0x8b, 0xa1, 0xff, 0x00, 0x00, 0x00, 0xff, 
  0x00, 0x00, 0x00, 0xff, 0x00, 0x00, 0x00, 0xff, 0x00, 0x00, 0x00, 0xff, 0x00, 0x00, 0x00, 0xff, 0x00, 0x00, 0x00, 0xff, 0x00, 0x00, 0x00, 0xff, 0x00, 0x00, 0x00, 0xff, 0x00, 0x00, 0x00, 0xff, 0x00, 0x00, 0x00, 0xff, 0x00, 0x00, 0x00, 0xff, 0x00, 0x00, 0x00, 0xff, 0x00, 0x00, 0x00, 0xff, 0x00, 0x00, 0x00, 0xff, 0x00, 0x00, 0x00, 0xff, 0x00, 0x00, 0x00, 0xff, 0x00, 0x00, 0x00, 0xff, 0x00, 0x00, 0x00, 0xff, 0x00, 0x00, 0x00, 0xff, 0x00, 0x00, 0x00, 0xff, 0x00, 0x00, 0x00, 0xff, 0x00, 0x00, 0x00, 0xff, 0x00, 0x00, 0x00, 0xff, 0x00, 0x00, 0x00, 0xff, 0x00, 0x00, 0x00, 0xff, 0x00, 0x00, 0x00, 0xff, 0x00, 0x00, 0x00, 0xff, 0x1a, 0x1a, 0x1a, 0xff, 0x19, 0x19, 0x19, 0xff, 0x19, 0x19, 0x19, 0xff, 0x14, 0x14, 0x19, 0xff, 0x19, 0x19, 0x1d, 0xff, 0x19, 0x19, 0x1c, 0xff, 0x19, 0x1c, 0x1c, 0xff, 0x19, 0x1b, 0x1b, 0xff, 0x1b, 0x1e, 0x20, 0xff, 0x1b, 0x1d, 0x1f, 0xff, 0x1d, 0x1f, 0x21, 0xff, 0x1d, 0x1e, 0x20, 0xff, 0x1e, 0x20, 0x21, 0xff, 0x1e, 0x1f, 0x23, 0xff, 0x1f, 0x20, 0x24, 0xff, 0x1e, 0x21, 0x24, 0xff, 0x20, 0x22, 0x25, 0xff, 0x20, 0x23, 0x26, 0xff, 0x20, 0x24, 0x26, 0xff, 0x21, 0x24, 0x27, 0xff, 0x22, 0x25, 0x28, 0xff, 0x22, 0x26, 0x29, 0xff, 0x22, 0x26, 0x29, 0xff, 0x22, 0x22, 0x22, 0xff, 0x9f, 0xbf, 0xbf, 0xff, 0x76, 0x8d, 0x9c, 0xff, 0x75, 0x8f, 0x9a, 0xff, 0x00, 0x00, 0x00, 0xff, 
  0x00, 0x00, 0x00, 0xff, 0x00, 0x00, 0x00, 0xff, 0x00, 0x00, 0x00, 0xff, 0x00, 0x00, 0x00, 0xff, 0x00, 0x00, 0x00, 0xff, 0x00, 0x00, 0x00, 0xff, 0x00, 0x00, 0x00, 0xff, 0x00, 0x00, 0x00, 0xff, 0x00, 0x00, 0x00, 0xff, 0x00, 0x00, 0x00, 0xff, 0x00, 0x00, 0x00, 0xff, 0x00, 0x00, 0x00, 0xff, 0x00, 0x00, 0x00, 0xff, 0x00, 0x00, 0x00, 0xff, 0x00, 0x00, 0x00, 0xff, 0x00, 0x00, 0x00, 0xff, 0x00, 0x00, 0x00, 0xff, 0x00, 0x00, 0x00, 0xff, 0x00, 0x00, 0x00, 0xff, 0x00, 0x00, 0x00, 0xff, 0x00, 0x00, 0x00, 0xff, 0x00, 0x00, 0x00, 0xff, 0x00, 0x00, 0x00, 0xff, 0x00, 0x00, 0x00, 0xff, 0x00, 0x00, 0x00, 0xff, 0x1a, 0x1a, 0x1a, 0xff, 0x1a, 0x1a, 0x1a, 0xff, 0x1a, 0x1a, 0x1a, 0xff, 0x13, 0x13, 0x19, 0xff, 0x19, 0x19, 0x19, 0xff, 0x19, 0x19, 0x19, 0xff, 0x19, 0x19, 0x1c, 0xff, 0x1c, 0x1c, 0x1c, 0xff, 0x1b, 0x1b, 0x1e, 0xff, 0x1b, 0x1b, 0x1e, 0xff, 0x1b, 0x1d, 0x1f, 0xff, 0x1d, 0x1d, 0x21, 0xff, 0x1c, 0x1e, 0x20, 0xff, 0x1e, 0x20, 0x21, 0xff, 0x1e, 0x1f, 0x23, 0xff, 0x1f, 0x20, 0x23, 0xff, 0x1e, 0x21, 0x24, 0xff, 0x1f, 0x22, 0x25, 0xff, 0x20, 0x23, 0x26, 0xff, 0x20, 0x24, 0x26, 0xff, 0x21, 0x24, 0x27, 0xff, 0x22, 0x25, 0x28, 0xff, 0x22, 0x26, 0x29, 0xff, 0x23, 0x27, 0x29, 0xff, 0x22, 0x22, 0x22, 0xff, 0x9f, 0xbf, 0xdf, 0xff, 0x78, 0x90, 0x9f, 0xff, 0x75, 0x8f, 0xa3, 0xff, 0x00, 0x00, 0x00, 0xff, 
  0x00, 0x00, 0x00, 0xff, 0x00, 0x00, 0x00, 0xff, 0x00, 0x00, 0x00, 0xff, 0x00, 0x00, 0x00, 0xff, 0x00, 0x00, 0x00, 0xff, 0x00, 0x00, 0x00, 0xff, 0x00, 0x00, 0x00, 0xff, 0x00, 0x00, 0x00, 0xff, 0x00, 0x00, 0x00, 0xff, 0x00, 0x00, 0x00, 0xff, 0x00, 0x00, 0x00, 0xff, 0x00, 0x00, 0x00, 0xff, 0x00, 0x00, 0x00, 0xff, 0x00, 0x00, 0x00, 0xff, 0x00, 0x00, 0x00, 0xff, 0x00, 0x00, 0x00, 0xff, 0x00, 0x00, 0x00, 0xff, 0x00, 0x00, 0x00, 0xff, 0x00, 0x00, 0x00, 0xff, 0x00, 0x00, 0x00, 0xff, 0x00, 0x00, 0x00, 0xff, 0x00, 0x00, 0x00, 0xff, 0x00, 0x00, 0x00, 0xff, 0x00, 0x00, 0x00, 0xff, 0x00, 0x00, 0x00, 0xff, 0x1a, 0x1a, 0x1a, 0xff, 0x0d, 0x0d, 0x1a, 0xff, 0x19, 0x19, 0x19, 0xff, 0x19, 0x19, 0x19, 0xff, 0x19, 0x19, 0x19, 0xff, 0x19, 0x19, 0x1d, 0xff, 0x19, 0x19, 0x1c, 0xff, 0x19, 0x1c, 0x1c, 0xff, 0x1b, 0x1b, 0x1e, 0xff, 0x1b, 0x1b, 0x1e, 0xff, 0x1b, 0x1d, 0x1f, 0xff, 0x1d, 0x1d, 0x21, 0xff, 0x1d, 0x1e, 0x20, 0xff, 0x1e, 0x20, 0x21, 0xff, 0x1e, 0x21, 0x23, 0xff, 0x1f, 0x20, 0x23, 0xff, 0x1e, 0x21, 0x24, 0xff, 0x20, 0x22, 0x25, 0xff, 0x20, 0x23, 0x26, 0xff, 0x20, 0x24, 0x26, 0xff, 0x21, 0x24, 0x27, 0xff, 0x22, 0x25, 0x28, 0xff, 0x22, 0x26, 0x29, 0xff, 0x23, 0x26, 0x29, 0xff, 0x22, 0x22, 0x22, 0xff, 0x8e, 0xaa, 0xc6, 0xff, 0x79, 0x92, 0xa2, 0xff, 0x7b, 0x93, 0xa2, 0xff, 0x00, 0x00, 0x00, 0xff, 
  0x00, 0x00, 0x00, 0xff, 0x00, 0x00, 0x00, 0xff, 0x00, 0x00, 0x00, 0xff, 0x00, 0x00, 0x00, 0xff, 0x00, 0x00, 0x00, 0xff, 0x00, 0x00, 0x00, 0xff, 0x00, 0x00, 0x00, 0xff, 0x00, 0x00, 0x00, 0xff, 0x00, 0x00, 0x00, 0xff, 0x00, 0x00, 0x00, 0xff, 0x00, 0x00, 0x00, 0xff, 0x00, 0x00, 0x00, 0xff, 0x00, 0x00, 0x00, 0xff, 0x00, 0x00, 0x00, 0xff, 0x00, 0x00, 0x00, 0xff, 0x00, 0x00, 0x00, 0xff, 0x00, 0x00, 0x00, 0xff, 0x00, 0x00, 0x00, 0xff, 0x00, 0x00, 0x00, 0xff, 0x00, 0x00, 0x00, 0xff, 0x00, 0x00, 0x00, 0xff, 0x00, 0x00, 0x00, 0xff, 0x00, 0x00, 0x00, 0xff, 0x00, 0x00, 0x00, 0xff, 0x00, 0x00, 0x00, 0xff, 0x00, 0x00, 0x1a, 0xff, 0x0d, 0x0d, 0x0d, 0xff, 0x19, 0x19, 0x19, 0xff, 0x19, 0x19, 0x19, 0xff, 0x14, 0x14, 0x19, 0xff, 0x19, 0x19, 0x1d, 0xff, 0x19, 0x19, 0x1c, 0xff, 0x19, 0x1c, 0x1c, 0xff, 0x1b, 0x1b, 0x1e, 0xff, 0x1b, 0x1b, 0x1e, 0xff, 0x1d, 0x1d, 0x1f, 0xff, 0x1d, 0x1d, 0x21, 0xff, 0x1d, 0x1e, 0x20, 0xff, 0x1e, 0x20, 0x21, 0xff, 0x1e, 0x1f, 0x23, 0xff, 0x1f, 0x20, 0x24, 0xff, 0x1e, 0x21, 0x24, 0xff, 0x20, 0x22, 0x25, 0xff, 0x20, 0x23, 0x26, 0xff, 0x20, 0x24, 0x26, 0xff, 0x21, 0x24, 0x27, 0xff, 0x22, 0x25, 0x28, 0xff, 0x22, 0x25, 0x29, 0xff, 0x22, 0x26, 0x29, 0xff, 0x22, 0x22, 0x22, 0xff, 0x8e, 0xc6, 0xe3, 0xff, 0x7c, 0x94, 0xa4, 0xff, 0x7b, 0x97, 0xa5, 0xff, 0x00, 0x00, 0x00, 0xff, 
  0x00, 0x00, 0x00, 0xff, 0x00, 0x00, 0x00, 0xff, 0x00, 0x00, 0x00, 0xff, 0x00, 0x00, 0x00, 0xff, 0x00, 0x00, 0x00, 0xff, 0x00, 0x00, 0x00, 0xff, 0x00, 0x00, 0x00, 0xff, 0x00, 0x00, 0x00, 0xff, 0x00, 0x00, 0x00, 0xff, 0x00, 0x00, 0x00, 0xff, 0x00, 0x00, 0x00, 0xff, 0x00, 0x00, 0x00, 0xff, 0x00, 0x00, 0x00, 0xff, 0x00, 0x00, 0x00, 0xff, 0x00, 0x00, 0x00, 0xff, 0x00, 0x00, 0x00, 0xff, 0x00, 0x00, 0x00, 0xff, 0x00, 0x00, 0x00, 0xff, 0x00, 0x00, 0x00, 0xff, 0x00, 0x00, 0x00, 0xff, 0x00, 0x00, 0x00, 0xff, 0x00, 0x00, 0x00, 0xff, 0x00, 0x00, 0x00, 0xff, 0x00, 0x00, 0x00, 0xff, 0x00, 0x00, 0x00, 0xff, 0x1c, 0x1c, 0x1c, 0xff, 0x1a, 0x1a, 0x1a, 0xff, 0x11, 0x11, 0x1a, 0xff, 0x19, 0x19, 0x19, 0xff, 0x19, 0x19, 0x19, 0xff, 0x19, 0x19, 0x19, 0xff, 0x19, 0x19, 0x1c, 0xff, 0x19, 0x19, 0x1c, 0xff, 0x1b, 0x1b, 0x1e, 0xff, 0x1b, 0x1b, 0x1e, 0xff, 0x1b, 0x1d, 0x1f, 0xff, 0x1d, 0x1d, 0x21, 0xff, 0x1c, 0x1e, 0x20, 0xff, 0x1c, 0x1e, 0x21, 0xff, 0x1e, 0x1f, 0x23, 0xff, 0x1f, 0x20, 0x23, 0xff, 0x1e, 0x21, 0x24, 0xff, 0x1f, 0x22, 0x25, 0xff, 0x1f, 0x23, 0x26, 0xff, 0x20, 0x24, 0x26, 0xff, 0x21, 0x24, 0x27, 0xff, 0x22, 0x25, 0x27, 0xff, 0x22, 0x26, 0x29, 0xff, 0x23, 0x26, 0x29, 0xff, 0x22, 0x22, 0x22, 0xff, 0x99, 0xb3, 0xcc, 0xff, 0x7d, 0x98, 0xa9, 0xff, 0x7b, 0x96, 0xa8, 0xff, 0x00, 0x00, 0x00, 0xff, 
  0x00, 0x00, 0x00, 0xff, 0x00, 0x00, 0x00, 0xff, 0x00, 0x00, 0x00, 0xff, 0x00, 0x00, 0x00, 0xff, 0x00, 0x00, 0x00, 0xff, 0x00, 0x00, 0x00, 0xff, 0x00, 0x00, 0x00, 0xff, 0x00, 0x00, 0x00, 0xff, 0x00, 0x00, 0x00, 0xff, 0x00, 0x00, 0x00, 0xff, 0x00, 0x00, 0x00, 0xff, 0x00, 0x00, 0x00, 0xff, 0x00, 0x00, 0x00, 0xff, 0x00, 0x00, 0x00, 0xff, 0x00, 0x00, 0x00, 0xff, 0x00, 0x00, 0x00, 0xff, 0x00, 0x00, 0x00, 0xff, 0x00, 0x00, 0x00, 0xff, 0x00, 0x00, 0x00, 0xff, 0x00, 0x00, 0x00, 0xff, 0x00, 0x00, 0x00, 0xff, 0x00, 0x00, 0x00, 0xff, 0x00, 0x00, 0x00, 0xff, 0x00, 0x00, 0x00, 0xff, 0x00, 0x00, 0x00, 0xff, 0x00, 0x00, 0x00, 0xff, 0x1a, 0x1a, 0x1a, 0xff, 0x19, 0x19, 0x19, 0xff, 0x13, 0x13, 0x19, 0xff, 0x19, 0x19, 0x19, 0xff, 0x19, 0x19, 0x1d, 0xff, 0x19, 0x19, 0x1c, 0xff, 0x19, 0x19, 0x1c, 0xff, 0x1b, 0x1b, 0x1e, 0xff, 0x1b, 0x1e, 0x20, 0xff, 0x1b, 0x1d, 0x1f, 0xff, 0x1b, 0x1d, 0x1f, 0xff, 0x1d, 0x1e, 0x20, 0xff, 0x1e, 0x20, 0x21, 0xff, 0x1e, 0x1f, 0x23, 0xff, 0x1f, 0x20, 0x23, 0xff, 0x1e, 0x21, 0x24, 0xff, 0x20, 0x22, 0x25, 0xff, 0x20, 0x23, 0x26, 0xff, 0x20, 0x24, 0x26, 0xff, 0x21, 0x24, 0x27, 0xff, 0x22, 0x25, 0x28, 0xff, 0x22, 0x25, 0x29, 0xff, 0x22, 0x26, 0x29, 0xff, 0x22, 0x22, 0x22, 0xff, 0x8b, 0xb9, 0xd1, 0xff, 0x7e, 0x9b, 0xac, 0xff, 0x7d, 0x97, 0xa9, 0xff, 0x00, 0x00, 0x00, 0xff, 
  0x00, 0x00, 0x00, 0xff, 0x00, 0x00, 0x00, 0xff, 0x00, 0x00, 0x00, 0xff, 0x00, 0x00, 0x00, 0xff, 0x00, 0x00, 0x00, 0xff, 0x00, 0x00, 0x00, 0xff, 0x00, 0x00, 0x00, 0xff, 0x00, 0x00, 0x00, 0xff, 0x00, 0x00, 0x00, 0xff, 0x00, 0x00, 0x00, 0xff, 0x00, 0x00, 0x00, 0xff, 0x00, 0x00, 0x00, 0xff, 0x00, 0x00, 0x00, 0xff, 0x00, 0x00, 0x00, 0xff, 0x00, 0x00, 0x00, 0xff, 0x00, 0x00, 0x00, 0xff, 0x00, 0x00, 0x00, 0xff, 0x00, 0x00, 0x00, 0xff, 0x00, 0x00, 0x00, 0xff, 0x00, 0x00, 0x00, 0xff, 0x00, 0x00, 0x00, 0xff, 0x00, 0x00, 0x00, 0xff, 0x00, 0x00, 0x00, 0xff, 0x00, 0x00, 0x00, 0xff, 0x00, 0x00, 0x00, 0xff, 0x1a, 0x1a, 0x1a, 0xff, 0x0d, 0x0d, 0x1a, 0xff, 0x11, 0x11, 0x1a, 0xff, 0x19, 0x19, 0x19, 0xff, 0x19, 0x19, 0x19, 0xff, 0x19, 0x19, 0x19, 0xff, 0x19, 0x19, 0x1c, 0xff, 0x19, 0x1c, 0x1c, 0xff, 0x1b, 0x1b, 0x1e, 0xff, 0x1b, 0x1b, 0x1e, 0xff, 0x1b, 0x1d, 0x1f, 0xff, 0x1d, 0x1f, 0x21, 0xff, 0x1d, 0x1e, 0x20, 0xff, 0x1c, 0x20, 0x21, 0xff, 0x1e, 0x1f, 0x23, 0xff, 0x1f, 0x20, 0x23, 0xff, 0x1e, 0x21, 0x24, 0xff, 0x20, 0x22, 0x25, 0xff, 0x1f, 0x23, 0x26, 0xff, 0x21, 0x24, 0x26, 0xff, 0x21, 0x24, 0x27, 0xff, 0x22, 0x25, 0x28, 0xff, 0x22, 0x26, 0x29, 0xff, 0x23, 0x26, 0x29, 0xff, 0x22, 0x22, 0x22, 0xff, 0x8b, 0xb9, 0xd1, 0xff, 0x80, 0x9c, 0xad, 0xff, 0x7f, 0x9d, 0xae, 0xff, 0x00, 0x00, 0x00, 0xff, 
  0x00, 0x00, 0x00, 0xff, 0x00, 0x00, 0x00, 0xff, 0x00, 0x00, 0x00, 0xff, 0x00, 0x00, 0x00, 0xff, 0x00, 0x00, 0x00, 0xff, 0x00, 0x00, 0x00, 0xff, 0x00, 0x00, 0x00, 0xff, 0x00, 0x00, 0x00, 0xff, 0x00, 0x00, 0x00, 0xff, 0x00, 0x00, 0x00, 0xff, 0x00, 0x00, 0x00, 0xff, 0x00, 0x00, 0x00, 0xff, 0x00, 0x00, 0x00, 0xff, 0x00, 0x00, 0x00, 0xff, 0x00, 0x00, 0x00, 0xff, 0x00, 0x00, 0x00, 0xff, 0x00, 0x00, 0x00, 0xff, 0x00, 0x00, 0x00, 0xff, 0x00, 0x00, 0x00, 0xff, 0x00, 0x00, 0x00, 0xff, 0x00, 0x00, 0x00, 0xff, 0x00, 0x00, 0x00, 0xff, 0x00, 0x00, 0x00, 0xff, 0x00, 0x00, 0x00, 0xff, 0x00, 0x00, 0x00, 0xff, 0x00, 0x00, 0x1a, 0xff, 0x0d, 0x0d, 0x0d, 0xff, 0x19, 0x19, 0x19, 0xff, 0x19, 0x19, 0x19, 0xff, 0x19, 0x19, 0x19, 0xff, 0x19, 0x19, 0x19, 0xff, 0x19, 0x19, 0x1c, 0xff, 0x19, 0x1c, 0x1c, 0xff, 0x1b, 0x1b, 0x1e, 0xff, 0x1b, 0x1b, 0x1e, 0xff, 0x1b, 0x1d, 0x1f, 0xff, 0x1d, 0x1d, 0x21, 0xff, 0x1c, 0x1e, 0x22, 0xff, 0x1e, 0x20, 0x21, 0xff, 0x1e, 0x21, 0x23, 0xff, 0x1f, 0x20, 0x23, 0xff, 0x1e, 0x21, 0x24, 0xff, 0x20, 0x22, 0x25, 0xff, 0x20, 0x23, 0x26, 0xff, 0x20, 0x24, 0x26, 0xff, 0x21, 0x24, 0x27, 0xff, 0x22, 0x25, 0x27, 0xff, 0x22, 0x26, 0x29, 0xff, 0x23, 0x26, 0x29, 0xff, 0x22, 0x22, 0x22, 0xff, 0x95, 0xbf, 0xd4, 0xff, 0x80, 0x9d, 0xaf, 0xff, 0x7d, 0x9a, 0xaa, 0xff, 0x00, 0x00, 0x00, 0xff, 
  0x00, 0x00, 0x00, 0xff, 0x00, 0x00, 0x00, 0xff, 0x00, 0x00, 0x00, 0xff, 0x00, 0x00, 0x00, 0xff, 0x00, 0x00, 0x00, 0xff, 0x00, 0x00, 0x00, 0xff, 0x00, 0x00, 0x00, 0xff, 0x00, 0x00, 0x00, 0xff, 0x00, 0x00, 0x00, 0xff, 0x00, 0x00, 0x00, 0xff, 0x00, 0x00, 0x00, 0xff, 0x00, 0x00, 0x00, 0xff, 0x00, 0x00, 0x00, 0xff, 0x00, 0x00, 0x00, 0xff, 0x00, 0x00, 0x00, 0xff, 0x00, 0x00, 0x00, 0xff, 0x00, 0x00, 0x00, 0xff, 0x00, 0x00, 0x00, 0xff, 0x00, 0x00, 0x00, 0xff, 0x00, 0x00, 0x00, 0xff, 0x00, 0x00, 0x00, 0xff, 0x00, 0x00, 0x00, 0xff, 0x00, 0x00, 0x00, 0xff, 0x00, 0x00, 0x00, 0xff, 0x00, 0x00, 0x00, 0xff, 0x00, 0x00, 0x00, 0xff, 0x1a, 0x1a, 0x1a, 0xff, 0x19, 0x19, 0x19, 0xff, 0x19, 0x19, 0x19, 0xff, 0x14, 0x14, 0x19, 0xff, 0x19, 0x19, 0x1d, 0xff, 0x19, 0x19, 0x1c, 0xff, 0x19, 0x1c, 0x1c, 0xff, 0x19, 0x1b, 0x1b, 0xff, 0x1b, 0x1e, 0x20, 0xff, 0x1b, 0x1d, 0x1f, 0xff, 0x1d, 0x1f, 0x21, 0xff, 0x1d, 0x1e, 0x20, 0xff, 0x1e, 0x20, 0x21, 0xff, 0x1e, 0x1f, 0x23, 0xff, 0x1f, 0x20, 0x24, 0xff, 0x1e, 0x21, 0x24, 0xff, 0x20, 0x22, 0x25, 0xff, 0x20, 0x23, 0x26, 0xff, 0x20, 0x24, 0x26, 0xff, 0x21, 0x24, 0x27, 0xff, 0x22, 0x25, 0x28, 0xff, 0x22, 0x26, 0x29, 0xff, 0x22, 0x26, 0x29, 0xff, 0x22, 0x22, 0x22, 0xff, 0x95, 0xbf, 0xd4, 0xff, 0x81, 0x9f, 0xb1, 0xff, 0x80, 0x9b, 0xaf, 0xff, 0x00, 0x00, 0x00, 0xff, 
  0x00, 0x00, 0x00, 0xff, 0x00, 0x00, 0x00, 0xff, 0x00, 0x00, 0x00, 0xff, 0x00, 0x00, 0x00, 0xff, 0x00, 0x00, 0x00, 0xff, 0x00, 0x00, 0x00, 0xff, 0x00, 0x00, 0x00, 0xff, 0x00, 0x00, 0x00, 0xff, 0x00, 0x00, 0x00, 0xff, 0x00, 0x00, 0x00, 0xff, 0x00, 0x00, 0x00, 0xff, 0x00, 0x00, 0x00, 0xff, 0x00, 0x00, 0x00, 0xff, 0x00, 0x00, 0x00, 0xff, 0x00, 0x00, 0x00, 0xff, 0x00, 0x00, 0x00, 0xff, 0x00, 0x00, 0x00, 0xff, 0x00, 0x00, 0x00, 0xff, 0x00, 0x00, 0x00, 0xff, 0x00, 0x00, 0x00, 0xff, 0x00, 0x00, 0x00, 0xff, 0x00, 0x00, 0x00, 0xff, 0x00, 0x00, 0x00, 0xff, 0x00, 0x00, 0x00, 0xff, 0x00, 0x00, 0x00, 0xff, 0x1a, 0x1a, 0x1a, 0xff, 0x1a, 0x1a, 0x1a, 0xff, 0x1a, 0x1a, 0x1a, 0xff, 0x13, 0x13, 0x19, 0xff, 0x19, 0x19, 0x19, 0xff, 0x19, 0x19, 0x19, 0xff, 0x19, 0x19, 0x1c, 0xff, 0x1c, 0x1c, 0x1c, 0xff, 0x1b, 0x1b, 0x1e, 0xff, 0x1b, 0x1b, 0x1e, 0xff, 0x1b, 0x1d, 0x1f, 0xff, 0x1d, 0x1d, 0x21, 0xff, 0x1c, 0x1e, 0x20, 0xff, 0x1e, 0x20, 0x21, 0xff, 0x1e, 0x1f, 0x23, 0xff, 0x1f, 0x20, 0x23, 0xff, 0x1e, 0x21, 0x24, 0xff, 0x1f, 0x22, 0x25, 0xff, 0x20, 0x23, 0x26, 0xff, 0x20, 0x24, 0x26, 0xff, 0x21, 0x24, 0x27, 0xff, 0x22, 0x25, 0x28, 0xff, 0x22, 0x26, 0x29, 0xff, 0x23, 0x27, 0x29, 0xff, 0x22, 0x22, 0x22, 0xff, 0x89, 0xc4, 0xd8, 0xff, 0x81, 0xa1, 0xb4, 0xff, 0x80, 0x9e, 0xb2, 0xff, 0x00, 0x00, 0x00, 0xff, 
  0x00, 0x00, 0x00, 0xff, 0x00, 0x00, 0x00, 0xff, 0x00, 0x00, 0x00, 0xff, 0x00, 0x00, 0x00, 0xff, 0x00, 0x00, 0x00, 0xff, 0x00, 0x00, 0x00, 0xff, 0x00, 0x00, 0x00, 0xff, 0x00, 0x00, 0x00, 0xff, 0x00, 0x00, 0x00, 0xff, 0x00, 0x00, 0x00, 0xff, 0x00, 0x00, 0x00, 0xff, 0x00, 0x00, 0x00, 0xff, 0x00, 0x00, 0x00, 0xff, 0x00, 0x00, 0x00, 0xff, 0x00, 0x00, 0x00, 0xff, 0x00, 0x00, 0x00, 0xff, 0x00, 0x00, 0x00, 0xff, 0x00, 0x00, 0x00, 0xff, 0x00, 0x00, 0x00, 0xff, 0x00, 0x00, 0x00, 0xff, 0x00, 0x00, 0x00, 0xff, 0x00, 0x00, 0x00, 0xff, 0x00, 0x00, 0x00, 0xff, 0x00, 0x00, 0x00, 0xff, 0x00, 0x00, 0x00, 0xff, 0x1a, 0x1a, 0x1a, 0xff, 0x0d, 0x0d, 0x1a, 0xff, 0x19, 0x19, 0x19, 0xff, 0x19, 0x19, 0x19, 0xff, 0x19, 0x19, 0x19, 0xff, 0x19, 0x19, 0x1d, 0xff, 0x19, 0x19, 0x1c, 0xff, 0x19, 0x1c, 0x1c, 0xff, 0x1b, 0x1b, 0x1e, 0xff, 0x1b, 0x1b, 0x1e, 0xff, 0x1b, 0x1d, 0x1f, 0xff, 0x1d, 0x1d, 0x21, 0xff, 0x1d, 0x1e, 0x20, 0xff, 0x1e, 0x20, 0x21, 0xff, 0x1e, 0x21, 0x23, 0xff, 0x1f, 0x20, 0x23, 0xff, 0x1e, 0x21, 0x24, 0xff, 0x20, 0x22, 0x25, 0xff, 0x20, 0x23, 0x26, 0xff, 0x20, 0x24, 0x26, 0xff, 0x21, 0x24, 0x27, 0xff, 0x22, 0x25, 0x28, 0xff, 0x22, 0x26, 0x29, 0xff, 0x23, 0x26, 0x29, 0xff, 0x22, 0x22, 0x22, 0xff, 0x92, 0xb6, 0xdb, 0xff, 0x82, 0xa2, 0xb5, 0xff, 0x80, 0x9e, 0xb4, 0xff, 0x00, 0x00, 0x00, 0xff, 
  0x00, 0x00, 0x00, 0xff, 0x00, 0x00, 0x00, 0xff, 0x00, 0x00, 0x00, 0xff, 0x00, 0x00, 0x00, 0xff, 0x00, 0x00, 0x00, 0xff, 0x00, 0x00, 0x00, 0xff, 0x00, 0x00, 0x00, 0xff, 0x00, 0x00, 0x00, 0xff, 0x00, 0x00, 0x00, 0xff, 0x00, 0x00, 0x00, 0xff, 0x00, 0x00, 0x00, 0xff, 0x00, 0x00, 0x00, 0xff, 0x00, 0x00, 0x00, 0xff, 0x00, 0x00, 0x00, 0xff, 0x00, 0x00, 0x00, 0xff, 0x00, 0x00, 0x00, 0xff, 0x00, 0x00, 0x00, 0xff, 0x00, 0x00, 0x00, 0xff, 0x00, 0x00, 0x00, 0xff, 0x00, 0x00, 0x00, 0xff, 0x00, 0x00, 0x00, 0xff, 0x00, 0x00, 0x00, 0xff, 0x00, 0x00, 0x00, 0xff, 0x00, 0x00, 0x00, 0xff, 0x00, 0x00, 0x00, 0xff, 0x00, 0x00, 0x1a, 0xff, 0x0d, 0x0d, 0x0d, 0xff, 0x19, 0x19, 0x19, 0xff, 0x19, 0x19, 0x19, 0xff, 0x14, 0x14, 0x19, 0xff, 0x19, 0x19, 0x1d, 0xff, 0x19, 0x19, 0x1c, 0xff, 0x19, 0x1c, 0x1c, 0xff, 0x1b, 0x1b, 0x1e, 0xff, 0x1b, 0x1b, 0x1e, 0xff, 0x1d, 0x1d, 0x1f, 0xff, 0x1d, 0x1d, 0x21, 0xff, 0x1d, 0x1e, 0x20, 0xff, 0x1e, 0x20, 0x21, 0xff, 0x1e, 0x1f, 0x23, 0xff, 0x1f, 0x20, 0x24, 0xff, 0x1e, 0x21, 0x24, 0xff, 0x20, 0x22, 0x25, 0xff, 0x20, 0x23, 0x26, 0xff, 0x20, 0x24, 0x26, 0xff, 0x21, 0x24, 0x27, 0xff, 0x22, 0x25, 0x28, 0xff, 0x22, 0x25, 0x29, 0xff, 0x22, 0x26, 0x29, 0xff, 0x22, 0x22, 0x22, 0xff, 0x88, 0xbb, 0xdd, 0xff, 0x82, 0xa3, 0xb6, 0xff, 0x80, 0xa0, 0xb3, 0xff, 0x00, 0x00, 0x00, 0xff, 
  0x00, 0x00, 0x00, 0xff, 0x00, 0x00, 0x00, 0xff, 0x00, 0x00, 0x00, 0xff, 0x00, 0x00, 0x00, 0xff, 0x00, 0x00, 0x00, 0xff, 0x00, 0x00, 0x00, 0xff, 0x00, 0x00, 0x00, 0xff, 0x00, 0x00, 0x00, 0xff, 0x00, 0x00, 0x00, 0xff, 0x00, 0x00, 0x00, 0xff, 0x00, 0x00, 0x00, 0xff, 0x00, 0x00, 0x00, 0xff, 0x00, 0x00, 0x00, 0xff, 0x00, 0x00, 0x00, 0xff, 0x00, 0x00, 0x00, 0xff, 0x00, 0x00, 0x00, 0xff, 0x00, 0x00, 0x00, 0xff, 0x00, 0x00, 0x00, 0xff, 0x00, 0x00, 0x00, 0xff, 0x00, 0x00, 0x00, 0xff, 0x00, 0x00, 0x00, 0xff, 0x00, 0x00, 0x00, 0xff, 0x00, 0x00, 0x00, 0xff, 0x00, 0x00, 0x00, 0xff, 0x00, 0x00, 0x00, 0xff, 0x1c, 0x1c, 0x1c, 0xff, 0x1a, 0x1a, 0x1a, 0xff, 0x11, 0x11, 0x1a, 0xff, 0x19, 0x19, 0x19, 0xff, 0x19, 0x19, 0x19, 0xff, 0x19, 0x19, 0x19, 0xff, 0x19, 0x19, 0x1c, 0xff, 0x19, 0x19, 0x1c, 0xff, 0x1b, 0x1b, 0x1e, 0xff, 0x1b, 0x1b, 0x1e, 0xff, 0x1b, 0x1d, 0x1f, 0xff, 0x1d, 0x1d, 0x21, 0xff, 0x1c, 0x1e, 0x20, 0xff, 0x1c, 0x1e, 0x21, 0xff, 0x1e, 0x1f, 0x23, 0xff, 0x1f, 0x20, 0x23, 0xff, 0x1e, 0x21, 0x24, 0xff, 0x1f, 0x22, 0x25, 0xff, 0x1f, 0x23, 0x26, 0xff, 0x20, 0x24, 0x26, 0xff, 0x21, 0x24, 0x27, 0xff, 0x22, 0x25, 0x27, 0xff, 0x22, 0x26, 0x29, 0xff, 0x23, 0x26, 0x29, 0xff, 0x22, 0x22, 0x22, 0xff, 0x88, 0xbb, 0xdd, 0xff, 0x82, 0xa3, 0xb7, 0xff, 0x81, 0x9e, 0xb4, 0xff, 0x00, 0x00, 0x00, 0xff, 
  0x00, 0x00, 0x00, 0xff, 0x00, 0x00, 0x00, 0xff, 0x00, 0x00, 0x00, 0xff, 0x00, 0x00, 0x00, 0xff, 0x00, 0x00, 0x00, 0xff, 0x00, 0x00, 0x00, 0xff, 0x00, 0x00, 0x00, 0xff, 0x00, 0x00, 0x00, 0xff, 0x00, 0x00, 0x00, 0xff, 0x00, 0x00, 0x00, 0xff, 0x00, 0x00, 0x00, 0xff, 0x00, 0x00, 0x00, 0xff, 0x00, 0x00, 0x00, 0xff, 0x00, 0x00, 0x00, 0xff, 0x00, 0x00, 0x00, 0xff, 0x00, 0x00, 0x00, 0xff, 0x00, 0x00, 0x00, 0xff, 0x00, 0x00, 0x00, 0xff, 0x00, 0x00, 0x00, 0xff, 0x00, 0x00, 0x00, 0xff, 0x00, 0x00, 0x00, 0xff, 0x00, 0x00, 0x00, 0xff, 0x00, 0x00, 0x00, 0xff, 0x00, 0x00, 0x00, 0xff, 0x00, 0x00, 0x00, 0xff, 0x00, 0x00, 0x00, 0xff, 0x1a, 0x1a, 0x1a, 0xff, 0x19, 0x19, 0x19, 0xff, 0x13, 0x13, 0x19, 0xff, 0x19, 0x19, 0x19, 0xff, 0x19, 0x19, 0x1d, 0xff, 0x19, 0x19, 0x1c, 0xff, 0x19, 0x19, 0x1c, 0xff, 0x1b, 0x1b, 0x1e, 0xff, 0x1b, 0x1e, 0x20, 0xff, 0x1b, 0x1d, 0x1f, 0xff, 0x1b, 0x1d, 0x1f, 0xff, 0x1d, 0x1e, 0x20, 0xff, 0x1e, 0x20, 0x21, 0xff, 0x1e, 0x1f, 0x23, 0xff, 0x1f, 0x20, 0x23, 0xff, 0x1e, 0x21, 0x24, 0xff, 0x20, 0x22, 0x25, 0xff, 0x20, 0x23, 0x26, 0xff, 0x20, 0x24, 0x26, 0xff, 0x21, 0x24, 0x27, 0xff, 0x22, 0x25, 0x28, 0xff, 0x22, 0x25, 0x29, 0xff, 0x22, 0x26, 0x29, 0xff, 0x22, 0x22, 0x22, 0xff, 0x80, 0xbf, 0xcf, 0xff, 0x82, 0xa5, 0xb8, 0xff, 0x83, 0x9f, 0xb5, 0xff, 0x00, 0x00, 0x00, 0xff, 
  0x00, 0x00, 0x00, 0xff, 0x00, 0x00, 0x00, 0xff, 0x00, 0x00, 0x00, 0xff, 0x00, 0x00, 0x00, 0xff, 0x00, 0x00, 0x00, 0xff, 0x00, 0x00, 0x00, 0xff, 0x00, 0x00, 0x00, 0xff, 0x00, 0x00, 0x00, 0xff, 0x00, 0x00, 0x00, 0xff, 0x00, 0x00, 0x00, 0xff, 0x00, 0x00, 0x00, 0xff, 0x00, 0x00, 0x00, 0xff, 0x00, 0x00, 0x00, 0xff, 0x00, 0x00, 0x00, 0xff, 0x00, 0x00, 0x00, 0xff, 0x00, 0x00, 0x00, 0xff, 0x00, 0x00, 0x00, 0xff, 0x00, 0x00, 0x00, 0xff, 0x00, 0x00, 0x00, 0xff, 0x00, 0x00, 0x00, 0xff, 0x00, 0x00, 0x00, 0xff, 0x00, 0x00, 0x00, 0xff, 0x00, 0x00, 0x00, 0xff, 0x00, 0x00, 0x00, 0xff, 0x00, 0x00, 0x00, 0xff, 0x1a, 0x1a, 0x1a, 0xff, 0x0d, 0x0d, 0x1a, 0xff, 0x11, 0x11, 0x1a, 0xff, 0x19, 0x19, 0x19, 0xff, 0x19, 0x19, 0x19, 0xff, 0x19, 0x19, 0x19, 0xff, 0x19, 0x19, 0x1c, 0xff, 0x19, 0x1c, 0x1c, 0xff, 0x1b, 0x1b, 0x1e, 0xff, 0x1b, 0x1b, 0x1e, 0xff, 0x1b, 0x1d, 0x1f, 0xff, 0x1d, 0x1f, 0x21, 0xff, 0x1d, 0x1e, 0x20, 0xff, 0x1c, 0x20, 0x21, 0xff, 0x1e, 0x1f, 0x23, 0xff, 0x1f, 0x20, 0x23, 0xff, 0x1e, 0x21, 0x24, 0xff, 0x20, 0x22, 0x25, 0xff, 0x1f, 0x23, 0x26, 0xff, 0x21, 0x24, 0x26, 0xff, 0x21, 0x24, 0x27, 0xff, 0x22, 0x25, 0x28, 0xff, 0x22, 0x26, 0x29, 0xff, 0x23, 0x26, 0x29, 0xff, 0x22, 0x22, 0x22, 0xff, 0x80, 0xbf, 0xcf, 0xff, 0x83, 0xa5, 0xba, 0xff, 0x81, 0xa1, 0xb6, 0xff, 0x00, 0x00, 0x00, 0xff, 
  0x00, 0x00, 0x00, 0xff, 0x00, 0x00, 0x00, 0xff, 0x00, 0x00, 0x00, 0xff, 0x00, 0x00, 0x00, 0xff, 0x00, 0x00, 0x00, 0xff, 0x00, 0x00, 0x00, 0xff, 0x00, 0x00, 0x00, 0xff, 0x00, 0x00, 0x00, 0xff, 0x00, 0x00, 0x00, 0xff, 0x00, 0x00, 0x00, 0xff, 0x00, 0x00, 0x00, 0xff, 0x00, 0x00, 0x00, 0xff, 0x00, 0x00, 0x00, 0xff, 0x00, 0x00, 0x00, 0xff, 0x00, 0x00, 0x00, 0xff, 0x00, 0x00, 0x00, 0xff, 0x00, 0x00, 0x00, 0xff, 0x00, 0x00, 0x00, 0xff, 0x00, 0x00, 0x00, 0xff, 0x00, 0x00, 0x00, 0xff, 0x00, 0x00, 0x00, 0xff, 0x00, 0x00, 0x00, 0xff, 0x00, 0x00, 0x00, 0xff, 0x00, 0x00, 0x00, 0xff, 0x00, 0x00, 0x00, 0xff, 0x00, 0x00, 0x1a, 0xff, 0x0d, 0x0d, 0x0d, 0xff, 0x19, 0x19, 0x19, 0xff, 0x19, 0x19, 0x19, 0xff, 0x19, 0x19, 0x19, 0xff, 0x19, 0x19, 0x19, 0xff, 0x19, 0x19, 0x1c, 0xff, 0x19, 0x1c, 0x1c, 0xff, 0x1b, 0x1b, 0x1e, 0xff, 0x1b, 0x1b, 0x1e, 0xff, 0x1b, 0x1d, 0x1f, 0xff, 0x1d, 0x1d, 0x21, 0xff, 0x1c, 0x1e, 0x22, 0xff, 0x1e, 0x20, 0x21, 0xff, 0x1e, 0x21, 0x23, 0xff, 0x1f, 0x20, 0x23, 0xff, 0x1e, 0x21, 0x24, 0xff, 0x20, 0x22, 0x25, 0xff, 0x20, 0x23, 0x26, 0xff, 0x20, 0x24, 0x26, 0xff, 0x21, 0x24, 0x27, 0xff, 0x22, 0x25, 0x27, 0xff, 0x22, 0x26, 0x29, 0xff, 0x23, 0x26, 0x29, 0xff, 0x22, 0x22, 0x22, 0xff, 0x80, 0xbf, 0xcf, 0xff, 0x82, 0xa5, 0xba, 0xff, 0x81, 0xa1, 0xb6, 0xff, 0x00, 0x00, 0x00, 0xff, 
  0x00, 0x00, 0x00, 0xff, 0x00, 0x00, 0x00, 0xff, 0x00, 0x00, 0x00, 0xff, 0x00, 0x00, 0x00, 0xff, 0x00, 0x00, 0x00, 0xff, 0x00, 0x00, 0x00, 0xff, 0x00, 0x00, 0x00, 0xff, 0x00, 0x00, 0x00, 0xff, 0x00, 0x00, 0x00, 0xff, 0x00, 0x00, 0x00, 0xff, 0x00, 0x00, 0x00, 0xff, 0x00, 0x00, 0x00, 0xff, 0x00, 0x00, 0x00, 0xff, 0x00, 0x00, 0x00, 0xff, 0x00, 0x00, 0x00, 0xff, 0x00, 0x00, 0x00, 0xff, 0x00, 0x00, 0x00, 0xff, 0x00, 0x00, 0x00, 0xff, 0x00, 0x00, 0x00, 0xff, 0x00, 0x00, 0x00, 0xff, 0x00, 0x00, 0x00, 0xff, 0x00, 0x00, 0x00, 0xff, 0x00, 0x00, 0x00, 0xff, 0x00, 0x00, 0x00, 0xff, 0x00, 0x00, 0x00, 0xff, 0x00, 0x00, 0x00, 0xff, 0x1a, 0x1a, 0x1a, 0xff, 0x19, 0x19, 0x19, 0xff, 0x19, 0x19, 0x19, 0xff, 0x14, 0x14, 0x19, 0xff, 0x19, 0x19, 0x1d, 0xff, 0x19, 0x19, 0x1c, 0xff, 0x19, 0x1c, 0x1c, 0xff, 0x19, 0x1b, 0x1b, 0xff, 0x1b, 0x1e, 0x20, 0xff, 0x1b, 0x1d, 0x1f, 0xff, 0x1d, 0x1f, 0x21, 0xff, 0x1d, 0x1e, 0x20, 0xff, 0x1e, 0x20, 0x21, 0xff, 0x1e, 0x1f, 0x23, 0xff, 0x1f, 0x20, 0x24, 0xff, 0x1e, 0x21, 0x24, 0xff, 0x20, 0x22, 0x25, 0xff, 0x20, 0x23, 0x26, 0xff, 0x20, 0x24, 0x26, 0xff, 0x21, 0x24, 0x27, 0xff, 0x22, 0x25, 0x28, 0xff, 0x22, 0x26, 0x29, 0xff, 0x22, 0x26, 0x29, 0xff, 0x22, 0x22, 0x22, 0xff, 0x80, 0xbf, 0xcf, 0xff, 0x82, 0xa4, 0xb9, 0xff, 0x83, 0x9f, 0xb3, 0xff, 0x00, 0x00, 0x00, 0xff, 
  0x00, 0x00, 0x00, 0xff, 0x00, 0x00, 0x00, 0xff, 0x00, 0x00, 0x00, 0xff, 0x00, 0x00, 0x00, 0xff, 0x00, 0x00, 0x00, 0xff, 0x00, 0x00, 0x00, 0xff, 0x00, 0x00, 0x00, 0xff, 0x00, 0x00, 0x00, 0xff, 0x00, 0x00, 0x00, 0xff, 0x00, 0x00, 0x00, 0xff, 0x00, 0x00, 0x00, 0xff, 0x00, 0x00, 0x00, 0xff, 0x00, 0x00, 0x00, 0xff, 0x00, 0x00, 0x00, 0xff, 0x00, 0x00, 0x00, 0xff, 0x00, 0x00, 0x00, 0xff, 0x00, 0x00, 0x00, 0xff, 0x00, 0x00, 0x00, 0xff, 0x00, 0x00, 0x00, 0xff, 0x00, 0x00, 0x00, 0xff, 0x00, 0x00, 0x00, 0xff, 0x00, 0x00, 0x00, 0xff, 0x00, 0x00, 0x00, 0xff, 0x00, 0x00, 0x00, 0xff, 0x00, 0x00, 0x00, 0xff, 0x1a, 0x1a, 0x1a, 0xff, 0x1a, 0x1a, 0x1a, 0xff, 0x1a, 0x1a, 0x1a, 0xff, 0x13, 0x13, 0x19, 0xff, 0x19, 0x19, 0x19, 0xff, 0x19, 0x19, 0x19, 0xff, 0x19, 0x19, 0x1c, 0xff, 0x1c, 0x1c, 0x1c, 0xff, 0x1b, 0x1b, 0x1e, 0xff, 0x1b, 0x1b, 0x1e, 0xff, 0x1b, 0x1d, 0x1f, 0xff, 0x1d, 0x1d, 0x21, 0xff, 0x1c, 0x1e, 0x20, 0xff, 0x1e, 0x20, 0x21, 0xff, 0x1e, 0x1f, 0x23, 0xff, 0x1f, 0x20, 0x23, 0xff, 0x1e, 0x21, 0x24, 0xff, 0x1f, 0x22, 0x25, 0xff, 0x20, 0x23, 0x26, 0xff, 0x20, 0x24, 0x26, 0xff, 0x21, 0x24, 0x27, 0xff, 0x22, 0x25, 0x28, 0xff, 0x22, 0x26, 0x29, 0xff, 0x23, 0x27, 0x29, 0xff, 0x22, 0x22, 0x22, 0xff, 0x80, 0xbf, 0xcf, 0xff, 0x82, 0xa4, 0xb7, 0xff, 0x81, 0xa1, 0xb6, 0xff, 0x00, 0x00, 0x00, 0xff, 
  0x00, 0x00, 0x00, 0xff, 0x00, 0x00, 0x00, 0xff, 0x00, 0x00, 0x00, 0xff, 0x00, 0x00, 0x00, 0xff, 0x00, 0x00, 0x00, 0xff, 0x00, 0x00, 0x00, 0xff, 0x00, 0x00, 0x00, 0xff, 0x00, 0x00, 0x00, 0xff, 0x00, 0x00, 0x00, 0xff, 0x00, 0x00, 0x00, 0xff, 0x00, 0x00, 0x00, 0xff, 0x00, 0x00, 0x00, 0xff, 0x00, 0x00, 0x00, 0xff, 0x00, 0x00, 0x00, 0xff, 0x00, 0x00, 0x00, 0xff, 0x00, 0x00, 0x00, 0xff, 0x00, 0x00, 0x00, 0xff, 0x00, 0x00, 0x00, 0xff, 0x00, 0x00, 0x00, 0xff, 0x00, 0x00, 0x00, 0xff, 0x00, 0x00, 0x00, 0xff, 0x00, 0x00, 0x00, 0xff, 0x00, 0x00, 0x00, 0xff, 0x00, 0x00, 0x00, 0xff, 0x00, 0x00, 0x00, 0xff, 0x1a, 0x1a, 0x1a, 0xff, 0x0d, 0x0d, 0x1a, 0xff, 0x19, 0x19, 0x19, 0xff, 0x19, 0x19, 0x19, 0xff, 0x19, 0x19, 0x19, 0xff, 0x19, 0x19, 0x1d, 0xff, 0x19, 0x19, 0x1c, 0xff, 0x19, 0x1c, 0x1c, 0xff, 0x1b, 0x1b, 0x1e, 0xff, 0x1b, 0x1b, 0x1e, 0xff, 0x1b, 0x1d, 0x1f, 0xff, 0x1d, 0x1d, 0x21, 0xff, 0x1d, 0x1e, 0x20, 0xff, 0x1e, 0x20, 0x21, 0xff, 0x1e, 0x21, 0x23, 0xff, 0x1f, 0x20, 0x23, 0xff, 0x1e, 0x21, 0x24, 0xff, 0x20, 0x22, 0x25, 0xff, 0x20, 0x23, 0x26, 0xff, 0x20, 0x24, 0x26, 0xff, 0x21, 0x24, 0x27, 0xff, 0x22, 0x25, 0x28, 0xff, 0x22, 0x26, 0x29, 0xff, 0x23, 0x26, 0x29, 0xff, 0x22, 0x22, 0x22, 0xff, 0x88, 0xbb, 0xdd, 0xff, 0x81, 0xa3, 0xb6, 0xff, 0x80, 0x9f, 0xb5, 0xff, 0x00, 0x00, 0x00, 0xff, 
  0x00, 0x00, 0x00, 0xff, 0x00, 0x00, 0x00, 0xff, 0x00, 0x00, 0x00, 0xff, 0x00, 0x00, 0x00, 0xff, 0x00, 0x00, 0x00, 0xff, 0x00, 0x00, 0x00, 0xff, 0x00, 0x00, 0x00, 0xff, 0x00, 0x00, 0x00, 0xff, 0x00, 0x00, 0x00, 0xff, 0x00, 0x00, 0x00, 0xff, 0x00, 0x00, 0x00, 0xff, 0x00, 0x00, 0x00, 0xff, 0x00, 0x00, 0x00, 0xff, 0x00, 0x00, 0x00, 0xff, 0x00, 0x00, 0x00, 0xff, 0x00, 0x00, 0x00, 0xff, 0x00, 0x00, 0x00, 0xff, 0x00, 0x00, 0x00, 0xff, 0x00, 0x00, 0x00, 0xff, 0x00, 0x00, 0x00, 0xff, 0x00, 0x00, 0x00, 0xff, 0x00, 0x00, 0x00, 0xff, 0x00, 0x00, 0x00, 0xff, 0x00, 0x00, 0x00, 0xff, 0x00, 0x00, 0x00, 0xff, 0x00, 0x00, 0x1a, 0xff, 0x0d, 0x0d, 0x0d, 0xff, 0x19, 0x19, 0x19, 0xff, 0x19, 0x19, 0x19, 0xff, 0x14, 0x14, 0x19, 0xff, 0x19, 0x19, 0x1d, 0xff, 0x19, 0x19, 0x1c, 0xff, 0x19, 0x1c, 0x1c, 0xff, 0x1b, 0x1b, 0x1e, 0xff, 0x1b, 0x1b, 0x1e, 0xff, 0x1d, 0x1d, 0x1f, 0xff, 0x1d, 0x1d, 0x21, 0xff, 0x1d, 0x1e, 0x20, 0xff, 0x1e, 0x20, 0x21, 0xff, 0x1e, 0x1f, 0x23, 0xff, 0x1f, 0x20, 0x24, 0xff, 0x1e, 0x21, 0x24, 0xff, 0x20, 0x22, 0x25, 0xff, 0x20, 0x23, 0x26, 0xff, 0x20, 0x24, 0x26, 0xff, 0x21, 0x24, 0x27, 0xff, 0x22, 0x25, 0x28, 0xff, 0x22, 0x25, 0x29, 0xff, 0x22, 0x26, 0x29, 0xff, 0x22, 0x22, 0x22, 0xff, 0x88, 0xbb, 0xdd, 0xff, 0x82, 0xa1, 0xb4, 0xff, 0x81, 0x9e, 0xb0, 0xff, 0x00, 0x00, 0x00, 0xff, 
  0x00, 0x00, 0x00, 0xff, 0x00, 0x00, 0x00, 0xff, 0x00, 0x00, 0x00, 0xff, 0x00, 0x00, 0x00, 0xff, 0x00, 0x00, 0x00, 0xff, 0x00, 0x00, 0x00, 0xff, 0x00, 0x00, 0x00, 0xff, 0x00, 0x00, 0x00, 0xff, 0x00, 0x00, 0x00, 0xff, 0x00, 0x00, 0x00, 0xff, 0x00, 0x00, 0x00, 0xff, 0x00, 0x00, 0x00, 0xff, 0x00, 0x00, 0x00, 0xff, 0x00, 0x00, 0x00, 0xff, 0x00, 0x00, 0x00, 0xff, 0x00, 0x00, 0x00, 0xff, 0x00, 0x00, 0x00, 0xff, 0x00, 0x00, 0x00, 0xff, 0x00, 0x00, 0x00, 0xff, 0x00, 0x00, 0x00, 0xff, 0x00, 0x00, 0x00, 0xff, 0x00, 0x00, 0x00, 0xff, 0x00, 0x00, 0x00, 0xff, 0x00, 0x00, 0x00, 0xff, 0x00, 0x00, 0x00, 0xff, 0x1c, 0x1c, 0x1c, 0xff, 0x1a, 0x1a, 0x1a, 0xff, 0x11, 0x11, 0x1a, 0xff, 0x19, 0x19, 0x19, 0xff, 0x19, 0x19, 0x19, 0xff, 0x19, 0x19, 0x19, 0xff, 0x19, 0x19, 0x1c, 0xff, 0x19, 0x19, 0x1c, 0xff, 0x1b, 0x1b, 0x1e, 0xff, 0x1b, 0x1b, 0x1e, 0xff, 0x1b, 0x1d, 0x1f, 0xff, 0x1d, 0x1d, 0x21, 0xff, 0x1c, 0x1e, 0x20, 0xff, 0x1c, 0x1e, 0x21, 0xff, 0x1e, 0x1f, 0x23, 0xff, 0x1f, 0x20, 0x23, 0xff, 0x1e, 0x21, 0x24, 0xff, 0x1f, 0x22, 0x25, 0xff, 0x1f, 0x23, 0x26, 0xff, 0x20, 0x24, 0x26, 0xff, 0x21, 0x24, 0x27, 0xff, 0x22, 0x25, 0x27, 0xff, 0x22, 0x26, 0x29, 0xff, 0x23, 0x26, 0x29, 0xff, 0x22, 0x22, 0x22, 0xff, 0x88, 0xbb, 0xcc, 0xff, 0x80, 0xa0, 0xb3, 0xff, 0x7e, 0x9a, 0xb0, 0xff, 0x00, 0x00, 0x00, 0xff, 
  0x00, 0x00, 0x00, 0xff, 0x00, 0x00, 0x00, 0xff, 0x00, 0x00, 0x00, 0xff, 0x00, 0x00, 0x00, 0xff, 0x00, 0x00, 0x00, 0xff, 0x00, 0x00, 0x00, 0xff, 0x00, 0x00, 0x00, 0xff, 0x00, 0x00, 0x00, 0xff, 0x00, 0x00, 0x00, 0xff, 0x00, 0x00, 0x00, 0xff, 0x00, 0x00, 0x00, 0xff, 0x00, 0x00, 0x00, 0xff, 0x00, 0x00, 0x00, 0xff, 0x00, 0x00, 0x00, 0xff, 0x00, 0x00, 0x00, 0xff, 0x00, 0x00, 0x00, 0xff, 0x00, 0x00, 0x00, 0xff, 0x00, 0x00, 0x00, 0xff, 0x00, 0x00, 0x00, 0xff, 0x00, 0x00, 0x00, 0xff, 0x00, 0x00, 0x00, 0xff, 0x00, 0x00, 0x00, 0xff, 0x00, 0x00, 0x00, 0xff, 0x00, 0x00, 0x00, 0xff, 0x00, 0x00, 0x00, 0xff, 0x00, 0x00, 0x00, 0xff, 0x1a, 0x1a, 0x1a, 0xff, 0x19, 0x19, 0x19, 0xff, 0x13, 0x13, 0x19, 0xff, 0x19, 0x19, 0x19, 0xff, 0x19, 0x19, 0x1d, 0xff, 0x19, 0x19, 0x1c, 0xff, 0x19, 0x19, 0x1c, 0xff, 0x1b, 0x1b, 0x1e, 0xff, 0x1b, 0x1e, 0x20, 0xff, 0x1b, 0x1d, 0x1f, 0xff, 0x1b, 0x1d, 0x1f, 0xff, 0x1d, 0x1e, 0x20, 0xff, 0x1e, 0x20, 0x21, 0xff, 0x1e, 0x1f, 0x23, 0xff, 0x1f, 0x20, 0x23, 0xff, 0x1e, 0x21, 0x24, 0xff, 0x20, 0x22, 0x25, 0xff, 0x20, 0x23, 0x26, 0xff, 0x20, 0x24, 0x26, 0xff, 0x21, 0x24, 0x27, 0xff, 0x22, 0x25, 0x28, 0xff, 0x22, 0x25, 0x29, 0xff, 0x22, 0x26, 0x29, 0xff, 0x22, 0x22, 0x22, 0xff, 0x80, 0xb6, 0xc8, 0xff, 0x7f, 0x9e, 0xb0, 0xff, 0x80, 0x9d, 0xaf, 0xff, 0x00, 0x00, 0x00, 0xff, 
  0x00, 0x00, 0x00, 0xff, 0x00, 0x00, 0x00, 0xff, 0x00, 0x00, 0x00, 0xff, 0x00, 0x00, 0x00, 0xff, 0x00, 0x00, 0x00, 0xff, 0x00, 0x00, 0x00, 0xff, 0x00, 0x00, 0x00, 0xff, 0x00, 0x00, 0x00, 0xff, 0x00, 0x00, 0x00, 0xff, 0x00, 0x00, 0x00, 0xff, 0x00, 0x00, 0x00, 0xff, 0x00, 0x00, 0x00, 0xff, 0x00, 0x00, 0x00, 0xff, 0x00, 0x00, 0x00, 0xff, 0x00, 0x00, 0x00, 0xff, 0x00, 0x00, 0x00, 0xff, 0x00, 0x00, 0x00, 0xff, 0x00, 0x00, 0x00, 0xff, 0x00, 0x00, 0x00, 0xff, 0x00, 0x00, 0x00, 0xff, 0x00, 0x00, 0x00, 0xff, 0x00, 0x00, 0x00, 0xff, 0x00, 0x00, 0x00, 0xff, 0x00, 0x00, 0x00, 0xff, 0x00, 0x00, 0x00, 0xff, 0x1a, 0x1a, 0x1a, 0xff, 0x0d, 0x0d, 0x1a, 0xff, 0x11, 0x11, 0x1a, 0xff, 0x19, 0x19, 0x19, 0xff, 0x19, 0x19, 0x19, 0xff, 0x19, 0x19, 0x19, 0xff, 0x19, 0x19, 0x1c, 0xff, 0x19, 0x1c, 0x1c, 0xff, 0x1b, 0x1b, 0x1e, 0xff, 0x1b, 0x1b, 0x1e, 0xff, 0x1b, 0x1d, 0x1f, 0xff, 0x1d, 0x1f, 0x21, 0xff, 0x1d, 0x1e, 0x20, 0xff, 0x1c, 0x20, 0x21, 0xff, 0x1e, 0x1f, 0x23, 0xff, 0x1f, 0x20, 0x23, 0xff, 0x1e, 0x21, 0x24, 0xff, 0x20, 0x22, 0x25, 0xff, 0x1f, 0x23, 0x26, 0xff, 0x21, 0x24, 0x26, 0xff, 0x21, 0x24, 0x27, 0xff, 0x22, 0x25, 0x28, 0xff, 0x22, 0x26, 0x29, 0xff, 0x23, 0x26, 0x29, 0xff, 0x22, 0x22, 0x22, 0xff, 0x95, 0xbf, 0xd4, 0xff, 0x7f, 0x9c, 0xaf, 0xff, 0x80, 0x9a, 0xac, 0xff, 0x00, 0x00, 0x00, 0xff, 
  0x00, 0x00, 0x00, 0xff, 0x00, 0x00, 0x00, 0xff, 0x00, 0x00, 0x00, 0xff, 0x00, 0x00, 0x00, 0xff, 0x00, 0x00, 0x00, 0xff, 0x00, 0x00, 0x00, 0xff, 0x00, 0x00, 0x00, 0xff, 0x00, 0x00, 0x00, 0xff, 0x00, 0x00, 0x00, 0xff, 0x00, 0x00, 0x00, 0xff, 0x00, 0x00, 0x00, 0xff, 0x00, 0x00, 0x00, 0xff, 0x00, 0x00, 0x00, 0xff, 0x00, 0x00, 0x00, 0xff, 0x00, 0x00, 0x00, 0xff, 0x00, 0x00, 0x00, 0xff, 0x00, 0x00, 0x00, 0xff, 0x00, 0x00, 0x00, 0xff, 0x00, 0x00, 0x00, 0xff, 0x00, 0x00, 0x00, 0xff, 0x00, 0x00, 0x00, 0xff, 0x00, 0x00, 0x00, 0xff, 0x00, 0x00, 0x00, 0xff, 0x00, 0x00, 0x00, 0xff, 0x00, 0x00, 0x00, 0xff, 0x00, 0x00, 0x1a, 0xff, 0x0d, 0x0d, 0x0d, 0xff, 0x19, 0x19, 0x19, 0xff, 0x19, 0x19, 0x19, 0xff, 0x19, 0x19, 0x19, 0xff, 0x19, 0x19, 0x19, 0xff, 0x19, 0x19, 0x1c, 0xff, 0x19, 0x1c, 0x1c, 0xff, 0x1b, 0x1b, 0x1e, 0xff, 0x1b, 0x1b, 0x1e, 0xff, 0x1b, 0x1d, 0x1f, 0xff, 0x1d, 0x1d, 0x21, 0xff, 0x1c, 0x1e, 0x22, 0xff, 0x1e, 0x20, 0x21, 0xff, 0x1e, 0x21, 0x23, 0xff, 0x1f, 0x20, 0x23, 0xff, 0x1e, 0x21, 0x24, 0xff, 0x20, 0x22, 0x25, 0xff, 0x20, 0x23, 0x26, 0xff, 0x20, 0x24, 0x26, 0xff, 0x21, 0x24, 0x27, 0xff, 0x22, 0x25, 0x27, 0xff, 0x22, 0x26, 0x29, 0xff, 0x23, 0x26, 0x29, 0xff, 0x22, 0x22, 0x22, 0xff, 0x95, 0xbf, 0xd4, 0xff, 0x7f, 0x9a, 0xad, 0xff, 0x7e, 0x99, 0xad, 0xff, 0x00, 0x00, 0x00, 0xff, 
  0x00, 0x00, 0x00, 0xff, 0x00, 0x00, 0x00, 0xff, 0x00, 0x00, 0x00, 0xff, 0x00, 0x00, 0x00, 0xff, 0x00, 0x00, 0x00, 0xff, 0x00, 0x00, 0x00, 0xff, 0x00, 0x00, 0x00, 0xff, 0x00, 0x00, 0x00, 0xff, 0x00, 0x00, 0x00, 0xff, 0x00, 0x00, 0x00, 0xff, 0x00, 0x00, 0x00, 0xff, 0x00, 0x00, 0x00, 0xff, 0x00, 0x00, 0x00, 0xff, 0x00, 0x00, 0x00, 0xff, 0x00, 0x00, 0x00, 0xff, 0x00, 0x00, 0x00, 0xff, 0x00, 0x00, 0x00, 0xff, 0x00, 0x00, 0x00, 0xff, 0x00, 0x00, 0x00, 0xff, 0x00, 0x00, 0x00, 0xff, 0x00, 0x00, 0x00, 0xff, 0x00, 0x00, 0x00, 0xff, 0x00, 0x00, 0x00, 0xff, 0x00, 0x00, 0x00, 0xff, 0x00, 0x00, 0x00, 0xff, 0x00, 0x00, 0x00, 0xff, 0x1a, 0x1a, 0x1a, 0xff, 0x19, 0x19, 0x19, 0xff, 0x19, 0x19, 0x19, 0xff, 0x14, 0x14, 0x19, 0xff, 0x19, 0x19, 0x1d, 0xff, 0x19, 0x19, 0x1c, 0xff, 0x19, 0x1c, 0x1c, 0xff, 0x19, 0x1b, 0x1b, 0xff, 0x1b, 0x1e, 0x20, 0xff, 0x1b, 0x1d, 0x1f, 0xff, 0x1d, 0x1f, 0x21, 0xff, 0x1d, 0x1e, 0x20, 0xff, 0x1e, 0x20, 0x21, 0xff, 0x1e, 0x1f, 0x23, 0xff, 0x1f, 0x20, 0x24, 0xff, 0x1e, 0x21, 0x24, 0xff, 0x20, 0x22, 0x25, 0xff, 0x20, 0x23, 0x26, 0xff, 0x20, 0x24, 0x26, 0xff, 0x21, 0x24, 0x27, 0xff, 0x22, 0x25, 0x28, 0xff, 0x22, 0x26, 0x29, 0xff, 0x22, 0x26, 0x29, 0xff, 0x22, 0x22, 0x22, 0xff, 0x8b, 0xb9, 0xd1, 0xff, 0x7e, 0x99, 0xab, 0xff, 0x7c, 0x97, 0xa7, 0xff, 0x00, 0x00, 0x00, 0xff, 
  0x00, 0x00, 0x00, 0xff, 0x00, 0x00, 0x00, 0xff, 0x00, 0x00, 0x00, 0xff, 0x00, 0x00, 0x00, 0xff, 0x00, 0x00, 0x00, 0xff, 0x00, 0x00, 0x00, 0xff, 0x00, 0x00, 0x00, 0xff, 0x00, 0x00, 0x00, 0xff, 0x00, 0x00, 0x00, 0xff, 0x00, 0x00, 0x00, 0xff, 0x00, 0x00, 0x00, 0xff, 0x00, 0x00, 0x00, 0xff, 0x00, 0x00, 0x00, 0xff, 0x00, 0x00, 0x00, 0xff, 0x00, 0x00, 0x00, 0xff, 0x00, 0x00, 0x00, 0xff, 0x00, 0x00, 0x00, 0xff, 0x00, 0x00, 0x00, 0xff, 0x00, 0x00, 0x00, 0xff, 0x00, 0x00, 0x00, 0xff, 0x00, 0x00, 0x00, 0xff, 0x00, 0x00, 0x00, 0xff, 0x00, 0x00, 0x00, 0xff, 0x00, 0x00, 0x00, 0xff, 0x00, 0x00, 0x00, 0xff, 0x1a, 0x1a, 0x1a, 0xff, 0x1a, 0x1a, 0x1a, 0xff, 0x1a, 0x1a, 0x1a, 0xff, 0x13, 0x13, 0x19, 0xff, 0x19, 0x19, 0x19, 0xff, 0x19, 0x19, 0x19, 0xff, 0x19, 0x19, 0x1c, 0xff, 0x1c, 0x1c, 0x1c, 0xff, 0x1b, 0x1b, 0x1e, 0xff, 0x1b, 0x1b, 0x1e, 0xff, 0x1b, 0x1d, 0x1f, 0xff, 0x1d, 0x1d, 0x21, 0xff, 0x1c, 0x1e, 0x20, 0xff, 0x1e, 0x20, 0x21, 0xff, 0x1e, 0x1f, 0x23, 0xff, 0x1f, 0x20, 0x23, 0xff, 0x1e, 0x21, 0x24, 0xff, 0x1f, 0x22, 0x25, 0xff, 0x20, 0x23, 0x26, 0xff, 0x20, 0x24, 0x26, 0xff, 0x21, 0x24, 0x27, 0xff, 0x22, 0x25, 0x28, 0xff, 0x22, 0x26, 0x29, 0xff, 0x23, 0x27, 0x29, 0xff, 0x22, 0x22, 0x22, 0xff, 0x8b, 0xb9, 0xd1, 0xff, 0x7d, 0x97, 0xa9, 0xff, 0x7b, 0x94, 0xa5, 0xff, 0x00, 0x00, 0x00, 0xff, 
  0x00, 0x00, 0x00, 0xff, 0x00, 0x00, 0x00, 0xff, 0x00, 0x00, 0x00, 0xff, 0x00, 0x00, 0x00, 0xff, 0x00, 0x00, 0x00, 0xff, 0x00, 0x00, 0x00, 0xff, 0x00, 0x00, 0x00, 0xff, 0x00, 0x00, 0x00, 0xff, 0x00, 0x00, 0x00, 0xff, 0x00, 0x00, 0x00, 0xff, 0x00, 0x00, 0x00, 0xff, 0x00, 0x00, 0x00, 0xff, 0x00, 0x00, 0x00, 0xff, 0x00, 0x00, 0x00, 0xff, 0x00, 0x00, 0x00, 0xff, 0x00, 0x00, 0x00, 0xff, 0x00, 0x00, 0x00, 0xff, 0x00, 0x00, 0x00, 0xff, 0x00, 0x00, 0x00, 0xff, 0x00, 0x00, 0x00, 0xff, 0x00, 0x00, 0x00, 0xff, 0x00, 0x00, 0x00, 0xff, 0x00, 0x00, 0x00, 0xff, 0x00, 0x00, 0x00, 0xff, 0x00, 0x00, 0x00, 0xff, 0x1a, 0x1a, 0x1a, 0xff, 0x0d, 0x0d, 0x1a, 0xff, 0x19, 0x19, 0x19, 0xff, 0x19, 0x19, 0x19, 0xff, 0x19, 0x19, 0x19, 0xff, 0x19, 0x19, 0x1d, 0xff, 0x19, 0x19, 0x1c, 0xff, 0x19, 0x1c, 0x1c, 0xff, 0x1b, 0x1b, 0x1e, 0xff, 0x1b, 0x1b, 0x1e, 0xff, 0x1b, 0x1d, 0x1f, 0xff, 0x1d, 0x1d, 0x21, 0xff, 0x1d, 0x1e, 0x20, 0xff, 0x1e, 0x20, 0x21, 0xff, 0x1e, 0x21, 0x23, 0xff, 0x1f, 0x20, 0x23, 0xff, 0x1e, 0x21, 0x24, 0xff, 0x20, 0x22, 0x25, 0xff, 0x20, 0x23, 0x26, 0xff, 0x20, 0x24, 0x26, 0xff, 0x21, 0x24, 0x27, 0xff, 0x22, 0x25, 0x28, 0xff, 0x22, 0x26, 0x29, 0xff, 0x23, 0x26, 0x29, 0xff, 0x22, 0x22, 0x22, 0xff, 0x99, 0xb3, 0xcc, 0xff, 0x7c, 0x96, 0xa7, 0xff, 0x77, 0x95, 0xa6, 0xff, 0x00, 0x00, 0x00, 0xff, 
  0x00, 0x00, 0x00, 0xff, 0x00, 0x00, 0x00, 0xff, 0x00, 0x00, 0x00, 0xff, 0x00, 0x00, 0x00, 0xff, 0x00, 0x00, 0x00, 0xff, 0x00, 0x00, 0x00, 0xff, 0x00, 0x00, 0x00, 0xff, 0x00, 0x00, 0x00, 0xff, 0x00, 0x00, 0x00, 0xff, 0x00, 0x00, 0x00, 0xff, 0x00, 0x00, 0x00, 0xff, 0x00, 0x00, 0x00, 0xff, 0x00, 0x00, 0x00, 0xff, 0x00, 0x00, 0x00, 0xff, 0x00, 0x00, 0x00, 0xff, 0x00, 0x00, 0x00, 0xff, 0x00, 0x00, 0x00, 0xff, 0x00, 0x00, 0x00, 0xff, 0x00, 0x00, 0x00, 0xff, 0x00, 0x00, 0x00, 0xff, 0x00, 0x00, 0x00, 0xff, 0x00, 0x00, 0x00, 0xff, 0x00, 0x00, 0x00, 0xff, 0x00, 0x00, 0x00, 0xff, 0x00, 0x00, 0x00, 0xff, 0x00, 0x00, 0x1a, 0xff, 0x0d, 0x0d, 0x0d, 0xff, 0x19, 0x19, 0x19, 0xff, 0x19, 0x19, 0x19, 0xff, 0x14, 0x14, 0x19, 0xff, 0x19, 0x19, 0x1d, 0xff, 0x19, 0x19, 0x1c, 0xff, 0x19, 0x1c, 0x1c, 0xff, 0x1b, 0x1b, 0x1e, 0xff, 0x1b, 0x1b, 0x1e, 0xff, 0x1d, 0x1d, 0x1f, 0xff, 0x1d, 0x1d, 0x21, 0xff, 0x1d, 0x1e, 0x20, 0xff, 0x1e, 0x20, 0x21, 0xff, 0x1e, 0x1f, 0x23, 0xff, 0x1f, 0x20, 0x24, 0xff, 0x1e, 0x21, 0x24, 0xff, 0x20, 0x22, 0x25, 0xff, 0x20, 0x23, 0x26, 0xff, 0x20, 0x24, 0x26, 0xff, 0x21, 0x24, 0x27, 0xff, 0x22, 0x25, 0x28, 0xff, 0x22, 0x25, 0x29, 0xff, 0x22, 0x26, 0x29, 0xff, 0x22, 0x22, 0x22, 0xff, 0x8e, 0xaa, 0xc6, 0xff, 0x7a, 0x94, 0xa3, 0xff, 0x77, 0x91, 0xa3, 0xff, 0x00, 0x00, 0x00, 0xff, 
  0x00, 0x00, 0x00, 0xff, 0x00, 0x00, 0x00, 0xff, 0x00, 0x00, 0x00, 0xff, 0x00, 0x00, 0x00, 0xff, 0x00, 0x00, 0x00, 0xff, 0x00, 0x00, 0x00, 0xff, 0x00, 0x00, 0x00, 0xff, 0x00, 0x00, 0x00, 0xff, 0x00, 0x00, 0x00, 0xff, 0x00, 0x00, 0x00, 0xff, 0x00, 0x00, 0x00, 0xff, 0x00, 0x00, 0x00, 0xff, 0x00, 0x00, 0x00, 0xff, 0x00, 0x00, 0x00, 0xff, 0x00, 0x00, 0x00, 0xff, 0x00, 0x00, 0x00, 0xff, 0x00, 0x00, 0x00, 0xff, 0x00, 0x00, 0x00, 0xff, 0x00, 0x00, 0x00, 0xff, 0x00, 0x00, 0x00, 0xff, 0x00, 0x00, 0x00, 0xff, 0x00, 0x00, 0x00, 0xff, 0x00, 0x00, 0x00, 0xff, 0x00, 0x00, 0x00, 0xff, 0x00, 0x00, 0x00, 0xff, 0x1c, 0x1c, 0x1c, 0xff, 0x1a, 0x1a, 0x1a, 0xff, 0x11, 0x11, 0x1a, 0xff, 0x19, 0x19, 0x19, 0xff, 0x19, 0x19, 0x19, 0xff, 0x19, 0x19, 0x19, 0xff, 0x19, 0x19, 0x1c, 0xff, 0x19, 0x19, 0x1c, 0xff, 0x1b, 0x1b, 0x1e, 0xff, 0x1b, 0x1b, 0x1e, 0xff, 0x1b, 0x1d, 0x1f, 0xff, 0x1d, 0x1d, 0x21, 0xff, 0x1c, 0x1e, 0x20, 0xff, 0x1c, 0x1e, 0x21, 0xff, 0x1e, 0x1f, 0x23, 0xff, 0x1f, 0x20, 0x23, 0xff, 0x1e, 0x21, 0x24, 0xff, 0x1f, 0x22, 0x25, 0xff, 0x1f, 0x23, 0x26, 0xff, 0x20, 0x24, 0x26, 0xff, 0x21, 0x24, 0x27, 0xff, 0x22, 0x25, 0x27, 0xff, 0x22, 0x26, 0x29, 0xff, 0x23, 0x26, 0x29, 0xff, 0x22, 0x22, 0x22, 0xff, 0x8e, 0xaa, 0xc6, 0xff, 0x78, 0x91, 0xa2, 0xff, 0x79, 0x90, 0xa2, 0xff, 0x00, 0x00, 0x00, 0xff, 
  0x00, 0x00, 0x00, 0xff, 0x00, 0x00, 0x00, 0xff, 0x00, 0x00, 0x00, 0xff, 0x00, 0x00, 0x00, 0xff, 0x00, 0x00, 0x00, 0xff, 0x00, 0x00, 0x00, 0xff, 0x00, 0x00, 0x00, 0xff, 0x00, 0x00, 0x00, 0xff, 0x00, 0x00, 0x00, 0xff, 0x00, 0x00, 0x00, 0xff, 0x00, 0x00, 0x00, 0xff, 0x00, 0x00, 0x00, 0xff, 0x00, 0x00, 0x00, 0xff, 0x00, 0x00, 0x00, 0xff, 0x00, 0x00, 0x00, 0xff, 0x00, 0x00, 0x00, 0xff, 0x00, 0x00, 0x00, 0xff, 0x00, 0x00, 0x00, 0xff, 0x00, 0x00, 0x00, 0xff, 0x00, 0x00, 0x00, 0xff, 0x00, 0x00, 0x00, 0xff, 0x00, 0x00, 0x00, 0xff, 0x00, 0x00, 0x00, 0xff, 0x00, 0x00, 0x00, 0xff, 0x00, 0x00, 0x00, 0xff, 0x00, 0x00, 0x00, 0xff, 0x1a, 0x1a, 0x1a, 0xff, 0x19, 0x19, 0x19, 0xff, 0x13, 0x13, 0x19, 0xff, 0x19, 0x19, 0x19, 0xff, 0x19, 0x19, 0x1d, 0xff, 0x19, 0x19, 0x1c, 0xff, 0x19, 0x19, 0x1c, 0xff, 0x1b, 0x1b, 0x1e, 0xff, 0x1b, 0x1e, 0x20, 0xff, 0x1b, 0x1d, 0x1f, 0xff, 0x1b, 0x1d, 0x1f, 0xff, 0x1d, 0x1e, 0x20, 0xff, 0x1e, 0x20, 0x21, 0xff, 0x1e, 0x1f, 0x23, 0xff, 0x1f, 0x20, 0x23, 0xff, 0x1e, 0x21, 0x24, 0xff, 0x20, 0x22, 0x25, 0xff, 0x20, 0x23, 0x26, 0xff, 0x20, 0x24, 0x26, 0xff, 0x21, 0x24, 0x27, 0xff, 0x22, 0x25, 0x28, 0xff, 0x22, 0x25, 0x29, 0xff, 0x22, 0x26, 0x29, 0xff, 0x22, 0x22, 0x22, 0xff, 0x9f, 0xbf, 0xdf, 0xff, 0x77, 0x8f, 0x9f, 0xff, 0x76, 0x8e, 0xa1, 0xff, 0x00, 0x00, 0x00, 0xff, 
  0x00, 0x00, 0x00, 0xff, 0x00, 0x00, 0x00, 0xff, 0x00, 0x00, 0x00, 0xff, 0x00, 0x00, 0x00, 0xff, 0x00, 0x00, 0x00, 0xff, 0x00, 0x00, 0x00, 0xff, 0x00, 0x00, 0x00, 0xff, 0x00, 0x00, 0x00, 0xff, 0x00, 0x00, 0x00, 0xff, 0x00, 0x00, 0x00, 0xff, 0x00, 0x00, 0x00, 0xff, 0x00, 0x00, 0x00, 0xff, 0x00, 0x00, 0x00, 0xff, 0x00, 0x00, 0x00, 0xff, 0x00, 0x00, 0x00, 0xff, 0x00, 0x00, 0x00, 0xff, 0x00, 0x00, 0x00, 0xff, 0x00, 0x00, 0x00, 0xff, 0x00, 0x00, 0x00, 0xff, 0x00, 0x00, 0x00, 0xff, 0x00, 0x00, 0x00, 0xff, 0x00, 0x00, 0x00, 0xff, 0x00, 0x00, 0x00, 0xff, 0x00, 0x00, 0x00, 0xff, 0x00, 0x00, 0x00, 0xff, 0x1a, 0x1a, 0x1a, 0xff, 0x0d, 0x0d, 0x1a, 0xff, 0x11, 0x11, 0x1a, 0xff, 0x19, 0x19, 0x19, 0xff, 0x19, 0x19, 0x19, 0xff, 0x19, 0x19, 0x19, 0xff, 0x19, 0x19, 0x1c, 0xff, 0x19, 0x1c, 0x1c, 0xff, 0x1b, 0x1b, 0x1e, 0xff, 0x1b, 0x1b, 0x1e, 0xff, 0x1b, 0x1d, 0x1f, 0xff, 0x1d, 0x1f, 0x21, 0xff, 0x1d, 0x1e, 0x20, 0xff, 0x1c, 0x20, 0x21, 0xff, 0x1e, 0x1f, 0x23, 0xff, 0x1f, 0x20, 0x23, 0xff, 0x1e, 0x21, 0x24, 0xff, 0x20, 0x22, 0x25, 0xff, 0x1f, 0x23, 0x26, 0xff, 0x21, 0x24, 0x26, 0xff, 0x21, 0x24, 0x27, 0xff, 0x22, 0x25, 0x28, 0xff, 0x22, 0x26, 0x29, 0xff, 0x23, 0x26, 0x29, 0xff, 0x22, 0x22, 0x22, 0xff, 0x92, 0xb6, 0xdb, 0xff, 0x76, 0x8c, 0x9c, 0xff, 0x71, 0x8e, 0x9d, 0xff, 0x00, 0x00, 0x00, 0xff, 
  0x00, 0x00, 0x00, 0xff, 0x00, 0x00, 0x00, 0xff, 0x00, 0x00, 0x00, 0xff, 0x00, 0x00, 0x00, 0xff, 0x00, 0x00, 0x00, 0xff, 0x00, 0x00, 0x00, 0xff, 0x00, 0x00, 0x00, 0xff, 0x00, 0x00, 0x00, 0xff, 0x00, 0x00, 0x00, 0xff, 0x00, 0x00, 0x00, 0xff, 0x00, 0x00, 0x00, 0xff, 0x00, 0x00, 0x00, 0xff, 0x00, 0x00, 0x00, 0xff, 0x00, 0x00, 0x00, 0xff, 0x00, 0x00, 0x00, 0xff, 0x00, 0x00, 0x00, 0xff, 0x00, 0x00, 0x00, 0xff, 0x00, 0x00, 0x00, 0xff, 0x00, 0x00, 0x00, 0xff, 0x00, 0x00, 0x00, 0xff, 0x00, 0x00, 0x00, 0xff, 0x00, 0x00, 0x00, 0xff, 0x00, 0x00, 0x00, 0xff, 0x00, 0x00, 0x00, 0xff, 0x00, 0x00, 0x00, 0xff, 0x00, 0x00, 0x1a, 0xff, 0x0d, 0x0d, 0x0d, 0xff, 0x19, 0x19, 0x19, 0xff, 0x19, 0x19, 0x19, 0xff, 0x19, 0x19, 0x19, 0xff, 0x19, 0x19, 0x19, 0xff, 0x19, 0x19, 0x1c, 0xff, 0x19, 0x1c, 0x1c, 0xff, 0x1b, 0x1b, 0x1e, 0xff, 0x1b, 0x1b, 0x1e, 0xff, 0x1b, 0x1d, 0x1f, 0xff, 0x1d, 0x1d, 0x21, 0xff, 0x1c, 0x1e, 0x22, 0xff, 0x1e, 0x20, 0x21, 0xff, 0x1e, 0x21, 0x23, 0xff, 0x1f, 0x20, 0x23, 0xff, 0x1e, 0x21, 0x24, 0xff, 0x20, 0x22, 0x25, 0xff, 0x20, 0x23, 0x26, 0xff, 0x20, 0x24, 0x26, 0xff, 0x21, 0x24, 0x27, 0xff, 0x22, 0x25, 0x27, 0xff, 0x22, 0x26, 0x29, 0xff, 0x23, 0x26, 0x29, 0xff, 0x22, 0x22, 0x22, 0xff, 0x92, 0xb6, 0xdb, 0xff, 0x75, 0x8a, 0x99, 0xff, 0x70, 0x8a, 0x99, 0xff, 0x00, 0x00, 0x00, 0xff, 
  0x00, 0x00, 0x00, 0xff, 0x00, 0x00, 0x00, 0xff, 0x00, 0x00, 0x00, 0xff, 0x00, 0x00, 0x00, 0xff, 0x00, 0x00, 0x00, 0xff, 0x00, 0x00, 0x00, 0xff, 0x00, 0x00, 0x00, 0xff, 0x00, 0x00, 0x00, 0xff, 0x00, 0x00, 0x00, 0xff, 0x00, 0x00, 0x00, 0xff, 0x00, 0x00, 0x00, 0xff, 0x00, 0x00, 0x00, 0xff, 0x00, 0x00, 0x00, 0xff, 0x00, 0x00, 0x00, 0xff, 0x00, 0x00, 0x00, 0xff, 0x00, 0x00, 0x00, 0xff, 0x00, 0x00, 0x00, 0xff, 0x00, 0x00, 0x00, 0xff, 0x00, 0x00, 0x00, 0xff, 0x00, 0x00, 0x00, 0xff, 0x00, 0x00, 0x00, 0xff, 0x00, 0x00, 0x00, 0xff, 0x00, 0x00, 0x00, 0xff, 0x00, 0x00, 0x00, 0xff, 0x00, 0x00, 0x00, 0xff, 0x00, 0x00, 0x00, 0xff, 0x1a, 0x1a, 0x1a, 0xff, 0x19, 0x19, 0x19, 0xff, 0x19, 0x19, 0x19, 0xff, 0x14, 0x14, 0x19, 0xff, 0x19, 0x19, 0x1d, 0xff, 0x19, 0x19, 0x1c, 0xff, 0x19, 0x1c, 0x1c, 0xff, 0x19, 0x1b, 0x1b, 0xff, 0x1b, 0x1e, 0x20, 0xff, 0x1b, 0x1d, 0x1f, 0xff, 0x1d, 0x1f, 0x21, 0xff, 0x1d, 0x1e, 0x20, 0xff, 0x1e, 0x20, 0x21, 0xff, 0x1e, 0x1f, 0x23, 0xff, 0x1f, 0x20, 0x24, 0xff, 0x1e, 0x21, 0x24, 0xff, 0x20, 0x22, 0x25, 0xff, 0x20, 0x23, 0x26, 0xff, 0x20, 0x24, 0x26, 0xff, 0x21, 0x24, 0x27, 0xff, 0x22, 0x25, 0x28, 0xff, 0x22, 0x26, 0x29, 0xff, 0x22, 0x26, 0x29, 0xff, 0x22, 0x22, 0x22, 0xff, 0x80, 0xaa, 0xd4, 0xff, 0x73, 0x87, 0x96, 0xff, 0x72, 0x88, 0x98, 0xff, 0x00, 0x00, 0x00, 0xff, 
  0x00, 0x00, 0x00, 0xff, 0x00, 0x00, 0x00, 0xff, 0x00, 0x00, 0x00, 0xff, 0x00, 0x00, 0x00, 0xff, 0x00, 0x00, 0x00, 0xff, 0x00, 0x00, 0x00, 0xff, 0x00, 0x00, 0x00, 0xff, 0x00, 0x00, 0x00, 0xff, 0x00, 0x00, 0x00, 0xff, 0x00, 0x00, 0x00, 0xff, 0x00, 0x00, 0x00, 0xff, 0x00, 0x00, 0x00, 0xff, 0x00, 0x00, 0x00, 0xff, 0x00, 0x00, 0x00, 0xff, 0x00, 0x00, 0x00, 0xff, 0x00, 0x00, 0x00, 0xff, 0x00, 0x00, 0x00, 0xff, 0x00, 0x00, 0x00, 0xff, 0x00, 0x00, 0x00, 0xff, 0x00, 0x00, 0x00, 0xff, 0x00, 0x00, 0x00, 0xff, 0x00, 0x00, 0x00, 0xff, 0x00, 0x00, 0x00, 0xff, 0x00, 0x00, 0x00, 0xff, 0x00, 0x00, 0x00, 0xff, 0x1a, 0x1a, 0x1a, 0xff, 0x1a, 0x1a, 0x1a, 0xff, 0x1a, 0x1a, 0x1a, 0xff, 0x13, 0x13, 0x19, 0xff, 0x19, 0x19, 0x19, 0xff, 0x19, 0x19, 0x19, 0xff, 0x19, 0x19, 0x1c, 0xff, 0x1c, 0x1c, 0x1c, 0xff, 0x1b, 0x1b, 0x1e, 0xff, 0x1b, 0x1b, 0x1e, 0xff, 0x1b, 0x1d, 0x1f, 0xff, 0x1d, 0x1d, 0x21, 0xff, 0x1c, 0x1e, 0x20, 0xff, 0x1e, 0x20, 0x21, 0xff, 0x1e, 0x1f, 0x23, 0xff, 0x1f, 0x20, 0x23, 0xff, 0x1e, 0x21, 0x24, 0xff, 0x1f, 0x22, 0x25, 0xff, 0x20, 0x23, 0x26, 0xff, 0x20, 0x24, 0x26, 0xff, 0x21, 0x24, 0x27, 0xff, 0x22, 0x25, 0x28, 0xff, 0x22, 0x26, 0x29, 0xff, 0x23, 0x27, 0x29, 0xff, 0x22, 0x22, 0x22, 0xff, 0x99, 0xcc, 0xcc, 0xff, 0x70, 0x85, 0x94, 0xff, 0x6f, 0x85, 0x90, 0xff, 0x00, 0x00, 0x00, 0xff, 
  0x00, 0x00, 0x00, 0xff, 0x00, 0x00, 0x00, 0xff, 0x00, 0x00, 0x00, 0xff, 0x00, 0x00, 0x00, 0xff, 0x00, 0x00, 0x00, 0xff, 0x00, 0x00, 0x00, 0xff, 0x00, 0x00, 0x00, 0xff, 0x00, 0x00, 0x00, 0xff, 0x00, 0x00, 0x00, 0xff, 0x00, 0x00, 0x00, 0xff, 0x00, 0x00, 0x00, 0xff, 0x00, 0x00, 0x00, 0xff, 0x00, 0x00, 0x00, 0xff, 0x00, 0x00, 0x00, 0xff, 0x00, 0x00, 0x00, 0xff, 0x00, 0x00, 0x00, 0xff, 0x00, 0x00, 0x00, 0xff, 0x00, 0x00, 0x00, 0xff, 0x00, 0x00, 0x00, 0xff, 0x00, 0x00, 0x00, 0xff, 0x00, 0x00, 0x00, 0xff, 0x00, 0x00, 0x00, 0xff, 0x00, 0x00, 0x00, 0xff, 0x00, 0x00, 0x00, 0xff, 0x00, 0x00, 0x00, 0xff, 0x1a, 0x1a, 0x1a, 0xff, 0x0d, 0x0d, 0x1a, 0xff, 0x19, 0x19, 0x19, 0xff, 0x19, 0x19, 0x19, 0xff, 0x19, 0x19, 0x19, 0xff, 0x19, 0x19, 0x1d, 0xff, 0x19, 0x19, 0x1c, 0xff, 0x19, 0x1c, 0x1c, 0xff, 0x1b, 0x1b, 0x1e, 0xff, 0x1b, 0x1b, 0x1e, 0xff, 0x1b, 0x1d, 0x1f, 0xff, 0x1d, 0x1d, 0x21, 0xff, 0x1d, 0x1e, 0x20, 0xff, 0x1e, 0x20, 0x21, 0xff, 0x1e, 0x21, 0x23, 0xff, 0x1f, 0x20, 0x23, 0xff, 0x1e, 0x21, 0x24, 0xff, 0x20, 0x22, 0x25, 0xff, 0x20, 0x23, 0x26, 0xff, 0x20, 0x24, 0x26, 0xff, 0x21, 0x24, 0x27, 0xff, 0x22, 0x25, 0x28, 0xff, 0x22, 0x26, 0x29, 0xff, 0x23, 0x26, 0x29, 0xff, 0x22, 0x22, 0x22, 0xff, 0x66, 0x99, 0xcc, 0xff, 0x6e, 0x82, 0x90, 0xff, 0x6c, 0x82, 0x93, 0xff, 0x00, 0x00, 0x00, 0xff, 
  0x00, 0x00, 0x00, 0xff, 0x00, 0x00, 0x00, 0xff, 0x00, 0x00, 0x00, 0xff, 0x00, 0x00, 0x00, 0xff, 0x00, 0x00, 0x00, 0xff, 0x00, 0x00, 0x00, 0xff, 0x00, 0x00, 0x00, 0xff, 0x00, 0x00, 0x00, 0xff, 0x00, 0x00, 0x00, 0xff, 0x00, 0x00, 0x00, 0xff, 0x00, 0x00, 0x00, 0xff, 0x00, 0x00, 0x00, 0xff, 0x00, 0x00, 0x00, 0xff, 0x00, 0x00, 0x00, 0xff, 0x00, 0x00, 0x00, 0xff, 0x00, 0x00, 0x00, 0xff, 0x00, 0x00, 0x00, 0xff, 0x00, 0x00, 0x00, 0xff, 0x00, 0x00, 0x00, 0xff, 0x00, 0x00, 0x00, 0xff, 0x00, 0x00, 0x00, 0xff, 0x00, 0x00, 0x00, 0xff, 0x00, 0x00, 0x00, 0xff, 0x00, 0x00, 0x00, 0xff, 0x00, 0x00, 0x00, 0xff, 0x00, 0x00, 0x1a, 0xff, 0x0d, 0x0d, 0x0d, 0xff, 0x19, 0x19, 0x19, 0xff, 0x19, 0x19, 0x19, 0xff, 0x14, 0x14, 0x19, 0xff, 0x19, 0x19, 0x1d, 0xff, 0x19, 0x19, 0x1c, 0xff, 0x19, 0x1c, 0x1c, 0xff, 0x1b, 0x1b, 0x1e, 0xff, 0x1b, 0x1b, 0x1e, 0xff, 0x1d, 0x1d, 0x1f, 0xff, 0x1d, 0x1d, 0x21, 0xff, 0x1d, 0x1e, 0x20, 0xff, 0x1e, 0x20, 0x21, 0xff, 0x1e, 0x1f, 0x23, 0xff, 0x1f, 0x20, 0x24, 0xff, 0x1e, 0x21, 0x24, 0xff, 0x20, 0x22, 0x25, 0xff, 0x20, 0x23, 0x26, 0xff, 0x20, 0x24, 0x26, 0xff, 0x21, 0x24, 0x27, 0xff, 0x22, 0x25, 0x28, 0xff, 0x22, 0x25, 0x29, 0xff, 0x22, 0x26, 0x29, 0xff, 0x22, 0x22, 0x22, 0xff, 0x80, 0xbf, 0xbf, 0xff, 0x6c, 0x80, 0x8e, 0xff, 0x6b, 0x7d, 0x8e, 0xff, 0x00, 0x00, 0x00, 0xff, 
  0x00, 0x00, 0x00, 0xff, 0x00, 0x00, 0x00, 0xff, 0x00, 0x00, 0x00, 0xff, 0x00, 0x00, 0x00, 0xff, 0x00, 0x00, 0x00, 0xff, 0x00, 0x00, 0x00, 0xff, 0x00, 0x00, 0x00, 0xff, 0x00, 0x00, 0x00, 0xff, 0x00, 0x00, 0x00, 0xff, 0x00, 0x00, 0x00, 0xff, 0x00, 0x00, 0x00, 0xff, 0x00, 0x00, 0x00, 0xff, 0x00, 0x00, 0x00, 0xff, 0x00, 0x00, 0x00, 0xff, 0x00, 0x00, 0x00, 0xff, 0x00, 0x00, 0x00, 0xff, 0x00, 0x00, 0x00, 0xff, 0x00, 0x00, 0x00, 0xff, 0x00, 0x00, 0x00, 0xff, 0x00, 0x00, 0x00, 0xff, 0x00, 0x00, 0x00, 0xff, 0x00, 0x00, 0x00, 0xff, 0x00, 0x00, 0x00, 0xff, 0x00, 0x00, 0x00, 0xff, 0x00, 0x00, 0x00, 0xff, 0x1c, 0x1c, 0x1c, 0xff, 0x1a, 0x1a, 0x1a, 0xff, 0x11, 0x11, 0x1a, 0xff, 0x19, 0x19, 0x19, 0xff, 0x19, 0x19, 0x19, 0xff, 0x19, 0x19, 0x19, 0xff, 0x19, 0x19, 0x1c, 0xff, 0x19, 0x19, 0x1c, 0xff, 0x1b, 0x1b, 0x1e, 0xff, 0x1b, 0x1b, 0x1e, 0xff, 0x1b, 0x1d, 0x1f, 0xff, 0x1d, 0x1d, 0x21, 0xff, 0x1c, 0x1e, 0x20, 0xff, 0x1c, 0x1e, 0x21, 0xff, 0x1e, 0x1f, 0x23, 0xff, 0x1f, 0x20, 0x23, 0xff, 0x1e, 0x21, 0x24, 0xff, 0x1f, 0x22, 0x25, 0xff, 0x1f, 0x23, 0x26, 0xff, 0x20, 0x24, 0x26, 0xff, 0x21, 0x24, 0x27, 0xff, 0x22, 0x25, 0x27, 0xff, 0x22, 0x26, 0x29, 0xff, 0x23, 0x26, 0x29, 0xff, 0x22, 0x22, 0x22, 0xff, 0x80, 0xbf, 0xbf, 0xff, 0x6a, 0x7c, 0x89, 0xff, 0x70, 0x83, 0x89, 0xff, 0x00, 0x00, 0x00, 0xff, 
  0x00, 0x00, 0x00, 0xff, 0x00, 0x00, 0x00, 0xff, 0x00, 0x00, 0x00, 0xff, 0x00, 0x00, 0x00, 0xff, 0x00, 0x00, 0x00, 0xff, 0x00, 0x00, 0x00, 0xff, 0x00, 0x00, 0x00, 0xff, 0x00, 0x00, 0x00, 0xff, 0x00, 0x00, 0x00, 0xff, 0x00, 0x00, 0x00, 0xff, 0x00, 0x00, 0x00, 0xff, 0x00, 0x00, 0x00, 0xff, 0x00, 0x00, 0x00, 0xff, 0x00, 0x00, 0x00, 0xff, 0x00, 0x00, 0x00, 0xff, 0x00, 0x00, 0x00, 0xff, 0x00, 0x00, 0x00, 0xff, 0x00, 0x00, 0x00, 0xff, 0x00, 0x00, 0x00, 0xff, 0x00, 0x00, 0x00, 0xff, 0x00, 0x00, 0x00, 0xff, 0x00, 0x00, 0x00, 0xff, 0x00, 0x00, 0x00, 0xff, 0x00, 0x00, 0x00, 0xff, 0x00, 0x00, 0x00, 0xff, 0x00, 0x00, 0x00, 0xff, 0x1a, 0x1a, 0x1a, 0xff, 0x19, 0x19, 0x19, 0xff, 0x13, 0x13, 0x19, 0xff, 0x19, 0x19, 0x19, 0xff, 0x19, 0x19, 0x1d, 0xff, 0x19, 0x19, 0x1c, 0xff, 0x19, 0x19, 0x1c, 0xff, 0x1b, 0x1b, 0x1e, 0xff, 0x1b, 0x1e, 0x20, 0xff, 0x1b, 0x1d, 0x1f, 0xff, 0x1b, 0x1d, 0x1f, 0xff, 0x1d, 0x1e, 0x20, 0xff, 0x1e, 0x20, 0x21, 0xff, 0x1e, 0x1f, 0x23, 0xff, 0x1f, 0x20, 0x23, 0xff, 0x1e, 0x21, 0x24, 0xff, 0x20, 0x22, 0x25, 0xff, 0x20, 0x23, 0x26, 0xff, 0x20, 0x24, 0x26, 0xff, 0x21, 0x24, 0x27, 0xff, 0x22, 0x25, 0x28, 0xff, 0x22, 0x25, 0x29, 0xff, 0x22, 0x26, 0x29, 0xff, 0x22, 0x22, 0x22, 0xff, 0x80, 0xbf, 0xbf, 0xff, 0x68, 0x7b, 0x87, 0xff, 0x69, 0x7c, 0x89, 0xff, 0x00, 0x00, 0x00, 0xff, 
  0x00, 0x00, 0x00, 0xff, 0x00, 0x00, 0x00, 0xff, 0x00, 0x00, 0x00, 0xff, 0x00, 0x00, 0x00, 0xff, 0x00, 0x00, 0x00, 0xff, 0x00, 0x00, 0x00, 0xff, 0x00, 0x00, 0x00, 0xff, 0x00, 0x00, 0x00, 0xff, 0x00, 0x00, 0x00, 0xff, 0x00, 0x00, 0x00, 0xff, 0x00, 0x00, 0x00, 0xff, 0x00, 0x00, 0x00, 0xff, 0x00, 0x00, 0x00, 0xff, 0x00, 0x00, 0x00, 0xff, 0x00, 0x00, 0x00, 0xff, 0x00, 0x00, 0x00, 0xff, 0x00, 0x00, 0x00, 0xff, 0x00, 0x00, 0x00, 0xff, 0x00, 0x00, 0x00, 0xff, 0x00, 0x00, 0x00, 0xff, 0x00, 0x00, 0x00, 0xff, 0x00, 0x00, 0x00, 0xff, 0x00, 0x00, 0x00, 0xff, 0x00, 0x00, 0x00, 0xff, 0x00, 0x00, 0x00, 0xff, 0x1a, 0x1a, 0x1a, 0xff, 0x0d, 0x0d, 0x1a, 0xff, 0x11, 0x11, 0x1a, 0xff, 0x19, 0x19, 0x19, 0xff, 0x19, 0x19, 0x19, 0xff, 0x19, 0x19, 0x19, 0xff, 0x19, 0x19, 0x1c, 0xff, 0x19, 0x1c, 0x1c, 0xff, 0x1b, 0x1b, 0x1e, 0xff, 0x1b, 0x1b, 0x1e, 0xff, 0x1b, 0x1d, 0x1f, 0xff, 0x1d, 0x1f, 0x21, 0xff, 0x1d, 0x1e, 0x20, 0xff, 0x1c, 0x20, 0x21, 0xff, 0x1e, 0x1f, 0x23, 0xff, 0x1f, 0x20, 0x23, 0xff, 0x1e, 0x21, 0x24, 0xff, 0x20, 0x22, 0x25, 0xff, 0x1f, 0x23, 0x26, 0xff, 0x21, 0x24, 0x26, 0xff, 0x21, 0x24, 0x27, 0xff, 0x22, 0x25, 0x28, 0xff, 0x22, 0x26, 0x29, 0xff, 0x23, 0x26, 0x29, 0xff, 0x22, 0x22, 0x22, 0xff, 0xaa, 0xaa, 0xff, 0xff, 0x67, 0x77, 0x85, 0xff, 0x5e, 0x79, 0x86, 0xff, 0x00, 0x00, 0x00, 0xff, 
  0x00, 0x00, 0x00, 0xff, 0x00, 0x00, 0x00, 0xff, 0x00, 0x00, 0x00, 0xff, 0x00, 0x00, 0x00, 0xff, 0x00, 0x00, 0x00, 0xff, 0x00, 0x00, 0x00, 0xff, 0x00, 0x00, 0x00, 0xff, 0x00, 0x00, 0x00, 0xff, 0x00, 0x00, 0x00, 0xff, 0x00, 0x00, 0x00, 0xff, 0x00, 0x00, 0x00, 0xff, 0x00, 0x00, 0x00, 0xff, 0x00, 0x00, 0x00, 0xff, 0x00, 0x00, 0x00, 0xff, 0x00, 0x00, 0x00, 0xff, 0x00, 0x00, 0x00, 0xff, 0x00, 0x00, 0x00, 0xff, 0x00, 0x00, 0x00, 0xff, 0x00, 0x00, 0x00, 0xff, 0x00, 0x00, 0x00, 0xff, 0x00, 0x00, 0x00, 0xff, 0x00, 0x00, 0x00, 0xff, 0x00, 0x00, 0x00, 0xff, 0x00, 0x00, 0x00, 0xff, 0x00, 0x00, 0x00, 0xff, 0x00, 0x00, 0x1a, 0xff, 0x0d, 0x0d, 0x0d, 0xff, 0x19, 0x19, 0x19, 0xff, 0x19, 0x19, 0x19, 0xff, 0x19, 0x19, 0x19, 0xff, 0x19, 0x19, 0x19, 0xff, 0x19, 0x19, 0x1c, 0xff, 0x19, 0x1c, 0x1c, 0xff, 0x1b, 0x1b, 0x1e, 0xff, 0x1b, 0x1b, 0x1e, 0xff, 0x1b, 0x1d, 0x1f, 0xff, 0x1d, 0x1d, 0x21, 0xff, 0x1c, 0x1e, 0x22, 0xff, 0x1e, 0x20, 0x21, 0xff, 0x1e, 0x21, 0x23, 0xff, 0x1f, 0x20, 0x23, 0xff, 0x1e, 0x21, 0x24, 0xff, 0x20, 0x22, 0x25, 0xff, 0x20, 0x23, 0x26, 0xff, 0x20, 0x24, 0x26, 0xff, 0x21, 0x24, 0x27, 0xff, 0x22, 0x25, 0x27, 0xff, 0x22, 0x26, 0x29, 0xff, 0x23, 0x26, 0x29, 0xff, 0x22, 0x22, 0x22, 0xff, 0x55, 0xaa, 0xaa, 0xff, 0x65, 0x77, 0x83, 0xff, 0x60, 0x75, 0x83, 0xff, 0x00, 0x00, 0x00, 0xff, 
  0x00, 0x00, 0x00, 0xff, 0x00, 0x00, 0x00, 0xff, 0x00, 0x00, 0x00, 0xff, 0x00, 0x00, 0x00, 0xff, 0x00, 0x00, 0x00, 0xff, 0x00, 0x00, 0x00, 0xff, 0x00, 0x00, 0x00, 0xff, 0x00, 0x00, 0x00, 0xff, 0x00, 0x00, 0x00, 0xff, 0x00, 0x00, 0x00, 0xff, 0x00, 0x00, 0x00, 0xff, 0x00, 0x00, 0x00, 0xff, 0x00, 0x00, 0x00, 0xff, 0x00, 0x00, 0x00, 0xff, 0x00, 0x00, 0x00, 0xff, 0x00, 0x00, 0x00, 0xff, 0x00, 0x00, 0x00, 0xff, 0x00, 0x00, 0x00, 0xff, 0x00, 0x00, 0x00, 0xff, 0x00, 0x00, 0x00, 0xff, 0x00, 0x00, 0x00, 0xff, 0x00, 0x00, 0x00, 0xff, 0x00, 0x00, 0x00, 0xff, 0x00, 0x00, 0x00, 0xff, 0x00, 0x00, 0x00, 0xff, 0x00, 0x00, 0x00, 0xff, 0x1a, 0x1a, 0x1a, 0xff, 0x19, 0x19, 0x19, 0xff, 0x19, 0x19, 0x19, 0xff, 0x14, 0x14, 0x19, 0xff, 0x19, 0x19, 0x1d, 0xff, 0x19, 0x19, 0x1c, 0xff, 0x19, 0x1c, 0x1c, 0xff, 0x19, 0x1b, 0x1b, 0xff, 0x1b, 0x1e, 0x20, 0xff, 0x1b, 0x1d, 0x1f, 0xff, 0x1d, 0x1f, 0x21, 0xff, 0x1d, 0x1e, 0x20, 0xff, 0x1e, 0x20, 0x21, 0xff, 0x1e, 0x1f, 0x23, 0xff, 0x1f, 0x20, 0x24, 0xff, 0x1e, 0x21, 0x24, 0xff, 0x20, 0x22, 0x25, 0xff, 0x20, 0x23, 0x26, 0xff, 0x20, 0x24, 0x26, 0xff, 0x21, 0x24, 0x27, 0xff, 0x22, 0x25, 0x28, 0xff, 0x22, 0x26, 0x29, 0xff, 0x22, 0x26, 0x29, 0xff, 0x22, 0x22, 0x22, 0xff, 0x80, 0xff, 0xff, 0xff, 0x64, 0x74, 0x83, 0xff, 0x5f, 0x7c, 0x83, 0xff, 0x00, 0x00, 0x00, 0xff, 
  0x00, 0x00, 0x00, 0xff, 0x00, 0x00, 0x00, 0xff, 0x00, 0x00, 0x00, 0xff, 0x00, 0x00, 0x00, 0xff, 0x00, 0x00, 0x00, 0xff, 0x00, 0x00, 0x00, 0xff, 0x00, 0x00, 0x00, 0xff, 0x00, 0x00, 0x00, 0xff, 0x00, 0x00, 0x00, 0xff, 0x00, 0x00, 0x00, 0xff, 0x00, 0x00, 0x00, 0xff, 0x00, 0x00, 0x00, 0xff, 0x00, 0x00, 0x00, 0xff, 0x00, 0x00, 0x00, 0xff, 0x00, 0x00, 0x00, 0xff, 0x00, 0x00, 0x00, 0xff, 0x00, 0x00, 0x00, 0xff, 0x00, 0x00, 0x00, 0xff, 0x00, 0x00, 0x00, 0xff, 0x00, 0x00, 0x00, 0xff, 0x00, 0x00, 0x00, 0xff, 0x00, 0x00, 0x00, 0xff, 0x00, 0x00, 0x00, 0xff, 0x00, 0x00, 0x00, 0xff, 0x00, 0x00, 0x00, 0xff, 0x1a, 0x1a, 0x1a, 0xff, 0x1a, 0x1a, 0x1a, 0xff, 0x1a, 0x1a, 0x1a, 0xff, 0x13, 0x13, 0x19, 0xff, 0x19, 0x19, 0x19, 0xff, 0x19, 0x19, 0x19, 0xff, 0x19, 0x19, 0x1c, 0xff, 0x1c, 0x1c, 0x1c, 0xff, 0x1b, 0x1b, 0x1e, 0xff, 0x1b, 0x1b, 0x1e, 0xff, 0x1b, 0x1d, 0x1f, 0xff, 0x1d, 0x1d, 0x21, 0xff, 0x1c, 0x1e, 0x20, 0xff, 0x1e, 0x20, 0x21, 0xff, 0x1e, 0x1f, 0x23, 0xff, 0x1f, 0x20, 0x23, 0xff, 0x1e, 0x21, 0x24, 0xff, 0x1f, 0x22, 0x25, 0xff, 0x20, 0x23, 0x26, 0xff, 0x20, 0x24, 0x26, 0xff, 0x21, 0x24, 0x27, 0xff, 0x22, 0x25, 0x28, 0xff, 0x22, 0x26, 0x29, 0xff, 0x23, 0x27, 0x29, 0xff, 0x22, 0x22, 0x22, 0xff, 0x80, 0x80, 0x80, 0xff, 0x61, 0x72, 0x7f, 0xff, 0x5f, 0x75, 0x7c, 0xff, 0x00, 0x00, 0x00, 0xff, 
  0x00, 0x00, 0x00, 0xff, 0x00, 0x00, 0x00, 0xff, 0x00, 0x00, 0x00, 0xff, 0x00, 0x00, 0x00, 0xff, 0x00, 0x00, 0x00, 0xff, 0x00, 0x00, 0x00, 0xff, 0x00, 0x00, 0x00, 0xff, 0x00, 0x00, 0x00, 0xff, 0x00, 0x00, 0x00, 0xff, 0x00, 0x00, 0x00, 0xff, 0x00, 0x00, 0x00, 0xff, 0x00, 0x00, 0x00, 0xff, 0x00, 0x00, 0x00, 0xff, 0x00, 0x00, 0x00, 0xff, 0x00, 0x00, 0x00, 0xff, 0x00, 0x00, 0x00, 0xff, 0x00, 0x00, 0x00, 0xff, 0x00, 0x00, 0x00, 0xff, 0x00, 0x00, 0x00, 0xff, 0x00, 0x00, 0x00, 0xff, 0x00, 0x00, 0x00, 0xff, 0x00, 0x00, 0x00, 0xff, 0x00, 0x00, 0x00, 0xff, 0x00, 0x00, 0x00, 0xff, 0x00, 0x00, 0x00, 0xff, 0x1a, 0x1a, 0x1a, 0xff, 0x0d, 0x0d, 0x1a, 0xff, 0x19, 0x19, 0x19, 0xff, 0x19, 0x19, 0x19, 0xff, 0x19, 0x19, 0x19, 0xff, 0x19, 0x19, 0x1d, 0xff, 0x19, 0x19, 0x1c, 0xff, 0x19, 0x1c, 0x1c, 0xff, 0x1b, 0x1b, 0x1e, 0xff, 0x1b, 0x1b, 0x1e, 0xff, 0x1b, 0x1d, 0x1f, 0xff, 0x1d, 0x1d, 0x21, 0xff, 0x1d, 0x1e, 0x20, 0xff, 0x1e, 0x20, 0x21, 0xff, 0x1e, 0x21, 0x23, 0xff, 0x1f, 0x20, 0x23, 0xff, 0x1e, 0x21, 0x24, 0xff, 0x20, 0x22, 0x25, 0xff, 0x20, 0x23, 0x26, 0xff, 0x20, 0x24, 0x26, 0xff, 0x21, 0x24, 0x27, 0xff, 0x22, 0x25, 0x28, 0xff, 0x22, 0x26, 0x29, 0xff, 0x23, 0x26, 0x29, 0xff, 0x22, 0x22, 0x22, 0xff, 0x80, 0x80, 0x80, 0xff, 0x62, 0x72, 0x7d, 0xff, 0x64, 0x6c, 0x7c, 0xff, 0x00, 0x00, 0x00, 0xff, 
  0x00, 0x00, 0x00, 0xff, 0x00, 0x00, 0x00, 0xff, 0x00, 0x00, 0x00, 0xff, 0x00, 0x00, 0x00, 0xff, 0x00, 0x00, 0x00, 0xff, 0x00, 0x00, 0x00, 0xff, 0x00, 0x00, 0x00, 0xff, 0x00, 0x00, 0x00, 0xff, 0x00, 0x00, 0x00, 0xff, 0x00, 0x00, 0x00, 0xff, 0x00, 0x00, 0x00, 0xff, 0x00, 0x00, 0x00, 0xff, 0x00, 0x00, 0x00, 0xff, 0x00, 0x00, 0x00, 0xff, 0x00, 0x00, 0x00, 0xff, 0x00, 0x00, 0x00, 0xff, 0x00, 0x00, 0x00, 0xff, 0x00, 0x00, 0x00, 0xff, 0x00, 0x00, 0x00, 0xff, 0x00, 0x00, 0x00, 0xff, 0x00, 0x00, 0x00, 0xff, 0x00, 0x00, 0x00, 0xff, 0x00, 0x00, 0x00, 0xff, 0x00, 0x00, 0x00, 0xff, 0x00, 0x00, 0x00, 0xff, 0x00, 0x00, 0x1a, 0xff, 0x0d, 0x0d, 0x0d, 0xff, 0x19, 0x19, 0x19, 0xff, 0x19, 0x19, 0x19, 0xff, 0x14, 0x14, 0x19, 0xff, 0x19, 0x19, 0x1d, 0xff, 0x19, 0x19, 0x1c, 0xff, 0x19, 0x1c, 0x1c, 0xff, 0x1b, 0x1b, 0x1e, 0xff, 0x1b, 0x1b, 0x1e, 0xff, 0x1d, 0x1d, 0x1f, 0xff, 0x1d, 0x1d, 0x21, 0xff, 0x1d, 0x1e, 0x20, 0xff, 0x1e, 0x20, 0x21, 0xff, 0x1e, 0x1f, 0x23, 0xff, 0x1f, 0x20, 0x24, 0xff, 0x1e, 0x21, 0x24, 0xff, 0x20, 0x22, 0x25, 0xff, 0x20, 0x23, 0x26, 0xff, 0x20, 0x24, 0x26, 0xff, 0x21, 0x24, 0x27, 0xff, 0x22, 0x25, 0x28, 0xff, 0x22, 0x25, 0x29, 0xff, 0x22, 0x26, 0x29, 0xff, 0x22, 0x22, 0x22, 0xff, 0xff, 0xff, 0xff, 0xff, 0x5f, 0x6f, 0x7d, 0xff, 0x60, 0x70, 0x80, 0xff, 0x00, 0x00, 0x00, 0xff, 
  0x00, 0x00, 0x00, 0xff, 0x00, 0x00, 0x00, 0xff, 0x00, 0x00, 0x00, 0xff, 0x00, 0x00, 0x00, 0xff, 0x00, 0x00, 0x00, 0xff, 0x00, 0x00, 0x00, 0xff, 0x00, 0x00, 0x00, 0xff, 0x00, 0x00, 0x00, 0xff, 0x00, 0x00, 0x00, 0xff, 0x00, 0x00, 0x00, 0xff, 0x00, 0x00, 0x00, 0xff, 0x00, 0x00, 0x00, 0xff, 0x00, 0x00, 0x00, 0xff, 0x00, 0x00, 0x00, 0xff, 0x00, 0x00, 0x00, 0xff, 0x00, 0x00, 0x00, 0xff, 0x00, 0x00, 0x00, 0xff, 0x00, 0x00, 0x00, 0xff, 0x00, 0x00, 0x00, 0xff, 0x00, 0x00, 0x00, 0xff, 0x00, 0x00, 0x00, 0xff, 0x00, 0x00, 0x00, 0xff, 0x00, 0x00, 0x00, 0xff, 0x00, 0x00, 0x00, 0xff, 0x00, 0x00, 0x00, 0xff, 0x1c, 0x1c, 0x1c, 0xff, 0x1a, 0x1a, 0x1a, 0xff, 0x11, 0x11, 0x1a, 0xff, 0x19, 0x19, 0x19, 0xff, 0x19, 0x19, 0x19, 0xff, 0x19, 0x19, 0x19, 0xff, 0x19, 0x19, 0x1c, 0xff, 0x19, 0x19, 0x1c, 0xff, 0x1b, 0x1b, 0x1e, 0xff, 0x1b, 0x1b, 0x1e, 0xff, 0x1b, 0x1d, 0x1f, 0xff, 0x1d, 0x1d, 0x21, 0xff, 0x1c, 0x1e, 0x20, 0xff, 0x1c, 0x1e, 0x21, 0xff, 0x1e, 0x1f, 0x23, 0xff, 0x1f, 0x20, 0x23, 0xff, 0x1e, 0x21, 0x24, 0xff, 0x1f, 0x22, 0x25, 0xff, 0x1f, 0x23, 0x26, 0xff, 0x20, 0x24, 0x26, 0xff, 0x21, 0x24, 0x27, 0xff, 0x22, 0x25, 0x27, 0xff, 0x22, 0x26, 0x29, 0xff, 0x23, 0x26, 0x29, 0xff, 0x22, 0x22, 0x22, 0xff, 0xff, 0xff, 0xff, 0xff, 0x5e, 0x6d, 0x7a, 0xff, 0x5a, 0x73, 0x7b, 0xff, 0x00, 0x00, 0x00, 0xff, 
  0x00, 0x00, 0x00, 0xff, 0x00, 0x00, 0x00, 0xff, 0x00, 0x00, 0x00, 0xff, 0x00, 0x00, 0x00, 0xff, 0x00, 0x00, 0x00, 0xff, 0x00, 0x00, 0x00, 0xff, 0x00, 0x00, 0x00, 0xff, 0x00, 0x00, 0x00, 0xff, 0x00, 0x00, 0x00, 0xff, 0x00, 0x00, 0x00, 0xff, 0x00, 0x00, 0x00, 0xff, 0x00, 0x00, 0x00, 0xff, 0x00, 0x00, 0x00, 0xff, 0x00, 0x00, 0x00, 0xff, 0x00, 0x00, 0x00, 0xff, 0x00, 0x00, 0x00, 0xff, 0x00, 0x00, 0x00, 0xff, 0x00, 0x00, 0x00, 0xff, 0x00, 0x00, 0x00, 0xff, 0x00, 0x00, 0x00, 0xff, 0x00, 0x00, 0x00, 0xff, 0x00, 0x00, 0x00, 0xff, 0x00, 0x00, 0x00, 0xff, 0x00, 0x00, 0x00, 0xff, 0x00, 0x00, 0x00, 0xff, 0x00, 0x00, 0x00, 0xff, 0x1a, 0x1a, 0x1a, 0xff, 0x19, 0x19, 0x19, 0xff, 0x13, 0x13, 0x19, 0xff, 0x19, 0x19, 0x19, 0xff, 0x19, 0x19, 0x1d, 0xff, 0x19, 0x19, 0x1c, 0xff, 0x19, 0x19, 0x1c, 0xff, 0x1b, 0x1b, 0x1e, 0xff, 0x1b, 0x1e, 0x20, 0xff, 0x1b, 0x1d, 0x1f, 0xff, 0x1b, 0x1d, 0x1f, 0xff, 0x1d, 0x1e, 0x20, 0xff, 0x1e, 0x20, 0x21, 0xff, 0x1e, 0x1f, 0x23, 0xff, 0x1f, 0x20, 0x23, 0xff, 0x1e, 0x21, 0x24, 0xff, 0x20, 0x22, 0x25, 0xff, 0x20, 0x23, 0x26, 0xff, 0x20, 0x24, 0x26, 0xff, 0x21, 0x24, 0x27, 0xff, 0x22, 0x25, 0x28, 0xff, 0x22, 0x25, 0x29, 0xff, 0x22, 0x26, 0x29, 0xff, 0x22, 0x22, 0x22, 0xff, 0x00, 0x00, 0x00, 0xff, 0x5d, 0x6c, 0x7a, 0xff, 0x5a, 0x6b, 0x73, 0xff, 0x00, 0x00, 0x00, 0xff, 
  0x00, 0x00, 0x00, 0xff, 0x00, 0x00, 0x00, 0xff, 0x00, 0x00, 0x00, 0xff, 0x00, 0x00, 0x00, 0xff, 0x00, 0x00, 0x00, 0xff, 0x00, 0x00, 0x00, 0xff, 0x00, 0x00, 0x00, 0xff, 0x00, 0x00, 0x00, 0xff, 0x00, 0x00, 0x00, 0xff, 0x00, 0x00, 0x00, 0xff, 0x00, 0x00, 0x00, 0xff, 0x00, 0x00, 0x00, 0xff, 0x00, 0x00, 0x00, 0xff, 0x00, 0x00, 0x00, 0xff, 0x00, 0x00, 0x00, 0xff, 0x00, 0x00, 0x00, 0xff, 0x00, 0x00, 0x00, 0xff, 0x00, 0x00, 0x00, 0xff, 0x00, 0x00, 0x00, 0xff, 0x00, 0x00, 0x00, 0xff, 0x00, 0x00, 0x00, 0xff, 0x00, 0x00, 0x00, 0xff, 0x00, 0x00, 0x00, 0xff, 0x00, 0x00, 0x00, 0xff, 0x00, 0x00, 0x00, 0xff, 0x1a, 0x1a, 0x1a, 0xff, 0x0d, 0x0d, 0x1a, 0xff, 0x11, 0x11, 0x1a, 0xff, 0x19, 0x19, 0x19, 0xff, 0x19, 0x19, 0x19, 0xff, 0x19, 0x19, 0x19, 0xff, 0x19, 0x19, 0x1c, 0xff, 0x19, 0x1c, 0x1c, 0xff, 0x1b, 0x1b, 0x1e, 0xff, 0x1b, 0x1b, 0x1e, 0xff, 0x1b, 0x1d, 0x1f, 0xff, 0x1d, 0x1f, 0x21, 0xff, 0x1d, 0x1e, 0x20, 0xff, 0x1c, 0x20, 0x21, 0xff, 0x1e, 0x1f, 0x23, 0xff, 0x1f, 0x20, 0x23, 0xff, 0x1e, 0x21, 0x24, 0xff, 0x20, 0x22, 0x25, 0xff, 0x1f, 0x23, 0x26, 0xff, 0x21, 0x24, 0x26, 0xff, 0x21, 0x24, 0x27, 0xff, 0x22, 0x25, 0x28, 0xff, 0x22, 0x26, 0x29, 0xff, 0x23, 0x26, 0x29, 0xff, 0x22, 0x22, 0x22, 0xff, 0x00, 0x00, 0x00, 0xff, 0x5c, 0x6d, 0x79, 0xff, 0x5d, 0x66, 0x77, 0xff, 0x00, 0x00, 0x00, 0xff, 
  0x00, 0x00, 0x00, 0xff, 0x00, 0x00, 0x00, 0xff, 0x00, 0x00, 0x00, 0xff, 0x00, 0x00, 0x00, 0xff, 0x00, 0x00, 0x00, 0xff, 0x00, 0x00, 0x00, 0xff, 0x00, 0x00, 0x00, 0xff, 0x00, 0x00, 0x00, 0xff, 0x00, 0x00, 0x00, 0xff, 0x00, 0x00, 0x00, 0xff, 0x00, 0x00, 0x00, 0xff, 0x00, 0x00, 0x00, 0xff, 0x00, 0x00, 0x00, 0xff, 0x00, 0x00, 0x00, 0xff, 0x00, 0x00, 0x00, 0xff, 0x00, 0x00, 0x00, 0xff, 0x00, 0x00, 0x00, 0xff, 0x00, 0x00, 0x00, 0xff, 0x00, 0x00, 0x00, 0xff, 0x00, 0x00, 0x00, 0xff, 0x00, 0x00, 0x00, 0xff, 0x00, 0x00, 0x00, 0xff, 0x00, 0x00, 0x00, 0xff, 0x00, 0x00, 0x00, 0xff, 0x00, 0x00, 0x00, 0xff, 0x00, 0x00, 0x1a, 0xff, 0x0d, 0x0d, 0x0d, 0xff, 0x19, 0x19, 0x19, 0xff, 0x19, 0x19, 0x19, 0xff, 0x19, 0x19, 0x19, 0xff, 0x19, 0x19, 0x19, 0xff, 0x19, 0x19, 0x1c, 0xff, 0x19, 0x1c, 0x1c, 0xff, 0x1b, 0x1b, 0x1e, 0xff, 0x1b, 0x1b, 0x1e, 0xff, 0x1b, 0x1d, 0x1f, 0xff, 0x1d, 0x1d, 0x21, 0xff, 0x1c, 0x1e, 0x22, 0xff, 0x1e, 0x20, 0x21, 0xff, 0x1e, 0x21, 0x23, 0xff, 0x1f, 0x20, 0x23, 0xff, 0x1e, 0x21, 0x24, 0xff, 0x20, 0x22, 0x25, 0xff, 0x20, 0x23, 0x26, 0xff, 0x20, 0x24, 0x26, 0xff, 0x21, 0x24, 0x27, 0xff, 0x22, 0x25, 0x27, 0xff, 0x22, 0x26, 0x29, 0xff, 0x23, 0x26, 0x29, 0xff, 0x22, 0x22, 0x22, 0xff, 0x00, 0x00, 0x00, 0xff, 0x5d, 0x6c, 0x78, 0xff, 0x5d, 0x66, 0x6e, 0xff, 0x00, 0x00, 0x00, 0xff, 
  0x00, 0x00, 0x00, 0xff, 0x00, 0x00, 0x00, 0xff, 0x00, 0x00, 0x00, 0xff, 0x00, 0x00, 0x00, 0xff, 0x00, 0x00, 0x00, 0xff, 0x00, 0x00, 0x00, 0xff, 0x00, 0x00, 0x00, 0xff, 0x00, 0x00, 0x00, 0xff, 0x00, 0x00, 0x00, 0xff, 0x00, 0x00, 0x00, 0xff, 0x00, 0x00, 0x00, 0xff, 0x00, 0x00, 0x00, 0xff, 0x00, 0x00, 0x00, 0xff, 0x00, 0x00, 0x00, 0xff, 0x00, 0x00, 0x00, 0xff, 0x00, 0x00, 0x00, 0xff, 0x00, 0x00, 0x00, 0xff, 0x00, 0x00, 0x00, 0xff, 0x00, 0x00, 0x00, 0xff, 0x00, 0x00, 0x00, 0xff, 0x00, 0x00, 0x00, 0xff, 0x00, 0x00, 0x00, 0xff, 0x00, 0x00, 0x00, 0xff, 0x00, 0x00, 0x00, 0xff, 0x00, 0x00, 0x00, 0xff, 0x00, 0x00, 0x00, 0xff, 0x1a, 0x1a, 0x1a, 0xff, 0x19, 0x19, 0x19, 0xff, 0x19, 0x19, 0x19, 0xff, 0x14, 0x14, 0x19, 0xff, 0x19, 0x19, 0x1d, 0xff, 0x19, 0x19, 0x1c, 0xff, 0x19, 0x1c, 0x1c, 0xff, 0x19, 0x1b, 0x1b, 0xff, 0x1b, 0x1e, 0x20, 0xff, 0x1b, 0x1d, 0x1f, 0xff, 0x1d, 0x1f, 0x21, 0xff, 0x1d, 0x1e, 0x20, 0xff, 0x1e, 0x20, 0x21, 0xff, 0x1e, 0x1f, 0x23, 0xff, 0x1f, 0x20, 0x24, 0xff, 0x1e, 0x21, 0x24, 0xff, 0x20, 0x22, 0x25, 0xff, 0x20, 0x23, 0x26, 0xff, 0x20, 0x24, 0x26, 0xff, 0x21, 0x24, 0x27, 0xff, 0x22, 0x25, 0x28, 0xff, 0x22, 0x26, 0x29, 0xff, 0x22, 0x26, 0x29, 0xff, 0x22, 0x22, 0x22, 0xff, 0x00, 0x00, 0x00, 0xff, 0x5a, 0x6b, 0x77, 0xff, 0x58, 0x6a, 0x72, 0xff, 0x00, 0x00, 0x00, 0xff, 
  0x00, 0x00, 0x00, 0xff, 0x00, 0x00, 0x00, 0xff, 0x00, 0x00, 0x00, 0xff, 0x00, 0x00, 0x00, 0xff, 0x00, 0x00, 0x00, 0xff, 0x00, 0x00, 0x00, 0xff, 0x00, 0x00, 0x00, 0xff, 0x00, 0x00, 0x00, 0xff, 0x00, 0x00, 0x00, 0xff, 0x00, 0x00, 0x00, 0xff, 0x00, 0x00, 0x00, 0xff, 0x00, 0x00, 0x00, 0xff, 0x00, 0x00, 0x00, 0xff, 0x00, 0x00, 0x00, 0xff, 0x00, 0x00, 0x00, 0xff, 0x00, 0x00, 0x00, 0xff, 0x00, 0x00, 0x00, 0xff, 0x00, 0x00, 0x00, 0xff, 0x00, 0x00, 0x00, 0xff, 0x00, 0x00, 0x00, 0xff, 0x00, 0x00, 0x00, 0xff, 0x00, 0x00, 0x00, 0xff, 0x00, 0x00, 0x00, 0xff, 0x00, 0x00, 0x00, 0xff, 0x00, 0x00, 0x00, 0xff, 0x1a, 0x1a, 0x1a, 0xff, 0x1a, 0x1a, 0x1a, 0xff, 0x1a, 0x1a, 0x1a, 0xff, 0x13, 0x13, 0x19, 0xff, 0x19, 0x19, 0x19, 0xff, 0x19, 0x19, 0x19, 0xff, 0x19, 0x19, 0x1c, 0xff, 0x1c, 0x1c, 0x1c, 0xff, 0x1b, 0x1b, 0x1e, 0xff, 0x1b, 0x1b, 0x1e, 0xff, 0x1b, 0x1d, 0x1f, 0xff, 0x1d, 0x1d, 0x21, 0xff, 0x1c, 0x1e, 0x20, 0xff, 0x1e, 0x20, 0x21, 0xff, 0x1e, 0x1f, 0x23, 0xff, 0x1f, 0x20, 0x23, 0xff, 0x1e, 0x21, 0x24, 0xff, 0x1f, 0x22, 0x25, 0xff, 0x20, 0x23, 0x26, 0xff, 0x20, 0x24, 0x26, 0xff, 0x21, 0x24, 0x27, 0xff, 0x22, 0x25, 0x28, 0xff, 0x22, 0x26, 0x29, 0xff, 0x23, 0x27, 0x29, 0xff, 0x22, 0x22, 0x22, 0xff, 0x00, 0x00, 0x00, 0xff, 0x59, 0x69, 0x75, 0xff, 0x55, 0x68, 0x71, 0xff, 0x00, 0x00, 0x00, 0xff, 
  0x00, 0x00, 0x00, 0xff, 0x00, 0x00, 0x00, 0xff, 0x00, 0x00, 0x00, 0xff, 0x00, 0x00, 0x00, 0xff, 0x00, 0x00, 0x00, 0xff, 0x00, 0x00, 0x00, 0xff, 0x00, 0x00, 0x00, 0xff, 0x00, 0x00, 0x00, 0xff, 0x00, 0x00, 0x00, 0xff, 0x00, 0x00, 0x00, 0xff, 0x00, 0x00, 0x00, 0xff, 0x00, 0x00, 0x00, 0xff, 0x00, 0x00, 0x00, 0xff, 0x00, 0x00, 0x00, 0xff, 0x00, 0x00, 0x00, 0xff, 0x00, 0x00, 0x00, 0xff, 0x00, 0x00, 0x00, 0xff, 0x00, 0x00, 0x00, 0xff, 0x00, 0x00, 0x00, 0xff, 0x00, 0x00, 0x00, 0xff, 0x00, 0x00, 0x00, 0xff, 0x00, 0x00, 0x00, 0xff, 0x00, 0x00, 0x00, 0xff, 0x00, 0x00, 0x00, 0xff, 0x00, 0x00, 0x00, 0xff, 0x1a, 0x1a, 0x1a, 0xff, 0x0d, 0x0d, 0x1a, 0xff, 0x19, 0x19, 0x19, 0xff, 0x19, 0x19, 0x19, 0xff, 0x19, 0x19, 0x19, 0xff, 0x19, 0x19, 0x1d, 0xff, 0x19, 0x19, 0x1c, 0xff, 0x19, 0x1c, 0x1c, 0xff, 0x1b, 0x1b, 0x1e, 0xff, 0x1b, 0x1b, 0x1e, 0xff, 0x1b, 0x1d, 0x1f, 0xff, 0x1d, 0x1d, 0x21, 0xff, 0x1d, 0x1e, 0x20, 0xff, 0x1e, 0x20, 0x21, 0xff, 0x1e, 0x21, 0x23, 0xff, 0x1f, 0x20, 0x23, 0xff, 0x1e, 0x21, 0x24, 0xff, 0x20, 0x22, 0x25, 0xff, 0x20, 0x23, 0x26, 0xff, 0x20, 0x24, 0x26, 0xff, 0x21, 0x24, 0x27, 0xff, 0x22, 0x25, 0x28, 0xff, 0x22, 0x26, 0x29, 0xff, 0x23, 0x26, 0x29, 0xff, 0x22, 0x22, 0x22, 0xff, 0x00, 0x00, 0x00, 0xff, 0x59, 0x67, 0x72, 0xff, 0x55, 0x68, 0x71, 0xff, 0x00, 0x00, 0x00, 0xff, 
  0x00, 0x00, 0x00, 0xff, 0x00, 0x00, 0x00, 0xff, 0x00, 0x00, 0x00, 0xff, 0x00, 0x00, 0x00, 0xff, 0x00, 0x00, 0x00, 0xff, 0x00, 0x00, 0x00, 0xff, 0x00, 0x00, 0x00, 0xff, 0x00, 0x00, 0x00, 0xff, 0x00, 0x00, 0x00, 0xff, 0x00, 0x00, 0x00, 0xff, 0x00, 0x00, 0x00, 0xff, 0x00, 0x00, 0x00, 0xff, 0x00, 0x00, 0x00, 0xff, 0x00, 0x00, 0x00, 0xff, 0x00, 0x00, 0x00, 0xff, 0x00, 0x00, 0x00, 0xff, 0x00, 0x00, 0x00, 0xff, 0x00, 0x00, 0x00, 0xff, 0x00, 0x00, 0x00, 0xff, 0x00, 0x00, 0x00, 0xff, 0x00, 0x00, 0x00, 0xff, 0x00, 0x00, 0x00, 0xff, 0x00, 0x00, 0x00, 0xff, 0x00, 0x00, 0x00, 0xff, 0x00, 0x00, 0x00, 0xff, 0x00, 0x00, 0x1a, 0xff, 0x0d, 0x0d, 0x0d, 0xff, 0x19, 0x19, 0x19, 0xff, 0x19, 0x19, 0x19, 0xff, 0x14, 0x14, 0x19, 0xff, 0x19, 0x19, 0x1d, 0xff, 0x19, 0x19, 0x1c, 0xff, 0x19, 0x1c, 0x1c, 0xff, 0x1b, 0x1b, 0x1e, 0xff, 0x1b, 0x1b, 0x1e, 0xff, 0x1d, 0x1d, 0x1f, 0xff, 0x1d, 0x1d, 0x21, 0xff, 0x1d, 0x1e, 0x20, 0xff, 0x1e, 0x20, 0x21, 0xff, 0x1e, 0x1f, 0x23, 0xff, 0x1f, 0x20, 0x24, 0xff, 0x1e, 0x21, 0x24, 0xff, 0x20, 0x22, 0x25, 0xff, 0x20, 0x23, 0x26, 0xff, 0x20, 0x24, 0x26, 0xff, 0x21, 0x24, 0x27, 0xff, 0x22, 0x25, 0x28, 0xff, 0x22, 0x25, 0x29, 0xff, 0x22, 0x26, 0x29, 0xff, 0x22, 0x22, 0x22, 0xff, 0x00, 0x00, 0x00, 0xff, 0x5a, 0x69, 0x75, 0xff, 0x55, 0x5e, 0x71, 0xff, 0x00, 0x00, 0x00, 0xff, 
  0x00, 0x00, 0x00, 0xff, 0x00, 0x00, 0x00, 0xff, 0x00, 0x00, 0x00, 0xff, 0x00, 0x00, 0x00, 0xff, 0x00, 0x00, 0x00, 0xff, 0x00, 0x00, 0x00, 0xff, 0x00, 0x00, 0x00, 0xff, 0x00, 0x00, 0x00, 0xff, 0x00, 0x00, 0x00, 0xff, 0x00, 0x00, 0x00, 0xff, 0x00, 0x00, 0x00, 0xff, 0x00, 0x00, 0x00, 0xff, 0x00, 0x00, 0x00, 0xff, 0x00, 0x00, 0x00, 0xff, 0x00, 0x00, 0x00, 0xff, 0x00, 0x00, 0x00, 0xff, 0x00, 0x00, 0x00, 0xff, 0x00, 0x00, 0x00, 0xff, 0x00, 0x00, 0x00, 0xff, 0x00, 0x00, 0x00, 0xff, 0x00, 0x00, 0x00, 0xff, 0x00, 0x00, 0x00, 0xff, 0x00, 0x00, 0x00, 0xff, 0x00, 0x00, 0x00, 0xff, 0x00, 0x00, 0x00, 0xff, 0x1c, 0x1c, 0x1c, 0xff, 0x1a, 0x1a, 0x1a, 0xff, 0x11, 0x11, 0x1a, 0xff, 0x19, 0x19, 0x19, 0xff, 0x19, 0x19, 0x19, 0xff, 0x19, 0x19, 0x19, 0xff, 0x19, 0x19, 0x1c, 0xff, 0x19, 0x19, 0x1c, 0xff, 0x1b, 0x1b, 0x1e, 0xff, 0x1b, 0x1b, 0x1e, 0xff, 0x1b, 0x1d, 0x1f, 0xff, 0x1d, 0x1d, 0x21, 0xff, 0x1c, 0x1e, 0x20, 0xff, 0x1c, 0x1e, 0x21, 0xff, 0x1e, 0x1f, 0x23, 0xff, 0x1f, 0x20, 0x23, 0xff, 0x1e, 0x21, 0x24, 0xff, 0x1f, 0x22, 0x25, 0xff, 0x1f, 0x23, 0x26, 0xff, 0x20, 0x24, 0x26, 0xff, 0x21, 0x24, 0x27, 0xff, 0x22, 0x25, 0x27, 0xff, 0x22, 0x26, 0x29, 0xff, 0x23, 0x26, 0x29, 0xff, 0x22, 0x22, 0x22, 0xff, 0x00, 0x00, 0x00, 0xff, 0x5a, 0x69, 0x73, 0xff, 0x58, 0x62, 0x76, 0xff, 0x00, 0x00, 0x00, 0xff, 
  0x00, 0x00, 0x00, 0xff, 0x00, 0x00, 0x00, 0xff, 0x00, 0x00, 0x00, 0xff, 0x00, 0x00, 0x00, 0xff, 0x00, 0x00, 0x00, 0xff, 0x00, 0x00, 0x00, 0xff, 0x00, 0x00, 0x00, 0xff, 0x00, 0x00, 0x00, 0xff, 0x00, 0x00, 0x00, 0xff, 0x00, 0x00, 0x00, 0xff, 0x00, 0x00, 0x00, 0xff, 0x00, 0x00, 0x00, 0xff, 0x00, 0x00, 0x00, 0xff, 0x00, 0x00, 0x00, 0xff, 0x00, 0x00, 0x00, 0xff, 0x00, 0x00, 0x00, 0xff, 0x00, 0x00, 0x00, 0xff, 0x00, 0x00, 0x00, 0xff, 0x00, 0x00, 0x00, 0xff, 0x00, 0x00, 0x00, 0xff, 0x00, 0x00, 0x00, 0xff, 0x00, 0x00, 0x00, 0xff, 0x00, 0x00, 0x00, 0xff, 0x00, 0x00, 0x00, 0xff, 0x00, 0x00, 0x00, 0xff, 0x00, 0x00, 0x00, 0xff, 0x1a, 0x1a, 0x1a, 0xff, 0x19, 0x19, 0x19, 0xff, 0x13, 0x13, 0x19, 0xff, 0x19, 0x19, 0x19, 0xff, 0x19, 0x19, 0x1d, 0xff, 0x19, 0x19, 0x1c, 0xff, 0x19, 0x19, 0x1c, 0xff, 0x1b, 0x1b, 0x1e, 0xff, 0x1b, 0x1e, 0x20, 0xff, 0x1b, 0x1d, 0x1f, 0xff, 0x1b, 0x1d, 0x1f, 0xff, 0x1d, 0x1e, 0x20, 0xff, 0x1e, 0x20, 0x21, 0xff, 0x1e, 0x1f, 0x23, 0xff, 0x1f, 0x20, 0x23, 0xff, 0x1e, 0x21, 0x24, 0xff, 0x20, 0x22, 0x25, 0xff, 0x20, 0x23, 0x26, 0xff, 0x20, 0x24, 0x26, 0xff, 0x21, 0x24, 0x27, 0xff, 0x22, 0x25, 0x28, 0xff, 0x22, 0x25, 0x29, 0xff, 0x22, 0x26, 0x29, 0xff, 0x22, 0x22, 0x22, 0xff, 0x00, 0x00, 0x00, 0xff, 0x58, 0x68, 0x74, 0xff, 0x58, 0x62, 0x6c, 0xff, 0x00, 0x00, 0x00, 0xff, 
  0x00, 0x00, 0x00, 0xff, 0x00, 0x00, 0x00, 0xff, 0x00, 0x00, 0x00, 0xff, 0x00, 0x00, 0x00, 0xff, 0x00, 0x00, 0x00, 0xff, 0x00, 0x00, 0x00, 0xff, 0x00, 0x00, 0x00, 0xff, 0x00, 0x00, 0x00, 0xff, 0x00, 0x00, 0x00, 0xff, 0x00, 0x00, 0x00, 0xff, 0x00, 0x00, 0x00, 0xff, 0x00, 0x00, 0x00, 0xff, 0x00, 0x00, 0x00, 0xff, 0x00, 0x00, 0x00, 0xff, 0x00, 0x00, 0x00, 0xff, 0x00, 0x00, 0x00, 0xff, 0x00, 0x00, 0x00, 0xff, 0x00, 0x00, 0x00, 0xff, 0x00, 0x00, 0x00, 0xff, 0x00, 0x00, 0x00, 0xff, 0x00, 0x00, 0x00, 0xff, 0x00, 0x00, 0x00, 0xff, 0x00, 0x00, 0x00, 0xff, 0x00, 0x00, 0x00, 0xff, 0x00, 0x00, 0x00, 0xff, 0x1a, 0x1a, 0x1a, 0xff, 0x0d, 0x0d, 0x1a, 0xff, 0x11, 0x11, 0x1a, 0xff, 0x19, 0x19, 0x19, 0xff, 0x19, 0x19, 0x19, 0xff, 0x19, 0x19, 0x19, 0xff, 0x19, 0x19, 0x1c, 0xff, 0x19, 0x1c, 0x1c, 0xff, 0x1b, 0x1b, 0x1e, 0xff, 0x1b, 0x1b, 0x1e, 0xff, 0x1b, 0x1d, 0x1f, 0xff, 0x1d, 0x1f, 0x21, 0xff, 0x1d, 0x1e, 0x20, 0xff, 0x1c, 0x20, 0x21, 0xff, 0x1e, 0x1f, 0x23, 0xff, 0x1f, 0x20, 0x23, 0xff, 0x1e, 0x21, 0x24, 0xff, 0x20, 0x22, 0x25, 0xff, 0x1f, 0x23, 0x26, 0xff, 0x21, 0x24, 0x26, 0xff, 0x21, 0x24, 0x27, 0xff, 0x22, 0x25, 0x28, 0xff, 0x22, 0x26, 0x29, 0xff, 0x23, 0x26, 0x29, 0xff, 0x22, 0x22, 0x22, 0xff, 0x00, 0x00, 0x00, 0xff, 0x59, 0x67, 0x74, 0xff, 0x5c, 0x66, 0x70, 0xff, 0x00, 0x00, 0x00, 0xff, 
  0x00, 0x00, 0x00, 0xff, 0x00, 0x00, 0x00, 0xff, 0x00, 0x00, 0x00, 0xff, 0x00, 0x00, 0x00, 0xff, 0x00, 0x00, 0x00, 0xff, 0x00, 0x00, 0x00, 0xff, 0x00, 0x00, 0x00, 0xff, 0x00, 0x00, 0x00, 0xff, 0x00, 0x00, 0x00, 0xff, 0x00, 0x00, 0x00, 0xff, 0x00, 0x00, 0x00, 0xff, 0x00, 0x00, 0x00, 0xff, 0x00, 0x00, 0x00, 0xff, 0x00, 0x00, 0x00, 0xff, 0x00, 0x00, 0x00, 0xff, 0x00, 0x00, 0x00, 0xff, 0x00, 0x00, 0x00, 0xff, 0x00, 0x00, 0x00, 0xff, 0x00, 0x00, 0x00, 0xff, 0x00, 0x00, 0x00, 0xff, 0x00, 0x00, 0x00, 0xff, 0x00, 0x00, 0x00, 0xff, 0x00, 0x00, 0x00, 0xff, 0x00, 0x00, 0x00, 0xff, 0x00, 0x00, 0x00, 0xff, 0x00, 0x00, 0x1a, 0xff, 0x0d, 0x0d, 0x0d, 0xff, 0x19, 0x19, 0x19, 0xff, 0x19, 0x19, 0x19, 0xff, 0x19, 0x19, 0x19, 0xff, 0x19, 0x19, 0x19, 0xff, 0x19, 0x19, 0x1c, 0xff, 0x19, 0x1c, 0x1c, 0xff, 0x1b, 0x1b, 0x1e, 0xff, 0x1b, 0x1b, 0x1e, 0xff, 0x1b, 0x1d, 0x1f, 0xff, 0x1d, 0x1d, 0x21, 0xff, 0x1c, 0x1e, 0x22, 0xff, 0x1e, 0x20, 0x21, 0xff, 0x1e, 0x21, 0x23, 0xff, 0x1f, 0x20, 0x23, 0xff, 0x1e, 0x21, 0x24, 0xff, 0x20, 0x22, 0x25, 0xff, 0x20, 0x23, 0x26, 0xff, 0x20, 0x24, 0x26, 0xff, 0x21, 0x24, 0x27, 0xff, 0x22, 0x25, 0x27, 0xff, 0x22, 0x26, 0x29, 0xff, 0x23, 0x26, 0x29, 0xff, 0x22, 0x22, 0x22, 0xff, 0x00, 0x00, 0x00, 0xff, 0x59, 0x67, 0x74, 0xff, 0x52, 0x66, 0x70, 0xff, 0x00, 0x00, 0x00, 0xff, 
  0x00, 0x00, 0x00, 0xff, 0x00, 0x00, 0x00, 0xff, 0x00, 0x00, 0x00, 0xff, 0x00, 0x00, 0x00, 0xff, 0x00, 0x00, 0x00, 0xff, 0x00, 0x00, 0x00, 0xff, 0x00, 0x00, 0x00, 0xff, 0x00, 0x00, 0x00, 0xff, 0x00, 0x00, 0x00, 0xff, 0x00, 0x00, 0x00, 0xff, 0x00, 0x00, 0x00, 0xff, 0x00, 0x00, 0x00, 0xff, 0x00, 0x00, 0x00, 0xff, 0x00, 0x00, 0x00, 0xff, 0x00, 0x00, 0x00, 0xff, 0x00, 0x00, 0x00, 0xff, 0x00, 0x00, 0x00, 0xff, 0x00, 0x00, 0x00, 0xff, 0x00, 0x00, 0x00, 0xff, 0x00, 0x00, 0x00, 0xff, 0x00, 0x00, 0x00, 0xff, 0x00, 0x00, 0x00, 0xff, 0x00, 0x00, 0x00, 0xff, 0x00, 0x00, 0x00, 0xff, 0x00, 0x00, 0x00, 0xff, 0x00, 0x00, 0x00, 0xff, 0x1a, 0x1a, 0x1a, 0xff, 0x19, 0x19, 0x19, 0xff, 0x19, 0x19, 0x19, 0xff, 0x14, 0x14, 0x19, 0xff, 0x19, 0x19, 0x1d, 0xff, 0x19, 0x19, 0x1c, 0xff, 0x19, 0x1c, 0x1c, 0xff, 0x19, 0x1b, 0x1b, 0xff, 0x1b, 0x1e, 0x20, 0xff, 0x1b, 0x1d, 0x1f, 0xff, 0x1d, 0x1f, 0x21, 0xff, 0x1d, 0x1e, 0x20, 0xff, 0x1e, 0x20, 0x21, 0xff, 0x1e, 0x1f, 0x23, 0xff, 0x1f, 0x20, 0x24, 0xff, 0x1e, 0x21, 0x24, 0xff, 0x20, 0x22, 0x25, 0xff, 0x20, 0x23, 0x26, 0xff, 0x20, 0x24, 0x26, 0xff, 0x21, 0x24, 0x27, 0xff, 0x22, 0x25, 0x28, 0xff, 0x22, 0x26, 0x29, 0xff, 0x22, 0x26, 0x29, 0xff, 0x22, 0x22, 0x22, 0xff, 0x00, 0x00, 0x00, 0xff, 0x57, 0x66, 0x73, 0xff, 0x52, 0x66, 0x70, 0xff, 0x00, 0x00, 0x00, 0xff, 
  0x00, 0x00, 0x00, 0xff, 0x00, 0x00, 0x00, 0xff, 0x00, 0x00, 0x00, 0xff, 0x00, 0x00, 0x00, 0xff, 0x00, 0x00, 0x00, 0xff, 0x00, 0x00, 0x00, 0xff, 0x00, 0x00, 0x00, 0xff, 0x00, 0x00, 0x00, 0xff, 0x00, 0x00, 0x00, 0xff, 0x00, 0x00, 0x00, 0xff, 0x00, 0x00, 0x00, 0xff, 0x00, 0x00, 0x00, 0xff, 0x00, 0x00, 0x00, 0xff, 0x00, 0x00, 0x00, 0xff, 0x00, 0x00, 0x00, 0xff, 0x00, 0x00, 0x00, 0xff, 0x00, 0x00, 0x00, 0xff, 0x00, 0x00, 0x00, 0xff, 0x00, 0x00, 0x00, 0xff, 0x00, 0x00, 0x00, 0xff, 0x00, 0x00, 0x00, 0xff, 0x00, 0x00, 0x00, 0xff, 0x00, 0x00, 0x00, 0xff, 0x00, 0x00, 0x00, 0xff, 0x00, 0x00, 0x00, 0xff, 0x1a, 0x1a, 0x1a, 0xff, 0x1a, 0x1a, 0x1a, 0xff, 0x1a, 0x1a, 0x1a, 0xff, 0x13, 0x13, 0x19, 0xff, 0x19, 0x19, 0x19, 0xff, 0x19, 0x19, 0x19, 0xff, 0x19, 0x19, 0x1c, 0xff, 0x1c, 0x1c, 0x1c, 0xff, 0x1b, 0x1b, 0x1e, 0xff, 0x1b, 0x1b, 0x1e, 0xff, 0x1b, 0x1d, 0x1f, 0xff, 0x1d, 0x1d, 0x21, 0xff, 0x1c, 0x1e, 0x20, 0xff, 0x1e, 0x20, 0x21, 0xff, 0x1e, 0x1f, 0x23, 0xff, 0x1f, 0x20, 0x23, 0xff, 0x1e, 0x21, 0x24, 0xff, 0x1f, 0x22, 0x25, 0xff, 0x20, 0x23, 0x26, 0xff, 0x20, 0x24, 0x26, 0xff, 0x21, 0x24, 0x27, 0xff, 0x22, 0x25, 0x28, 0xff, 0x22, 0x26, 0x29, 0xff, 0x23, 0x27, 0x29, 0xff, 0x22, 0x22, 0x22, 0xff, 0x00, 0x00, 0x00, 0xff, 0x57, 0x66, 0x73, 0xff, 0x55, 0x6a, 0x75, 0xff, 0x00, 0x00, 0x00, 0xff, 
  0x00, 0x00, 0x00, 0xff, 0x00, 0x00, 0x00, 0xff, 0x00, 0x00, 0x00, 0xff, 0x00, 0x00, 0x00, 0xff, 0x00, 0x00, 0x00, 0xff, 0x00, 0x00, 0x00, 0xff, 0x00, 0x00, 0x00, 0xff, 0x00, 0x00, 0x00, 0xff, 0x00, 0x00, 0x00, 0xff, 0x00, 0x00, 0x00, 0xff, 0x00, 0x00, 0x00, 0xff, 0x00, 0x00, 0x00, 0xff, 0x00, 0x00, 0x00, 0xff, 0x00, 0x00, 0x00, 0xff, 0x00, 0x00, 0x00, 0xff, 0x00, 0x00, 0x00, 0xff, 0x00, 0x00, 0x00, 0xff, 0x00, 0x00, 0x00, 0xff, 0x00, 0x00, 0x00, 0xff, 0x00, 0x00, 0x00, 0xff, 0x00, 0x00, 0x00, 0xff, 0x00, 0x00, 0x00, 0xff, 0x00, 0x00, 0x00, 0xff, 0x00, 0x00, 0x00, 0xff, 0x00, 0x00, 0x00, 0xff, 0x1a, 0x1a, 0x1a, 0xff, 0x0d, 0x0d, 0x1a, 0xff, 0x19, 0x19, 0x19, 0xff, 0x19, 0x19, 0x19, 0xff, 0x19, 0x19, 0x19, 0xff, 0x19, 0x19, 0x1d, 0xff, 0x19, 0x19, 0x1c, 0xff, 0x19, 0x1c, 0x1c, 0xff, 0x1b, 0x1b, 0x1e, 0xff, 0x1b, 0x1b, 0x1e, 0xff, 0x1b, 0x1d, 0x1f, 0xff, 0x1d, 0x1d, 0x21, 0xff, 0x1d, 0x1e, 0x20, 0xff, 0x1e, 0x20, 0x21, 0xff, 0x1e, 0x21, 0x23, 0xff, 0x1f, 0x20, 0x23, 0xff, 0x1e, 0x21, 0x24, 0xff, 0x20, 0x22, 0x25, 0xff, 0x20, 0x23, 0x26, 0xff, 0x20, 0x24, 0x26, 0xff, 0x21, 0x24, 0x27, 0xff, 0x22, 0x25, 0x28, 0xff, 0x22, 0x26, 0x29, 0xff, 0x23, 0x26, 0x29, 0xff, 0x22, 0x22, 0x22, 0xff, 0x00, 0x00, 0x00, 0xff, 0x56, 0x66, 0x73, 0xff, 0x55, 0x60, 0x6a, 0xff, 0x00, 0x00, 0x00, 0xff, 
  0x00, 0x00, 0x00, 0xff, 0x00, 0x00, 0x00, 0xff, 0x00, 0x00, 0x00, 0xff, 0x00, 0x00, 0x00, 0xff, 0x00, 0x00, 0x00, 0xff, 0x00, 0x00, 0x00, 0xff, 0x00, 0x00, 0x00, 0xff, 0x00, 0x00, 0x00, 0xff, 0x00, 0x00, 0x00, 0xff, 0x00, 0x00, 0x00, 0xff, 0x00, 0x00, 0x00, 0xff, 0x00, 0x00, 0x00, 0xff, 0x00, 0x00, 0x00, 0xff, 0x00, 0x00, 0x00, 0xff, 0x00, 0x00, 0x00, 0xff, 0x00, 0x00, 0x00, 0xff, 0x00, 0x00, 0x00, 0xff, 0x00, 0x00, 0x00, 0xff, 0x00, 0x00, 0x00, 0xff, 0x00, 0x00, 0x00, 0xff, 0x00, 0x00, 0x00, 0xff, 0x00, 0x00, 0x00, 0xff, 0x00, 0x00, 0x00, 0xff, 0x00, 0x00, 0x00, 0xff, 0x00, 0x00, 0x00, 0xff, 0x00, 0x00, 0x1a, 0xff, 0x0d, 0x0d, 0x0d, 0xff, 0x19, 0x19, 0x19, 0xff, 0x19, 0x19, 0x19, 0xff, 0x14, 0x14, 0x19, 0xff, 0x19, 0x19, 0x1d, 0xff, 0x19, 0x19, 0x1c, 0xff, 0x19, 0x1c, 0x1c, 0xff, 0x1b, 0x1b, 0x1e, 0xff, 0x1b, 0x1b, 0x1e, 0xff, 0x1d, 0x1d, 0x1f, 0xff, 0x1d, 0x1d, 0x21, 0xff, 0x1d, 0x1e, 0x20, 0xff, 0x1e, 0x20, 0x21, 0xff, 0x1e, 0x1f, 0x23, 0xff, 0x1f, 0x20, 0x24, 0xff, 0x1e, 0x21, 0x24, 0xff, 0x20, 0x22, 0x25, 0xff, 0x20, 0x23, 0x26, 0xff, 0x20, 0x24, 0x26, 0xff, 0x21, 0x24, 0x27, 0xff, 0x22, 0x25, 0x28, 0xff, 0x22, 0x25, 0x29, 0xff, 0x22, 0x26, 0x29, 0xff, 0x22, 0x22, 0x22, 0xff, 0x00, 0x00, 0x00, 0xff, 0x58, 0x67, 0x73, 0xff, 0x59, 0x64, 0x6f, 0xff, 0x00, 0x00, 0x00, 0xff, 
  0x00, 0x00, 0x00, 0xff, 0x00, 0x00, 0x00, 0xff, 0x00, 0x00, 0x00, 0xff, 0x00, 0x00, 0x00, 0xff, 0x00, 0x00, 0x00, 0xff, 0x00, 0x00, 0x00, 0xff, 0x00, 0x00, 0x00, 0xff, 0x00, 0x00, 0x00, 0xff, 0x00, 0x00, 0x00, 0xff, 0x00, 0x00, 0x00, 0xff, 0x00, 0x00, 0x00, 0xff, 0x00, 0x00, 0x00, 0xff, 0x00, 0x00, 0x00, 0xff, 0x00, 0x00, 0x00, 0xff, 0x00, 0x00, 0x00, 0xff, 0x00, 0x00, 0x00, 0xff, 0x00, 0x00, 0x00, 0xff, 0x00, 0x00, 0x00, 0xff, 0x00, 0x00, 0x00, 0xff, 0x00, 0x00, 0x00, 0xff, 0x00, 0x00, 0x00, 0xff, 0x00, 0x00, 0x00, 0xff, 0x00, 0x00, 0x00, 0xff, 0x00, 0x00, 0x00, 0xff, 0x00, 0x00, 0x00, 0xff, 0x1c, 0x1c, 0x1c, 0xff, 0x1a, 0x1a, 0x1a, 0xff, 0x11, 0x11, 0x1a, 0xff, 0x19, 0x19, 0x19, 0xff, 0x19, 0x19, 0x19, 0xff, 0x19, 0x19, 0x19, 0xff, 0x19, 0x19, 0x1c, 0xff, 0x19, 0x19, 0x1c, 0xff, 0x1b, 0x1b, 0x1e, 0xff, 0x1b, 0x1b, 0x1e, 0xff, 0x1b, 0x1d, 0x1f, 0xff, 0x1d, 0x1d, 0x21, 0xff, 0x1c, 0x1e, 0x20, 0xff, 0x1c, 0x1e, 0x21, 0xff, 0x1e, 0x1f, 0x23, 0xff, 0x1f, 0x20, 0x23, 0xff, 0x1e, 0x21, 0x24, 0xff, 0x1f, 0x22, 0x25, 0xff, 0x1f, 0x23, 0x26, 0xff, 0x20, 0x24, 0x26, 0xff, 0x21, 0x24, 0x27, 0xff, 0x22, 0x25, 0x27, 0xff, 0x22, 0x26, 0x29, 0xff, 0x23, 0x26, 0x29, 0xff, 0x22, 0x22, 0x22, 0xff, 0x00, 0x00, 0x00, 0xff, 0x58, 0x66, 0x72, 0xff, 0x59, 0x64, 0x6f, 0xff, 0x00, 0x00, 0x00, 0xff, 
  0x00, 0x00, 0x00, 0xff, 0x00, 0x00, 0x00, 0xff, 0x00, 0x00, 0x00, 0xff, 0x00, 0x00, 0x00, 0xff, 0x00, 0x00, 0x00, 0xff, 0x00, 0x00, 0x00, 0xff, 0x00, 0x00, 0x00, 0xff, 0x00, 0x00, 0x00, 0xff, 0x00, 0x00, 0x00, 0xff, 0x00, 0x00, 0x00, 0xff, 0x00, 0x00, 0x00, 0xff, 0x00, 0x00, 0x00, 0xff, 0x00, 0x00, 0x00, 0xff, 0x00, 0x00, 0x00, 0xff, 0x00, 0x00, 0x00, 0xff, 0x00, 0x00, 0x00, 0xff, 0x00, 0x00, 0x00, 0xff, 0x00, 0x00, 0x00, 0xff, 0x00, 0x00, 0x00, 0xff, 0x00, 0x00, 0x00, 0xff, 0x00, 0x00, 0x00, 0xff, 0x00, 0x00, 0x00, 0xff, 0x00, 0x00, 0x00, 0xff, 0x00, 0x00, 0x00, 0xff, 0x00, 0x00, 0x00, 0xff, 0x00, 0x00, 0x00, 0xff, 0x1a, 0x1a, 0x1a, 0xff, 0x19, 0x19, 0x19, 0xff, 0x13, 0x13, 0x19, 0xff, 0x19, 0x19, 0x19, 0xff, 0x19, 0x19, 0x1d, 0xff, 0x19, 0x19, 0x1c, 0xff, 0x19, 0x19, 0x1c, 0xff, 0x1b, 0x1b, 0x1e, 0xff, 0x1b, 0x1e, 0x20, 0xff, 0x1b, 0x1d, 0x1f, 0xff, 0x1b, 0x1d, 0x1f, 0xff, 0x1d, 0x1e, 0x20, 0xff, 0x1e, 0x20, 0x21, 0xff, 0x1e, 0x1f, 0x23, 0xff, 0x1f, 0x20, 0x23, 0xff, 0x1e, 0x21, 0x24, 0xff, 0x20, 0x22, 0x25, 0xff, 0x20, 0x23, 0x26, 0xff, 0x20, 0x24, 0x26, 0xff, 0x21, 0x24, 0x27, 0xff, 0x22, 0x25, 0x28, 0xff, 0x22, 0x25, 0x29, 0xff, 0x22, 0x26, 0x29, 0xff, 0x22, 0x22, 0x22, 0xff, 0x00, 0x00, 0x00, 0xff, 0x57, 0x65, 0x71, 0xff, 0x5d, 0x68, 0x74, 0xff, 0x00, 0x00, 0x00, 0xff, 
  0x00, 0x00, 0x00, 0xff, 0x00, 0x00, 0x00, 0xff, 0x00, 0x00, 0x00, 0xff, 0x00, 0x00, 0x00, 0xff, 0x00, 0x00, 0x00, 0xff, 0x00, 0x00, 0x00, 0xff, 0x00, 0x00, 0x00, 0xff, 0x00, 0x00, 0x00, 0xff, 0x00, 0x00, 0x00, 0xff, 0x00, 0x00, 0x00, 0xff, 0x00, 0x00, 0x00, 0xff, 0x00, 0x00, 0x00, 0xff, 0x00, 0x00, 0x00, 0xff, 0x00, 0x00, 0x00, 0xff, 0x00, 0x00, 0x00, 0xff, 0x00, 0x00, 0x00, 0xff, 0x00, 0x00, 0x00, 0xff, 0x00, 0x00, 0x00, 0xff, 0x00, 0x00, 0x00, 0xff, 0x00, 0x00, 0x00, 0xff, 0x00, 0x00, 0x00, 0xff, 0x00, 0x00, 0x00, 0xff, 0x00, 0x00, 0x00, 0xff, 0x00, 0x00, 0x00, 0xff, 0x00, 0x00, 0x00, 0xff, 0x1a, 0x1a, 0x1a, 0xff, 0x0d, 0x0d, 0x1a, 0xff, 0x11, 0x11, 0x1a, 0xff, 0x19, 0x19, 0x19, 0xff, 0x19, 0x19, 0x19, 0xff, 0x19, 0x19, 0x19, 0xff, 0x19, 0x19, 0x1c, 0xff, 0x19, 0x1c, 0x1c, 0xff, 0x1b, 0x1b, 0x1e, 0xff, 0x1b, 0x1b, 0x1e, 0xff, 0x1b, 0x1d, 0x1f, 0xff, 0x1d, 0x1f, 0x21, 0xff, 0x1d, 0x1e, 0x20, 0xff, 0x1c, 0x20, 0x21, 0xff, 0x1e, 0x1f, 0x23, 0xff, 0x1f, 0x20, 0x23, 0xff, 0x1e, 0x21, 0x24, 0xff, 0x20, 0x22, 0x25, 0xff, 0x1f, 0x23, 0x26, 0xff, 0x21, 0x24, 0x26, 0xff, 0x21, 0x24, 0x27, 0xff, 0x22, 0x25, 0x28, 0xff, 0x22, 0x26, 0x29, 0xff, 0x23, 0x26, 0x29, 0xff, 0x22, 0x22, 0x22, 0xff, 0x00, 0x00, 0x00, 0xff, 0x56, 0x65, 0x71, 0xff, 0x51, 0x68, 0x74, 0xff, 0x00, 0x00, 0x00, 0xff, 
  0x00, 0x00, 0x00, 0xff, 0x00, 0x00, 0x00, 0xff, 0x00, 0x00, 0x00, 0xff, 0x00, 0x00, 0x00, 0xff, 0x00, 0x00, 0x00, 0xff, 0x00, 0x00, 0x00, 0xff, 0x00, 0x00, 0x00, 0xff, 0x00, 0x00, 0x00, 0xff, 0x00, 0x00, 0x00, 0xff, 0x00, 0x00, 0x00, 0xff, 0x00, 0x00, 0x00, 0xff, 0x00, 0x00, 0x00, 0xff, 0x00, 0x00, 0x00, 0xff, 0x00, 0x00, 0x00, 0xff, 0x00, 0x00, 0x00, 0xff, 0x00, 0x00, 0x00, 0xff, 0x00, 0x00, 0x00, 0xff, 0x00, 0x00, 0x00, 0xff, 0x00, 0x00, 0x00, 0xff, 0x00, 0x00, 0x00, 0xff, 0x00, 0x00, 0x00, 0xff, 0x00, 0x00, 0x00, 0xff, 0x00, 0x00, 0x00, 0xff, 0x00, 0x00, 0x00, 0xff, 0x00, 0x00, 0x00, 0xff, 0x00, 0x00, 0x1a, 0xff, 0x0d, 0x0d, 0x0d, 0xff, 0x19, 0x19, 0x19, 0xff, 0x19, 0x19, 0x19, 0xff, 0x19, 0x19, 0x19, 0xff, 0x19, 0x19, 0x19, 0xff, 0x19, 0x19, 0x1c, 0xff, 0x19, 0x1c, 0x1c, 0xff, 0x1b, 0x1b, 0x1e, 0xff, 0x1b, 0x1b, 0x1e, 0xff, 0x1b, 0x1d, 0x1f, 0xff, 0x1d, 0x1d, 0x21, 0xff, 0x1c, 0x1e, 0x22, 0xff, 0x1e, 0x20, 0x21, 0xff, 0x1e, 0x21, 0x23, 0xff, 0x1f, 0x20, 0x23, 0xff, 0x1e, 0x21, 0x24, 0xff, 0x20, 0x22, 0x25, 0xff, 0x20, 0x23, 0x26, 0xff, 0x20, 0x24, 0x26, 0xff, 0x21, 0x24, 0x27, 0xff, 0x22, 0x25, 0x27, 0xff, 0x22, 0x26, 0x29, 0xff, 0x23, 0x26, 0x29, 0xff, 0x22, 0x22, 0x22, 0xff, 0x00, 0x00, 0x00, 0xff, 0x58, 0x64, 0x71, 0xff, 0x51, 0x68, 0x74, 0xff, 0x00, 0x00, 0x00, 0xff, 
  0x00, 0x00, 0x00, 0xff, 0x00, 0x00, 0x00, 0xff, 0x00, 0x00, 0x00, 0xff, 0x00, 0x00, 0x00, 0xff, 0x00, 0x00, 0x00, 0xff, 0x00, 0x00, 0x00, 0xff, 0x00, 0x00, 0x00, 0xff, 0x00, 0x00, 0x00, 0xff, 0x00, 0x00, 0x00, 0xff, 0x00, 0x00, 0x00, 0xff, 0x00, 0x00, 0x00, 0xff, 0x00, 0x00, 0x00, 0xff, 0x00, 0x00, 0x00, 0xff, 0x00, 0x00, 0x00, 0xff, 0x00, 0x00, 0x00, 0xff, 0x00, 0x00, 0x00, 0xff, 0x00, 0x00, 0x00, 0xff, 0x00, 0x00, 0x00, 0xff, 0x00, 0x00, 0x00, 0xff, 0x00, 0x00, 0x00, 0xff, 0x00, 0x00, 0x00, 0xff, 0x00, 0x00, 0x00, 0xff, 0x00, 0x00, 0x00, 0xff, 0x00, 0x00, 0x00, 0xff, 0x00, 0x00, 0x00, 0xff, 0x00, 0x00, 0x00, 0xff, 0x1a, 0x1a, 0x1a, 0xff, 0x19, 0x19, 0x19, 0xff, 0x19, 0x19, 0x19, 0xff, 0x14, 0x14, 0x19, 0xff, 0x19, 0x19, 0x1d, 0xff, 0x19, 0x19, 0x1c, 0xff, 0x19, 0x1c, 0x1c, 0xff, 0x19, 0x1b, 0x1b, 0xff, 0x1b, 0x1e, 0x20, 0xff, 0x1b, 0x1d, 0x1f, 0xff, 0x1d, 0x1f, 0x21, 0xff, 0x1d, 0x1e, 0x20, 0xff, 0x1e, 0x20, 0x21, 0xff, 0x1e, 0x1f, 0x23, 0xff, 0x1f, 0x20, 0x24, 0xff, 0x1e, 0x21, 0x24, 0xff, 0x20, 0x22, 0x25, 0xff, 0x20, 0x23, 0x26, 0xff, 0x20, 0x24, 0x26, 0xff, 0x21, 0x24, 0x27, 0xff, 0x22, 0x25, 0x28, 0xff, 0x22, 0x26, 0x29, 0xff, 0x22, 0x26, 0x29, 0xff, 0x22, 0x22, 0x22, 0xff, 0x00, 0x00, 0x00, 0xff, 0x57, 0x66, 0x71, 0xff, 0x55, 0x61, 0x6d, 0xff, 0x00, 0x00, 0x00, 0xff, 
  0x00, 0x00, 0x00, 0xff, 0x00, 0x00, 0x00, 0xff, 0x00, 0x00, 0x00, 0xff, 0x00, 0x00, 0x00, 0xff, 0x00, 0x00, 0x00, 0xff, 0x00, 0x00, 0x00, 0xff, 0x00, 0x00, 0x00, 0xff, 0x00, 0x00, 0x00, 0xff, 0x00, 0x00, 0x00, 0xff, 0x00, 0x00, 0x00, 0xff, 0x00, 0x00, 0x00, 0xff, 0x00, 0x00, 0x00, 0xff, 0x00, 0x00, 0x00, 0xff, 0x00, 0x00, 0x00, 0xff, 0x00, 0x00, 0x00, 0xff, 0x00, 0x00, 0x00, 0xff, 0x00, 0x00, 0x00, 0xff, 0x00, 0x00, 0x00, 0xff, 0x00, 0x00, 0x00, 0xff, 0x00, 0x00, 0x00, 0xff, 0x00, 0x00, 0x00, 0xff, 0x00, 0x00, 0x00, 0xff, 0x00, 0x00, 0x00, 0xff, 0x00, 0x00, 0x00, 0xff, 0x00, 0x00, 0x00, 0xff, 0x1a, 0x1a, 0x1a, 0xff, 0x1a, 0x1a, 0x1a, 0xff, 0x1a, 0x1a, 0x1a, 0xff, 0x13, 0x13, 0x19, 0xff, 0x19, 0x19, 0x19, 0xff, 0x19, 0x19, 0x19, 0xff, 0x19, 0x19, 0x1c, 0xff, 0x1c, 0x1c, 0x1c, 0xff, 0x1b, 0x1b, 0x1e, 0xff, 0x1b, 0x1b, 0x1e, 0xff, 0x1b, 0x1d, 0x1f, 0xff, 0x1d, 0x1d, 0x21, 0xff, 0x1c, 0x1e, 0x20, 0xff, 0x1e, 0x20, 0x21, 0xff, 0x1e, 0x1f, 0x23, 0xff, 0x1f, 0x20, 0x23, 0xff, 0x1e, 0x21, 0x24, 0xff, 0x1f, 0x22, 0x25, 0xff, 0x20, 0x23, 0x26, 0xff, 0x20, 0x24, 0x26, 0xff, 0x21, 0x24, 0x27, 0xff, 0x22, 0x25, 0x28, 0xff, 0x22, 0x26, 0x29, 0xff, 0x23, 0x27, 0x29, 0xff, 0x22, 0x22, 0x22, 0xff, 0x00, 0x00, 0x00, 0xff, 0x57, 0x64, 0x71, 0xff, 0x55, 0x61, 0x6d, 0xff, 0x00, 0x00, 0x00, 0xff, 
  0x00, 0x00, 0x00, 0xff, 0x00, 0x00, 0x00, 0xff, 0x00, 0x00, 0x00, 0xff, 0x00, 0x00, 0x00, 0xff, 0x00, 0x00, 0x00, 0xff, 0x00, 0x00, 0x00, 0xff, 0x00, 0x00, 0x00, 0xff, 0x00, 0x00, 0x00, 0xff, 0x00, 0x00, 0x00, 0xff, 0x00, 0x00, 0x00, 0xff, 0x00, 0x00, 0x00, 0xff, 0x00, 0x00, 0x00, 0xff, 0x00, 0x00, 0x00, 0xff, 0x00, 0x00, 0x00, 0xff, 0x00, 0x00, 0x00, 0xff, 0x00, 0x00, 0x00, 0xff, 0x00, 0x00, 0x00, 0xff, 0x00, 0x00, 0x00, 0xff, 0x00, 0x00, 0x00, 0xff, 0x00, 0x00, 0x00, 0xff, 0x00, 0x00, 0x00, 0xff, 0x00, 0x00, 0x00, 0xff, 0x00, 0x00, 0x00, 0xff, 0x00, 0x00, 0x00, 0xff, 0x00, 0x00, 0x00, 0xff, 0x1a, 0x1a, 0x1a, 0xff, 0x0d, 0x0d, 0x1a, 0xff, 0x19, 0x19, 0x19, 0xff, 0x19, 0x19, 0x19, 0xff, 0x19, 0x19, 0x19, 0xff, 0x19, 0x19, 0x1d, 0xff, 0x19, 0x19, 0x1c, 0xff, 0x19, 0x1c, 0x1c, 0xff, 0x1b, 0x1b, 0x1e, 0xff, 0x1b, 0x1b, 0x1e, 0xff, 0x1b, 0x1d, 0x1f, 0xff, 0x1d, 0x1d, 0x21, 0xff, 0x1d, 0x1e, 0x20, 0xff, 0x1e, 0x20, 0x21, 0xff, 0x1e, 0x21, 0x23, 0xff, 0x1f, 0x20, 0x23, 0xff, 0x1e, 0x21, 0x24, 0xff, 0x20, 0x22, 0x25, 0xff, 0x20, 0x23, 0x26, 0xff, 0x20, 0x24, 0x26, 0xff, 0x21, 0x24, 0x27, 0xff, 0x22, 0x25, 0x28, 0xff, 0x22, 0x26, 0x29, 0xff, 0x23, 0x26, 0x29, 0xff, 0x22, 0x22, 0x22, 0xff, 0x00, 0x00, 0x00, 0xff, 0x56, 0x64, 0x71, 0xff, 0x55, 0x61, 0x6d, 0xff, 0x00, 0x00, 0x00, 0xff, 
  0x00, 0x00, 0x00, 0xff, 0x00, 0x00, 0x00, 0xff, 0x00, 0x00, 0x00, 0xff, 0x00, 0x00, 0x00, 0xff, 0x00, 0x00, 0x00, 0xff, 0x00, 0x00, 0x00, 0xff, 0x00, 0x00, 0x00, 0xff, 0x00, 0x00, 0x00, 0xff, 0x00, 0x00, 0x00, 0xff, 0x00, 0x00, 0x00, 0xff, 0x00, 0x00, 0x00, 0xff, 0x00, 0x00, 0x00, 0xff, 0x00, 0x00, 0x00, 0xff, 0x00, 0x00, 0x00, 0xff, 0x00, 0x00, 0x00, 0xff, 0x00, 0x00, 0x00, 0xff, 0x00, 0x00, 0x00, 0xff, 0x00, 0x00, 0x00, 0xff, 0x00, 0x00, 0x00, 0xff, 0x00, 0x00, 0x00, 0xff, 0x00, 0x00, 0x00, 0xff, 0x00, 0x00, 0x00, 0xff, 0x00, 0x00, 0x00, 0xff, 0x00, 0x00, 0x00, 0xff, 0x00, 0x00, 0x00, 0xff, 0x00, 0x00, 0x1a, 0xff, 0x0d, 0x0d, 0x0d, 0xff, 0x19, 0x19, 0x19, 0xff, 0x19, 0x19, 0x19, 0xff, 0x14, 0x14, 0x19, 0xff, 0x19, 0x19, 0x1d, 0xff, 0x19, 0x19, 0x1c, 0xff, 0x19, 0x1c, 0x1c, 0xff, 0x1b, 0x1b, 0x1e, 0xff, 0x1b, 0x1b, 0x1e, 0xff, 0x1d, 0x1d, 0x1f, 0xff, 0x1d, 0x1d, 0x21, 0xff, 0x1d, 0x1e, 0x20, 0xff, 0x1e, 0x20, 0x21, 0xff, 0x1e, 0x1f, 0x23, 0xff, 0x1f, 0x20, 0x24, 0xff, 0x1e, 0x21, 0x24, 0xff, 0x20, 0x22, 0x25, 0xff, 0x20, 0x23, 0x26, 0xff, 0x20, 0x24, 0x26, 0xff, 0x21, 0x24, 0x27, 0xff, 0x22, 0x25, 0x28, 0xff, 0x22, 0x25, 0x29, 0xff, 0x22, 0x26, 0x29, 0xff, 0x22, 0x22, 0x22, 0xff, 0x00, 0x00, 0x00, 0xff, 0x58, 0x66, 0x71, 0xff, 0x59, 0x66, 0x73, 0xff, 0x00, 0x00, 0x00, 0xff, 
  0x00, 0x00, 0x00, 0xff, 0x00, 0x00, 0x00, 0xff, 0x00, 0x00, 0x00, 0xff, 0x00, 0x00, 0x00, 0xff, 0x00, 0x00, 0x00, 0xff, 0x00, 0x00, 0x00, 0xff, 0x00, 0x00, 0x00, 0xff, 0x00, 0x00, 0x00, 0xff, 0x00, 0x00, 0x00, 0xff, 0x00, 0x00, 0x00, 0xff, 0x00, 0x00, 0x00, 0xff, 0x00, 0x00, 0x00, 0xff, 0x00, 0x00, 0x00, 0xff, 0x00, 0x00, 0x00, 0xff, 0x00, 0x00, 0x00, 0xff, 0x00, 0x00, 0x00, 0xff, 0x00, 0x00, 0x00, 0xff, 0x00, 0x00, 0x00, 0xff, 0x00, 0x00, 0x00, 0xff, 0x00, 0x00, 0x00, 0xff, 0x00, 0x00, 0x00, 0xff, 0x00, 0x00, 0x00, 0xff, 0x00, 0x00, 0x00, 0xff, 0x00, 0x00, 0x00, 0xff, 0x00, 0x00, 0x00, 0xff, 0x1c, 0x1c, 0x1c, 0xff, 0x1a, 0x1a, 0x1a, 0xff, 0x11, 0x11, 0x1a, 0xff, 0x19, 0x19, 0x19, 0xff, 0x19, 0x19, 0x19, 0xff, 0x19, 0x19, 0x19, 0xff, 0x19, 0x19, 0x1c, 0xff, 0x19, 0x19, 0x1c, 0xff, 0x1b, 0x1b, 0x1e, 0xff, 0x1b, 0x1b, 0x1e, 0xff, 0x1b, 0x1d, 0x1f, 0xff, 0x1d, 0x1d, 0x21, 0xff, 0x1c, 0x1e, 0x20, 0xff, 0x1c, 0x1e, 0x21, 0xff, 0x1e, 0x1f, 0x23, 0xff, 0x1f, 0x20, 0x23, 0xff, 0x1e, 0x21, 0x24, 0xff, 0x1f, 0x22, 0x25, 0xff, 0x1f, 0x23, 0x26, 0xff, 0x20, 0x24, 0x26, 0xff, 0x21, 0x24, 0x27, 0xff, 0x22, 0x25, 0x27, 0xff, 0x22, 0x26, 0x29, 0xff, 0x23, 0x26, 0x29, 0xff, 0x22, 0x22, 0x22, 0xff, 0x00, 0x00, 0x00, 0xff, 0x57, 0x65, 0x71, 0xff, 0x59, 0x66, 0x73, 0xff, 0x00, 0x00, 0x00, 0xff, 
  0x00, 0x00, 0x00, 0xff, 0x00, 0x00, 0x00, 0xff, 0x00, 0x00, 0x00, 0xff, 0x00, 0x00, 0x00, 0xff, 0x00, 0x00, 0x00, 0xff, 0x00, 0x00, 0x00, 0xff, 0x00, 0x00, 0x00, 0xff, 0x00, 0x00, 0x00, 0xff, 0x00, 0x00, 0x00, 0xff, 0x00, 0x00, 0x00, 0xff, 0x00, 0x00, 0x00, 0xff, 0x00, 0x00, 0x00, 0xff, 0x00, 0x00, 0x00, 0xff, 0x00, 0x00, 0x00, 0xff, 0x00, 0x00, 0x00, 0xff, 0x00, 0x00, 0x00, 0xff, 0x00, 0x00, 0x00, 0xff, 0x00, 0x00, 0x00, 0xff, 0x00, 0x00, 0x00, 0xff, 0x00, 0x00, 0x00, 0xff, 0x00, 0x00, 0x00, 0xff, 0x00, 0x00, 0x00, 0xff, 0x00, 0x00, 0x00, 0xff, 0x00, 0x00, 0x00, 0xff, 0x00, 0x00, 0x00, 0xff, 0x00, 0x00, 0x00, 0xff, 0x1a, 0x1a, 0x1a, 0xff, 0x19, 0x19, 0x19, 0xff, 0x13, 0x13, 0x19, 0xff, 0x19, 0x19, 0x19, 0xff, 0x19, 0x19, 0x1d, 0xff, 0x19, 0x19, 0x1c, 0xff, 0x19, 0x19, 0x1c, 0xff, 0x1b, 0x1b, 0x1e, 0xff, 0x1b, 0x1e, 0x20, 0xff, 0x1b, 0x1d, 0x1f, 0xff, 0x1b, 0x1d, 0x1f, 0xff, 0x1d, 0x1e, 0x20, 0xff, 0x1e, 0x20, 0x21, 0xff, 0x1e, 0x1f, 0x23, 0xff, 0x1f, 0x20, 0x23, 0xff, 0x1e, 0x21, 0x24, 0xff, 0x20, 0x22, 0x25, 0xff, 0x20, 0x23, 0x26, 0xff, 0x20, 0x24, 0x26, 0xff, 0x21, 0x24, 0x27, 0xff, 0x22, 0x25, 0x28, 0xff, 0x22, 0x25, 0x29, 0xff, 0x22, 0x26, 0x29, 0xff, 0x22, 0x22, 0x22, 0xff, 0x00, 0x00, 0x00, 0xff, 0x57, 0x66, 0x71, 0xff, 0x51, 0x6b, 0x6b, 0xff, 0x00, 0x00, 0x00, 0xff, 
  0x00, 0x00, 0x00, 0xff, 0x00, 0x00, 0x00, 0xff, 0x00, 0x00, 0x00, 0xff, 0x00, 0x00, 0x00, 0xff, 0x00, 0x00, 0x00, 0xff, 0x00, 0x00, 0x00, 0xff, 0x00, 0x00, 0x00, 0xff, 0x00, 0x00, 0x00, 0xff, 0x00, 0x00, 0x00, 0xff, 0x00, 0x00, 0x00, 0xff, 0x00, 0x00, 0x00, 0xff, 0x00, 0x00, 0x00, 0xff, 0x00, 0x00, 0x00, 0xff, 0x00, 0x00, 0x00, 0xff, 0x00, 0x00, 0x00, 0xff, 0x00, 0x00, 0x00, 0xff, 0x00, 0x00, 0x00, 0xff, 0x00, 0x00, 0x00, 0xff, 0x00, 0x00, 0x00, 0xff, 0x00, 0x00, 0x00, 0xff, 0x00, 0x00, 0x00, 0xff, 0x00, 0x00, 0x00, 0xff, 0x00, 0x00, 0x00, 0xff, 0x00, 0x00, 0x00, 0xff, 0x00, 0x00, 0x00, 0xff, 0x1a, 0x1a, 0x1a, 0xff, 0x0d, 0x0d, 0x1a, 0xff, 0x11, 0x11, 0x1a, 0xff, 0x19, 0x19, 0x19, 0xff, 0x19, 0x19, 0x19, 0xff, 0x19, 0x19, 0x19, 0xff, 0x19, 0x19, 0x1c, 0xff, 0x19, 0x1c, 0x1c, 0xff, 0x1b, 0x1b, 0x1e, 0xff, 0x1b, 0x1b, 0x1e, 0xff, 0x1b, 0x1d, 0x1f, 0xff, 0x1d, 0x1f, 0x21, 0xff, 0x1d, 0x1e, 0x20, 0xff, 0x1c, 0x20, 0x21, 0xff, 0x1e, 0x1f, 0x23, 0xff, 0x1f, 0x20, 0x23, 0xff, 0x1e, 0x21, 0x24, 0xff, 0x20, 0x22, 0x25, 0xff, 0x1f, 0x23, 0x26, 0xff, 0x21, 0x24, 0x26, 0xff, 0x21, 0x24, 0x27, 0xff, 0x22, 0x25, 0x28, 0xff, 0x22, 0x26, 0x29, 0xff, 0x23, 0x26, 0x29, 0xff, 0x22, 0x22, 0x22, 0xff, 0x00, 0x00, 0x00, 0xff, 0x59, 0x65, 0x71, 0xff, 0x51, 0x5e, 0x6b, 0xff, 0x00, 0x00, 0x00, 0xff, 
  0x00, 0x00, 0x00, 0xff, 0x00, 0x00, 0x00, 0xff, 0x00, 0x00, 0x00, 0xff, 0x00, 0x00, 0x00, 0xff, 0x00, 0x00, 0x00, 0xff, 0x00, 0x00, 0x00, 0xff, 0x00, 0x00, 0x00, 0xff, 0x00, 0x00, 0x00, 0xff, 0x00, 0x00, 0x00, 0xff, 0x00, 0x00, 0x00, 0xff, 0x00, 0x00, 0x00, 0xff, 0x00, 0x00, 0x00, 0xff, 0x00, 0x00, 0x00, 0xff, 0x00, 0x00, 0x00, 0xff, 0x00, 0x00, 0x00, 0xff, 0x00, 0x00, 0x00, 0xff, 0x00, 0x00, 0x00, 0xff, 0x00, 0x00, 0x00, 0xff, 0x00, 0x00, 0x00, 0xff, 0x00, 0x00, 0x00, 0xff, 0x00, 0x00, 0x00, 0xff, 0x00, 0x00, 0x00, 0xff, 0x00, 0x00, 0x00, 0xff, 0x00, 0x00, 0x00, 0xff, 0x00, 0x00, 0x00, 0xff, 0x00, 0x00, 0x1a, 0xff, 0x0d, 0x0d, 0x0d, 0xff, 0x19, 0x19, 0x19, 0xff, 0x19, 0x19, 0x19, 0xff, 0x19, 0x19, 0x19, 0xff, 0x19, 0x19, 0x19, 0xff, 0x19, 0x19, 0x1c, 0xff, 0x19, 0x1c, 0x1c, 0xff, 0x1b, 0x1b, 0x1e, 0xff, 0x1b, 0x1b, 0x1e, 0xff, 0x1b, 0x1d, 0x1f, 0xff, 0x1d, 0x1d, 0x21, 0xff, 0x1c, 0x1e, 0x22, 0xff, 0x1e, 0x20, 0x21, 0xff, 0x1e, 0x21, 0x23, 0xff, 0x1f, 0x20, 0x23, 0xff, 0x1e, 0x21, 0x24, 0xff, 0x20, 0x22, 0x25, 0xff, 0x20, 0x23, 0x26, 0xff, 0x20, 0x24, 0x26, 0xff, 0x21, 0x24, 0x27, 0xff, 0x22, 0x25, 0x27, 0xff, 0x22, 0x26, 0x29, 0xff, 0x23, 0x26, 0x29, 0xff, 0x22, 0x22, 0x22, 0xff, 0x00, 0x00, 0x00, 0xff, 0x58, 0x67, 0x71, 0xff, 0x51, 0x5e, 0x6b, 0xff, 0x00, 0x00, 0x00, 0xff, 
  0x00, 0x00, 0x00, 0xff, 0x00, 0x00, 0x00, 0xff, 0x00, 0x00, 0x00, 0xff, 0x00, 0x00, 0x00, 0xff, 0x00, 0x00, 0x00, 0xff, 0x00, 0x00, 0x00, 0xff, 0x00, 0x00, 0x00, 0xff, 0x00, 0x00, 0x00, 0xff, 0x00, 0x00, 0x00, 0xff, 0x00, 0x00, 0x00, 0xff, 0x00, 0x00, 0x00, 0xff, 0x00, 0x00, 0x00, 0xff, 0x00, 0x00, 0x00, 0xff, 0x00, 0x00, 0x00, 0xff, 0x00, 0x00, 0x00, 0xff, 0x00, 0x00, 0x00, 0xff, 0x00, 0x00, 0x00, 0xff, 0x00, 0x00, 0x00, 0xff, 0x00, 0x00, 0x00, 0xff, 0x00, 0x00, 0x00, 0xff, 0x00, 0x00, 0x00, 0xff, 0x00, 0x00, 0x00, 0xff, 0x00, 0x00, 0x00, 0xff, 0x00, 0x00, 0x00, 0xff, 0x00, 0x00, 0x00, 0xff, 0x00, 0x00, 0x00, 0xff, 0x1a, 0x1a, 0x1a, 0xff, 0x19, 0x19, 0x19, 0xff, 0x19, 0x19, 0x19, 0xff, 0x14, 0x14, 0x19, 0xff, 0x19, 0x19, 0x1d, 0xff, 0x19, 0x19, 0x1c, 0xff, 0x19, 0x1c, 0x1c, 0xff, 0x19, 0x1b, 0x1b, 0xff, 0x1b, 0x1e, 0x20, 0xff, 0x1b, 0x1d, 0x1f, 0xff, 0x1d, 0x1f, 0x21, 0xff, 0x1d, 0x1e, 0x20, 0xff, 0x1e, 0x20, 0x21, 0xff, 0x1e, 0x1f, 0x23, 0xff, 0x1f, 0x20, 0x24, 0xff, 0x1e, 0x21, 0x24, 0xff, 0x20, 0x22, 0x25, 0xff, 0x20, 0x23, 0x26, 0xff, 0x20, 0x24, 0x26, 0xff, 0x21, 0x24, 0x27, 0xff, 0x22, 0x25, 0x28, 0xff, 0x22, 0x26, 0x29, 0xff, 0x22, 0x26, 0x29, 0xff, 0x22, 0x22, 0x22, 0xff, 0x00, 0x00, 0x00, 0xff, 0x57, 0x64, 0x70, 0xff, 0x55, 0x63, 0x71, 0xff, 0x00, 0x00, 0x00, 0xff, 
  0x00, 0x00, 0x00, 0xff, 0x00, 0x00, 0x00, 0xff, 0x00, 0x00, 0x00, 0xff, 0x00, 0x00, 0x00, 0xff, 0x00, 0x00, 0x00, 0xff, 0x00, 0x00, 0x00, 0xff, 0x00, 0x00, 0x00, 0xff, 0x00, 0x00, 0x00, 0xff, 0x00, 0x00, 0x00, 0xff, 0x00, 0x00, 0x00, 0xff, 0x00, 0x00, 0x00, 0xff, 0x00, 0x00, 0x00, 0xff, 0x00, 0x00, 0x00, 0xff, 0x00, 0x00, 0x00, 0xff, 0x00, 0x00, 0x00, 0xff, 0x00, 0x00, 0x00, 0xff, 0x00, 0x00, 0x00, 0xff, 0x00, 0x00, 0x00, 0xff, 0x00, 0x00, 0x00, 0xff, 0x00, 0x00, 0x00, 0xff, 0x00, 0x00, 0x00, 0xff, 0x00, 0x00, 0x00, 0xff, 0x00, 0x00, 0x00, 0xff, 0x00, 0x00, 0x00, 0xff, 0x00, 0x00, 0x00, 0xff, 0x1a, 0x1a, 0x1a, 0xff, 0x1a, 0x1a, 0x1a, 0xff, 0x1a, 0x1a, 0x1a, 0xff, 0x13, 0x13, 0x19, 0xff, 0x19, 0x19, 0x19, 0xff, 0x19, 0x19, 0x19, 0xff, 0x19, 0x19, 0x1c, 0xff, 0x1c, 0x1c, 0x1c, 0xff, 0x1b, 0x1b, 0x1e, 0xff, 0x1b, 0x1b, 0x1e, 0xff, 0x1b, 0x1d, 0x1f, 0xff, 0x1d, 0x1d, 0x21, 0xff, 0x1c, 0x1e, 0x20, 0xff, 0x1e, 0x20, 0x21, 0xff, 0x1e, 0x1f, 0x23, 0xff, 0x1f, 0x20, 0x23, 0xff, 0x1e, 0x21, 0x24, 0xff, 0x1f, 0x22, 0x25, 0xff, 0x20, 0x23, 0x26, 0xff, 0x20, 0x24, 0x26, 0xff, 0x21, 0x24, 0x27, 0xff, 0x22, 0x25, 0x28, 0xff, 0x22, 0x26, 0x29, 0xff, 0x23, 0x27, 0x29, 0xff, 0x22, 0x22, 0x22, 0xff, 0x00, 0x00, 0x00, 0xff, 0x58, 0x67, 0x71, 0xff, 0x55, 0x63, 0x71, 0xff, 0x00, 0x00, 0x00, 0xff, 
  0x00, 0x00, 0x00, 0xff, 0x00, 0x00, 0x00, 0xff, 0x00, 0x00, 0x00, 0xff, 0x00, 0x00, 0x00, 0xff, 0x00, 0x00, 0x00, 0xff, 0x00, 0x00, 0x00, 0xff, 0x00, 0x00, 0x00, 0xff, 0x00, 0x00, 0x00, 0xff, 0x00, 0x00, 0x00, 0xff, 0x00, 0x00, 0x00, 0xff, 0x00, 0x00, 0x00, 0xff, 0x00, 0x00, 0x00, 0xff, 0x00, 0x00, 0x00, 0xff, 0x00, 0x00, 0x00, 0xff, 0x00, 0x00, 0x00, 0xff, 0x00, 0x00, 0x00, 0xff, 0x00, 0x00, 0x00, 0xff, 0x00, 0x00, 0x00, 0xff, 0x00, 0x00, 0x00, 0xff, 0x00, 0x00, 0x00, 0xff, 0x00, 0x00, 0x00, 0xff, 0x00, 0x00, 0x00, 0xff, 0x00, 0x00, 0x00, 0xff, 0x00, 0x00, 0x00, 0xff, 0x00, 0x00, 0x00, 0xff, 0x1a, 0x1a, 0x1a, 0xff, 0x0d, 0x0d, 0x1a, 0xff, 0x19, 0x19, 0x19, 0xff, 0x19, 0x19, 0x19, 0xff, 0x19, 0x19, 0x19, 0xff, 0x19, 0x19, 0x1d, 0xff, 0x19, 0x19, 0x1c, 0xff, 0x19, 0x1c, 0x1c, 0xff, 0x1b, 0x1b, 0x1e, 0xff, 0x1b, 0x1b, 0x1e, 0xff, 0x1b, 0x1d, 0x1f, 0xff, 0x1d, 0x1d, 0x21, 0xff, 0x1d, 0x1e, 0x20, 0xff, 0x1e, 0x20, 0x21, 0xff, 0x1e, 0x21, 0x23, 0xff, 0x1f, 0x20, 0x23, 0xff, 0x1e, 0x21, 0x24, 0xff, 0x20, 0x22, 0x25, 0xff, 0x20, 0x23, 0x26, 0xff, 0x20, 0x24, 0x26, 0xff, 0x21, 0x24, 0x27, 0xff, 0x22, 0x25, 0x28, 0xff, 0x22, 0x26, 0x29, 0xff, 0x23, 0x26, 0x29, 0xff, 0x22, 0x22, 0x22, 0xff, 0x00, 0x00, 0x00, 0xff, 0x57, 0x67, 0x71, 0xff, 0x5a, 0x69, 0x78, 0xff, 0x00, 0x00, 0x00, 0xff, 
  0x00, 0x00, 0x00, 0xff, 0x00, 0x00, 0x00, 0xff, 0x00, 0x00, 0x00, 0xff, 0x00, 0x00, 0x00, 0xff, 0x00, 0x00, 0x00, 0xff, 0x00, 0x00, 0x00, 0xff, 0x00, 0x00, 0x00, 0xff, 0x00, 0x00, 0x00, 0xff, 0x00, 0x00, 0x00, 0xff, 0x00, 0x00, 0x00, 0xff, 0x00, 0x00, 0x00, 0xff, 0x00, 0x00, 0x00, 0xff, 0x00, 0x00, 0x00, 0xff, 0x00, 0x00, 0x00, 0xff, 0x00, 0x00, 0x00, 0xff, 0x00, 0x00, 0x00, 0xff, 0x00, 0x00, 0x00, 0xff, 0x00, 0x00, 0x00, 0xff, 0x00, 0x00, 0x00, 0xff, 0x00, 0x00, 0x00, 0xff, 0x00, 0x00, 0x00, 0xff, 0x00, 0x00, 0x00, 0xff, 0x00, 0x00, 0x00, 0xff, 0x00, 0x00, 0x00, 0xff, 0x00, 0x00, 0x00, 0xff, 0x00, 0x00, 0x1a, 0xff, 0x0d, 0x0d, 0x0d, 0xff, 0x19, 0x19, 0x19, 0xff, 0x19, 0x19, 0x19, 0xff, 0x14, 0x14, 0x19, 0xff, 0x19, 0x19, 0x1d, 0xff, 0x19, 0x19, 0x1c, 0xff, 0x19, 0x1c, 0x1c, 0xff, 0x1b, 0x1b, 0x1e, 0xff, 0x1b, 0x1b, 0x1e, 0xff, 0x1d, 0x1d, 0x1f, 0xff, 0x1d, 0x1d, 0x21, 0xff, 0x1d, 0x1e, 0x20, 0xff, 0x1e, 0x20, 0x21, 0xff, 0x1e, 0x1f, 0x23, 0xff, 0x1f, 0x20, 0x24, 0xff, 0x1e, 0x21, 0x24, 0xff, 0x20, 0x22, 0x25, 0xff, 0x20, 0x23, 0x26, 0xff, 0x20, 0x24, 0x26, 0xff, 0x21, 0x24, 0x27, 0xff, 0x22, 0x25, 0x28, 0xff, 0x22, 0x25, 0x29, 0xff, 0x22, 0x26, 0x29, 0xff, 0x22, 0x22, 0x22, 0xff, 0x00, 0x00, 0x00, 0xff, 0x59, 0x66, 0x71, 0xff, 0x5a, 0x69, 0x69, 0xff, 0x00, 0x00, 0x00, 0xff, 
  0x00, 0x00, 0x00, 0xff, 0x00, 0x00, 0x00, 0xff, 0x00, 0x00, 0x00, 0xff, 0x00, 0x00, 0x00, 0xff, 0x00, 0x00, 0x00, 0xff, 0x00, 0x00, 0x00, 0xff, 0x00, 0x00, 0x00, 0xff, 0x00, 0x00, 0x00, 0xff, 0x00, 0x00, 0x00, 0xff, 0x00, 0x00, 0x00, 0xff, 0x00, 0x00, 0x00, 0xff, 0x00, 0x00, 0x00, 0xff, 0x00, 0x00, 0x00, 0xff, 0x00, 0x00, 0x00, 0xff, 0x00, 0x00, 0x00, 0xff, 0x00, 0x00, 0x00, 0xff, 0x00, 0x00, 0x00, 0xff, 0x00, 0x00, 0x00, 0xff, 0x00, 0x00, 0x00, 0xff, 0x00, 0x00, 0x00, 0xff, 0x00, 0x00, 0x00, 0xff, 0x00, 0x00, 0x00, 0xff, 0x00, 0x00, 0x00, 0xff, 0x00, 0x00, 0x00, 0xff, 0x00, 0x00, 0x00, 0xff, 0x1c, 0x1c, 0x1c, 0xff, 0x1a, 0x1a, 0x1a, 0xff, 0x11, 0x11, 0x1a, 0xff, 0x19, 0x19, 0x19, 0xff, 0x19, 0x19, 0x19, 0xff, 0x19, 0x19, 0x19, 0xff, 0x19, 0x19, 0x1c, 0xff, 0x19, 0x19, 0x1c, 0xff, 0x1b, 0x1b, 0x1e, 0xff, 0x1b, 0x1b, 0x1e, 0xff, 0x1b, 0x1d, 0x1f, 0xff, 0x1d, 0x1d, 0x21, 0xff, 0x1c, 0x1e, 0x20, 0xff, 0x1c, 0x1e, 0x21, 0xff, 0x1e, 0x1f, 0x23, 0xff, 0x1f, 0x20, 0x23, 0xff, 0x1e, 0x21, 0x24, 0xff, 0x1f, 0x22, 0x25, 0xff, 0x1f, 0x23, 0x26, 0xff, 0x20, 0x24, 0x26, 0xff, 0x21, 0x24, 0x27, 0xff, 0x22, 0x25, 0x27, 0xff, 0x22, 0x26, 0x29, 0xff, 0x23, 0x26, 0x29, 0xff, 0x22, 0x22, 0x22, 0xff, 0x00, 0x00, 0x00, 0xff, 0x58, 0x65, 0x70, 0xff, 0x50, 0x60, 0x70, 0xff, 0x00, 0x00, 0x00, 0xff, 
  0x00, 0x00, 0x00, 0xff, 0x00, 0x00, 0x00, 0xff, 0x00, 0x00, 0x00, 0xff, 0x00, 0x00, 0x00, 0xff, 0x00, 0x00, 0x00, 0xff, 0x00, 0x00, 0x00, 0xff, 0x00, 0x00, 0x00, 0xff, 0x00, 0x00, 0x00, 0xff, 0x00, 0x00, 0x00, 0xff, 0x00, 0x00, 0x00, 0xff, 0x00, 0x00, 0x00, 0xff, 0x00, 0x00, 0x00, 0xff, 0x00, 0x00, 0x00, 0xff, 0x00, 0x00, 0x00, 0xff, 0x00, 0x00, 0x00, 0xff, 0x00, 0x00, 0x00, 0xff, 0x00, 0x00, 0x00, 0xff, 0x00, 0x00, 0x00, 0xff, 0x00, 0x00, 0x00, 0xff, 0x00, 0x00, 0x00, 0xff, 0x00, 0x00, 0x00, 0xff, 0x00, 0x00, 0x00, 0xff, 0x00, 0x00, 0x00, 0xff, 0x00, 0x00, 0x00, 0xff, 0x00, 0x00, 0x00, 0xff, 0x00, 0x00, 0x00, 0xff, 0x1a, 0x1a, 0x1a, 0xff, 0x19, 0x19, 0x19, 0xff, 0x13, 0x13, 0x19, 0xff, 0x19, 0x19, 0x19, 0xff, 0x19, 0x19, 0x1d, 0xff, 0x19, 0x19, 0x1c, 0xff, 0x19, 0x19, 0x1c, 0xff, 0x1b, 0x1b, 0x1e, 0xff, 0x1b, 0x1e, 0x20, 0xff, 0x1b, 0x1d, 0x1f, 0xff, 0x1b, 0x1d, 0x1f, 0xff, 0x1d, 0x1e, 0x20, 0xff, 0x1e, 0x20, 0x21, 0xff, 0x1e, 0x1f, 0x23, 0xff, 0x1f, 0x20, 0x23, 0xff, 0x1e, 0x21, 0x24, 0xff, 0x20, 0x22, 0x25, 0xff, 0x20, 0x23, 0x26, 0xff, 0x20, 0x24, 0x26, 0xff, 0x21, 0x24, 0x27, 0xff, 0x22, 0x25, 0x28, 0xff, 0x22, 0x25, 0x29, 0xff, 0x22, 0x26, 0x29, 0xff, 0x22, 0x22, 0x22, 0xff, 0x00, 0x00, 0x00, 0xff, 0x57, 0x65, 0x70, 0xff, 0x50, 0x60, 0x70, 0xff, 0x00, 0x00, 0x00, 0xff, 
  0x00, 0x00, 0x00, 0xff, 0x00, 0x00, 0x00, 0xff, 0x00, 0x00, 0x00, 0xff, 0x00, 0x00, 0x00, 0xff, 0x00, 0x00, 0x00, 0xff, 0x00, 0x00, 0x00, 0xff, 0x00, 0x00, 0x00, 0xff, 0x00, 0x00, 0x00, 0xff, 0x00, 0x00, 0x00, 0xff, 0x00, 0x00, 0x00, 0xff, 0x00, 0x00, 0x00, 0xff, 0x00, 0x00, 0x00, 0xff, 0x00, 0x00, 0x00, 0xff, 0x00, 0x00, 0x00, 0xff, 0x00, 0x00, 0x00, 0xff, 0x00, 0x00, 0x00, 0xff, 0x00, 0x00, 0x00, 0xff, 0x00, 0x00, 0x00, 0xff, 0x00, 0x00, 0x00, 0xff, 0x00, 0x00, 0x00, 0xff, 0x00, 0x00, 0x00, 0xff, 0x00, 0x00, 0x00, 0xff, 0x00, 0x00, 0x00, 0xff, 0x00, 0x00, 0x00, 0xff, 0x00, 0x00, 0x00, 0xff, 0x1a, 0x1a, 0x1a, 0xff, 0x0d, 0x0d, 0x1a, 0xff, 0x11, 0x11, 0x1a, 0xff, 0x19, 0x19, 0x19, 0xff, 0x19, 0x19, 0x19, 0xff, 0x19, 0x19, 0x19, 0xff, 0x19, 0x19, 0x1c, 0xff, 0x19, 0x1c, 0x1c, 0xff, 0x1b, 0x1b, 0x1e, 0xff, 0x1b, 0x1b, 0x1e, 0xff, 0x1b, 0x1d, 0x1f, 0xff, 0x1d, 0x1f, 0x21, 0xff, 0x1d, 0x1e, 0x20, 0xff, 0x1c, 0x20, 0x21, 0xff, 0x1e, 0x1f, 0x23, 0xff, 0x1f, 0x20, 0x23, 0xff, 0x1e, 0x21, 0x24, 0xff, 0x20, 0x22, 0x25, 0xff, 0x1f, 0x23, 0x26, 0xff, 0x21, 0x24, 0x26, 0xff, 0x21, 0x24, 0x27, 0xff, 0x22, 0x25, 0x28, 0xff, 0x22, 0x26, 0x29, 0xff, 0x23, 0x26, 0x29, 0xff, 0x22, 0x22, 0x22, 0xff, 0x00, 0x00, 0x00, 0xff, 0x56, 0x64, 0x70, 0xff, 0x50, 0x60, 0x70, 0xff, 0x00, 0x00, 0x00, 0xff, 
  0x00, 0x00, 0x00, 0xff, 0x00, 0x00, 0x00, 0xff, 0x00, 0x00, 0x00, 0xff, 0x00, 0x00, 0x00, 0xff, 0x00, 0x00, 0x00, 0xff, 0x00, 0x00, 0x00, 0xff, 0x00, 0x00, 0x00, 0xff, 0x00, 0x00, 0x00, 0xff, 0x00, 0x00, 0x00, 0xff, 0x00, 0x00, 0x00, 0xff, 0x00, 0x00, 0x00, 0xff, 0x00, 0x00, 0x00, 0xff, 0x00, 0x00, 0x00, 0xff, 0x00, 0x00, 0x00, 0xff, 0x00, 0x00, 0x00, 0xff, 0x00, 0x00, 0x00, 0xff, 0x00, 0x00, 0x00, 0xff, 0x00, 0x00, 0x00, 0xff, 0x00, 0x00, 0x00, 0xff, 0x00, 0x00, 0x00, 0xff, 0x00, 0x00, 0x00, 0xff, 0x00, 0x00, 0x00, 0xff, 0x00, 0x00, 0x00, 0xff, 0x00, 0x00, 0x00, 0xff, 0x00, 0x00, 0x00, 0xff, 0x00, 0x00, 0x1a, 0xff, 0x0d, 0x0d, 0x0d, 0xff, 0x19, 0x19, 0x19, 0xff, 0x19, 0x19, 0x19, 0xff, 0x19, 0x19, 0x19, 0xff, 0x19, 0x19, 0x19, 0xff, 0x19, 0x19, 0x1c, 0xff, 0x19, 0x1c, 0x1c, 0xff, 0x1b, 0x1b, 0x1e, 0xff, 0x1b, 0x1b, 0x1e, 0xff, 0x1b, 0x1d, 0x1f, 0xff, 0x1d, 0x1d, 0x21, 0xff, 0x1c, 0x1e, 0x22, 0xff, 0x1e, 0x20, 0x21, 0xff, 0x1e, 0x21, 0x23, 0xff, 0x1f, 0x20, 0x23, 0xff, 0x1e, 0x21, 0x24, 0xff, 0x20, 0x22, 0x25, 0xff, 0x20, 0x23, 0x26, 0xff, 0x20, 0x24, 0x26, 0xff, 0x21, 0x24, 0x27, 0xff, 0x22, 0x25, 0x27, 0xff, 0x22, 0x26, 0x29, 0xff, 0x23, 0x26, 0x29, 0xff, 0x22, 0x22, 0x22, 0xff, 0x00, 0x00, 0x00, 0xff, 0x59, 0x65, 0x71, 0xff, 0x55, 0x66, 0x77, 0xff, 0x00, 0x00, 0x00, 0xff, 
  0x00, 0x00, 0x00, 0xff, 0x00, 0x00, 0x00, 0xff, 0x00, 0x00, 0x00, 0xff, 0x00, 0x00, 0x00, 0xff, 0x00, 0x00, 0x00, 0xff, 0x00, 0x00, 0x00, 0xff, 0x00, 0x00, 0x00, 0xff, 0x00, 0x00, 0x00, 0xff, 0x00, 0x00, 0x00, 0xff, 0x00, 0x00, 0x00, 0xff, 0x00, 0x00, 0x00, 0xff, 0x00, 0x00, 0x00, 0xff, 0x00, 0x00, 0x00, 0xff, 0x00, 0x00, 0x00, 0xff, 0x00, 0x00, 0x00, 0xff, 0x00, 0x00, 0x00, 0xff, 0x00, 0x00, 0x00, 0xff, 0x00, 0x00, 0x00, 0xff, 0x00, 0x00, 0x00, 0xff, 0x00, 0x00, 0x00, 0xff, 0x00, 0x00, 0x00, 0xff, 0x00, 0x00, 0x00, 0xff, 0x00, 0x00, 0x00, 0xff, 0x00, 0x00, 0x00, 0xff, 0x00, 0x00, 0x00, 0xff, 0x00, 0x00, 0x00, 0xff, 0x1a, 0x1a, 0x1a, 0xff, 0x19, 0x19, 0x19, 0xff, 0x19, 0x19, 0x19, 0xff, 0x14, 0x14, 0x19, 0xff, 0x19, 0x19, 0x1d, 0xff, 0x19, 0x19, 0x1c, 0xff, 0x19, 0x1c, 0x1c, 0xff, 0x19, 0x1b, 0x1b, 0xff, 0x1b, 0x1e, 0x20, 0xff, 0x1b, 0x1d, 0x1f, 0xff, 0x1d, 0x1f, 0x21, 0xff, 0x1d, 0x1e, 0x20, 0xff, 0x1e, 0x20, 0x21, 0xff, 0x1e, 0x1f, 0x23, 0xff, 0x1f, 0x20, 0x24, 0xff, 0x1e, 0x21, 0x24, 0xff, 0x20, 0x22, 0x25, 0xff, 0x20, 0x23, 0x26, 0xff, 0x20, 0x24, 0x26, 0xff, 0x21, 0x24, 0x27, 0xff, 0x22, 0x25, 0x28, 0xff, 0x22, 0x26, 0x29, 0xff, 0x22, 0x26, 0x29, 0xff, 0x22, 0x22, 0x22, 0xff, 0x00, 0x00, 0x00, 0xff, 0x58, 0x64, 0x73, 0xff, 0x55, 0x66, 0x66, 0xff, 0x00, 0x00, 0x00, 0xff, 
  0x00, 0x00, 0x00, 0xff, 0x00, 0x00, 0x00, 0xff, 0x00, 0x00, 0x00, 0xff, 0x00, 0x00, 0x00, 0xff, 0x00, 0x00, 0x00, 0xff, 0x00, 0x00, 0x00, 0xff, 0x00, 0x00, 0x00, 0xff, 0x00, 0x00, 0x00, 0xff, 0x00, 0x00, 0x00, 0xff, 0x00, 0x00, 0x00, 0xff, 0x00, 0x00, 0x00, 0xff, 0x00, 0x00, 0x00, 0xff, 0x00, 0x00, 0x00, 0xff, 0x00, 0x00, 0x00, 0xff, 0x00, 0x00, 0x00, 0xff, 0x00, 0x00, 0x00, 0xff, 0x00, 0x00, 0x00, 0xff, 0x00, 0x00, 0x00, 0xff, 0x00, 0x00, 0x00, 0xff, 0x00, 0x00, 0x00, 0xff, 0x00, 0x00, 0x00, 0xff, 0x00, 0x00, 0x00, 0xff, 0x00, 0x00, 0x00, 0xff, 0x00, 0x00, 0x00, 0xff, 0x00, 0x00, 0x00, 0xff, 0x1a, 0x1a, 0x1a, 0xff, 0x1a, 0x1a, 0x1a, 0xff, 0x1a, 0x1a, 0x1a, 0xff, 0x13, 0x13, 0x19, 0xff, 0x19, 0x19, 0x19, 0xff, 0x19, 0x19, 0x19, 0xff, 0x19, 0x19, 0x1c, 0xff, 0x1c, 0x1c, 0x1c, 0xff, 0x1b, 0x1b, 0x1e, 0xff, 0x1b, 0x1b, 0x1e, 0xff, 0x1b, 0x1d, 0x1f, 0xff, 0x1d, 0x1d, 0x21, 0xff, 0x1c, 0x1e, 0x20, 0xff, 0x1e, 0x20, 0x21, 0xff, 0x1e, 0x1f, 0x23, 0xff, 0x1f, 0x20, 0x23, 0xff, 0x1e, 0x21, 0x24, 0xff, 0x1f, 0x22, 0x25, 0xff, 0x20, 0x23, 0x26, 0xff, 0x20, 0x24, 0x26, 0xff, 0x21, 0x24, 0x27, 0xff, 0x22, 0x25, 0x28, 0xff, 0x22, 0x26, 0x29, 0xff, 0x23, 0x27, 0x29, 0xff, 0x22, 0x22, 0x22, 0xff, 0x00, 0x00, 0x00, 0xff, 0x57, 0x64, 0x70, 0xff, 0x5b, 0x6d, 0x6d, 0xff, 0x00, 0x00, 0x00, 0xff, 
  0x00, 0x00, 0x00, 0xff, 0x00, 0x00, 0x00, 0xff, 0x00, 0x00, 0x00, 0xff, 0x00, 0x00, 0x00, 0xff, 0x00, 0x00, 0x00, 0xff, 0x00, 0x00, 0x00, 0xff, 0x00, 0x00, 0x00, 0xff, 0x00, 0x00, 0x00, 0xff, 0x00, 0x00, 0x00, 0xff, 0x00, 0x00, 0x00, 0xff, 0x00, 0x00, 0x00, 0xff, 0x00, 0x00, 0x00, 0xff, 0x00, 0x00, 0x00, 0xff, 0x00, 0x00, 0x00, 0xff, 0x00, 0x00, 0x00, 0xff, 0x00, 0x00, 0x00, 0xff, 0x00, 0x00, 0x00, 0xff, 0x00, 0x00, 0x00, 0xff, 0x00, 0x00, 0x00, 0xff, 0x00, 0x00, 0x00, 0xff, 0x00, 0x00, 0x00, 0xff, 0x00, 0x00, 0x00, 0xff, 0x00, 0x00, 0x00, 0xff, 0x00, 0x00, 0x00, 0xff, 0x00, 0x00, 0x00, 0xff, 0x1a, 0x1a, 0x1a, 0xff, 0x0d, 0x0d, 0x1a, 0xff, 0x19, 0x19, 0x19, 0xff, 0x19, 0x19, 0x19, 0xff, 0x19, 0x19, 0x19, 0xff, 0x19, 0x19, 0x1d, 0xff, 0x19, 0x19, 0x1c, 0xff, 0x19, 0x1c, 0x1c, 0xff, 0x1b, 0x1b, 0x1e, 0xff, 0x1b, 0x1b, 0x1e, 0xff, 0x1b, 0x1d, 0x1f, 0xff, 0x1d, 0x1d, 0x21, 0xff, 0x1d, 0x1e, 0x20, 0xff, 0x1e, 0x20, 0x21, 0xff, 0x1e, 0x21, 0x23, 0xff, 0x1f, 0x20, 0x23, 0xff, 0x1e, 0x21, 0x24, 0xff, 0x20, 0x22, 0x25, 0xff, 0x20, 0x23, 0x26, 0xff, 0x20, 0x24, 0x26, 0xff, 0x21, 0x24, 0x27, 0xff, 0x22, 0x25, 0x28, 0xff, 0x22, 0x26, 0x29, 0xff, 0x23, 0x26, 0x29, 0xff, 0x22, 0x22, 0x22, 0xff, 0x00, 0x00, 0x00, 0xff, 0x56, 0x63, 0x70, 0xff, 0x5b, 0x6d, 0x6d, 0xff, 0x00, 0x00, 0x00, 0xff, 
  0x00, 0x00, 0x00, 0xff, 0x00, 0x00, 0x00, 0xff, 0x00, 0x00, 0x00, 0xff, 0x00, 0x00, 0x00, 0xff, 0x00, 0x00, 0x00, 0xff, 0x00, 0x00, 0x00, 0xff, 0x00, 0x00, 0x00, 0xff, 0x00, 0x00, 0x00, 0xff, 0x00, 0x00, 0x00, 0xff, 0x00, 0x00, 0x00, 0xff, 0x00, 0x00, 0x00, 0xff, 0x00, 0x00, 0x00, 0xff, 0x00, 0x00, 0x00, 0xff, 0x00, 0x00, 0x00, 0xff, 0x00, 0x00, 0x00, 0xff, 0x00, 0x00, 0x00, 0xff, 0x00, 0x00, 0x00, 0xff, 0x00, 0x00, 0x00, 0xff, 0x00, 0x00, 0x00, 0xff, 0x00, 0x00, 0x00, 0xff, 0x00, 0x00, 0x00, 0xff, 0x00, 0x00, 0x00, 0xff, 0x00, 0x00, 0x00, 0xff, 0x00, 0x00, 0x00, 0xff, 0x00, 0x00, 0x00, 0xff, 0x00, 0x00, 0x1a, 0xff, 0x0d, 0x0d, 0x0d, 0xff, 0x19, 0x19, 0x19, 0xff, 0x19, 0x19, 0x19, 0xff, 0x14, 0x14, 0x19, 0xff, 0x19, 0x19, 0x1d, 0xff, 0x19, 0x19, 0x1c, 0xff, 0x19, 0x1c, 0x1c, 0xff, 0x1b, 0x1b, 0x1e, 0xff, 0x1b, 0x1b, 0x1e, 0xff, 0x1d, 0x1d, 0x1f, 0xff, 0x1d, 0x1d, 0x21, 0xff, 0x1d, 0x1e, 0x20, 0xff, 0x1e, 0x20, 0x21, 0xff, 0x1e, 0x1f, 0x23, 0xff, 0x1f, 0x20, 0x24, 0xff, 0x1e, 0x21, 0x24, 0xff, 0x20, 0x22, 0x25, 0xff, 0x20, 0x23, 0x26, 0xff, 0x20, 0x24, 0x26, 0xff, 0x21, 0x24, 0x27, 0xff, 0x22, 0x25, 0x28, 0xff, 0x22, 0x25, 0x29, 0xff, 0x22, 0x26, 0x29, 0xff, 0x22, 0x22, 0x22, 0xff, 0x00, 0x00, 0x00, 0xff, 0x59, 0x67, 0x71, 0xff, 0x49, 0x5b, 0x6d, 0xff, 0x00, 0x00, 0x00, 0xff, 
  0x00, 0x00, 0x00, 0xff, 0x00, 0x00, 0x00, 0xff, 0x00, 0x00, 0x00, 0xff, 0x00, 0x00, 0x00, 0xff, 0x00, 0x00, 0x00, 0xff, 0x00, 0x00, 0x00, 0xff, 0x00, 0x00, 0x00, 0xff, 0x00, 0x00, 0x00, 0xff, 0x00, 0x00, 0x00, 0xff, 0x00, 0x00, 0x00, 0xff, 0x00, 0x00, 0x00, 0xff, 0x00, 0x00, 0x00, 0xff, 0x00, 0x00, 0x00, 0xff, 0x00, 0x00, 0x00, 0xff, 0x00, 0x00, 0x00, 0xff, 0x00, 0x00, 0x00, 0xff, 0x00, 0x00, 0x00, 0xff, 0x00, 0x00, 0x00, 0xff, 0x00, 0x00, 0x00, 0xff, 0x00, 0x00, 0x00, 0xff, 0x00, 0x00, 0x00, 0xff, 0x00, 0x00, 0x00, 0xff, 0x00, 0x00, 0x00, 0xff, 0x00, 0x00, 0x00, 0xff, 0x00, 0x00, 0x00, 0xff, 0x1c, 0x1c, 0x1c, 0xff, 0x1a, 0x1a, 0x1a, 0xff, 0x11, 0x11, 0x1a, 0xff, 0x19, 0x19, 0x19, 0xff, 0x19, 0x19, 0x19, 0xff, 0x19, 0x19, 0x19, 0xff, 0x19, 0x19, 0x1c, 0xff, 0x19, 0x19, 0x1c, 0xff, 0x1b, 0x1b, 0x1e, 0xff, 0x1b, 0x1b, 0x1e, 0xff, 0x1b, 0x1d, 0x1f, 0xff, 0x1d, 0x1d, 0x21, 0xff, 0x1c, 0x1e, 0x20, 0xff, 0x1c, 0x1e, 0x21, 0xff, 0x1e, 0x1f, 0x23, 0xff, 0x1f, 0x20, 0x23, 0xff, 0x1e, 0x21, 0x24, 0xff, 0x1f, 0x22, 0x25, 0xff, 0x1f, 0x23, 0x26, 0xff, 0x20, 0x24, 0x26, 0xff, 0x21, 0x24, 0x27, 0xff, 0x22, 0x25, 0x27, 0xff, 0x22, 0x26, 0x29, 0xff, 0x23, 0x26, 0x29, 0xff, 0x22, 0x22, 0x22, 0xff, 0x00, 0x00, 0x00, 0xff, 0x58, 0x66, 0x70, 0xff, 0x4e, 0x62, 0x76, 0xff, 0x00, 0x00, 0x00, 0xff, 
  0x00, 0x00, 0x00, 0xff, 0x00, 0x00, 0x00, 0xff, 0x00, 0x00, 0x00, 0xff, 0x00, 0x00, 0x00, 0xff, 0x00, 0x00, 0x00, 0xff, 0x00, 0x00, 0x00, 0xff, 0x00, 0x00, 0x00, 0xff, 0x00, 0x00, 0x00, 0xff, 0x00, 0x00, 0x00, 0xff, 0x00, 0x00, 0x00, 0xff, 0x00, 0x00, 0x00, 0xff, 0x00, 0x00, 0x00, 0xff, 0x00, 0x00, 0x00, 0xff, 0x00, 0x00, 0x00, 0xff, 0x00, 0x00, 0x00, 0xff, 0x00, 0x00, 0x00, 0xff, 0x00, 0x00, 0x00, 0xff, 0x00, 0x00, 0x00, 0xff, 0x00, 0x00, 0x00, 0xff, 0x00, 0x00, 0x00, 0xff, 0x00, 0x00, 0x00, 0xff, 0x00, 0x00, 0x00, 0xff, 0x00, 0x00, 0x00, 0xff, 0x00, 0x00, 0x00, 0xff, 0x00, 0x00, 0x00, 0xff, 0x00, 0x00, 0x00, 0xff, 0x1a, 0x1a, 0x1a, 0xff, 0x19, 0x19, 0x19, 0xff, 0x13, 0x13, 0x19, 0xff, 0x19, 0x19, 0x19, 0xff, 0x19, 0x19, 0x1d, 0xff, 0x19, 0x19, 0x1c, 0xff, 0x19, 0x19, 0x1c, 0xff, 0x1b, 0x1b, 0x1e, 0xff, 0x1b, 0x1e, 0x20, 0xff, 0x1b, 0x1d, 0x1f, 0xff, 0x1b, 0x1d, 0x1f, 0xff, 0x1d, 0x1e, 0x20, 0xff, 0x1e, 0x20, 0x21, 0xff, 0x1e, 0x1f, 0x23, 0xff, 0x1f, 0x20, 0x23, 0xff, 0x1e, 0x21, 0x24, 0xff, 0x20, 0x22, 0x25, 0xff, 0x20, 0x23, 0x26, 0xff, 0x20, 0x24, 0x26, 0xff, 0x21, 0x24, 0x27, 0xff, 0x22, 0x25, 0x28, 0xff, 0x22, 0x25, 0x29, 0xff, 0x22, 0x26, 0x29, 0xff, 0x22, 0x22, 0x22, 0xff, 0x00, 0x00, 0x00, 0xff, 0x57, 0x65, 0x70, 0xff, 0x4e, 0x62, 0x76, 0xff, 0x00, 0x00, 0x00, 0xff, 
  0x00, 0x00, 0x00, 0xff, 0x00, 0x00, 0x00, 0xff, 0x00, 0x00, 0x00, 0xff, 0x00, 0x00, 0x00, 0xff, 0x00, 0x00, 0x00, 0xff, 0x00, 0x00, 0x00, 0xff, 0x00, 0x00, 0x00, 0xff, 0x00, 0x00, 0x00, 0xff, 0x00, 0x00, 0x00, 0xff, 0x00, 0x00, 0x00, 0xff, 0x00, 0x00, 0x00, 0xff, 0x00, 0x00, 0x00, 0xff, 0x00, 0x00, 0x00, 0xff, 0x00, 0x00, 0x00, 0xff, 0x00, 0x00, 0x00, 0xff, 0x00, 0x00, 0x00, 0xff, 0x00, 0x00, 0x00, 0xff, 0x00, 0x00, 0x00, 0xff, 0x00, 0x00, 0x00, 0xff, 0x00, 0x00, 0x00, 0xff, 0x00, 0x00, 0x00, 0xff, 0x00, 0x00, 0x00, 0xff, 0x00, 0x00, 0x00, 0xff, 0x00, 0x00, 0x00, 0xff, 0x00, 0x00, 0x00, 0xff, 0x1a, 0x1a, 0x1a, 0xff, 0x0d, 0x0d, 0x1a, 0xff, 0x11, 0x11, 0x1a, 0xff, 0x19, 0x19, 0x19, 0xff, 0x19, 0x19, 0x19, 0xff, 0x19, 0x19, 0x19, 0xff, 0x19, 0x19, 0x1c, 0xff, 0x19, 0x1c, 0x1c, 0xff, 0x1b, 0x1b, 0x1e, 0xff, 0x1b, 0x1b, 0x1e, 0xff, 0x1b, 0x1d, 0x1f, 0xff, 0x1d, 0x1f, 0x21, 0xff, 0x1d, 0x1e, 0x20, 0xff, 0x1c, 0x20, 0x21, 0xff, 0x1e, 0x1f, 0x23, 0xff, 0x1f, 0x20, 0x23, 0xff, 0x1e, 0x21, 0x24, 0xff, 0x20, 0x22, 0x25, 0xff, 0x1f, 0x23, 0x26, 0xff, 0x21, 0x24, 0x26, 0xff, 0x21, 0x24, 0x27, 0xff, 0x22, 0x25, 0x28, 0xff, 0x22, 0x26, 0x29, 0xff, 0x23, 0x26, 0x29, 0xff, 0x22, 0x22, 0x22, 0xff, 0x00, 0x00, 0x00, 0xff, 0x56, 0x65, 0x6f, 0xff, 0x55, 0x6a, 0x6a, 0xff, 0x00, 0x00, 0x00, 0xff, 
  0x00, 0x00, 0x00, 0xff, 0x00, 0x00, 0x00, 0xff, 0x00, 0x00, 0x00, 0xff, 0x00, 0x00, 0x00, 0xff, 0x00, 0x00, 0x00, 0xff, 0x00, 0x00, 0x00, 0xff, 0x00, 0x00, 0x00, 0xff, 0x00, 0x00, 0x00, 0xff, 0x00, 0x00, 0x00, 0xff, 0x00, 0x00, 0x00, 0xff, 0x00, 0x00, 0x00, 0xff, 0x00, 0x00, 0x00, 0xff, 0x00, 0x00, 0x00, 0xff, 0x00, 0x00, 0x00, 0xff, 0x00, 0x00, 0x00, 0xff, 0x00, 0x00, 0x00, 0xff, 0x00, 0x00, 0x00, 0xff, 0x00, 0x00, 0x00, 0xff, 0x00, 0x00, 0x00, 0xff, 0x00, 0x00, 0x00, 0xff, 0x00, 0x00, 0x00, 0xff, 0x00, 0x00, 0x00, 0xff, 0x00, 0x00, 0x00, 0xff, 0x00, 0x00, 0x00, 0xff, 0x00, 0x00, 0x00, 0xff, 0x00, 0x00, 0x1a, 0xff, 0x0d, 0x0d, 0x0d, 0xff, 0x19, 0x19, 0x19, 0xff, 0x19, 0x19, 0x19, 0xff, 0x19, 0x19, 0x19, 0xff, 0x19, 0x19, 0x19, 0xff, 0x19, 0x19, 0x1c, 0xff, 0x19, 0x1c, 0x1c, 0xff, 0x1b, 0x1b, 0x1e, 0xff, 0x1b, 0x1b, 0x1e, 0xff, 0x1b, 0x1d, 0x1f, 0xff, 0x1d, 0x1d, 0x21, 0xff, 0x1c, 0x1e, 0x22, 0xff, 0x1e, 0x20, 0x21, 0xff, 0x1e, 0x21, 0x23, 0xff, 0x1f, 0x20, 0x23, 0xff, 0x1e, 0x21, 0x24, 0xff, 0x20, 0x22, 0x25, 0xff, 0x20, 0x23, 0x26, 0xff, 0x20, 0x24, 0x26, 0xff, 0x21, 0x24, 0x27, 0xff, 0x22, 0x25, 0x27, 0xff, 0x22, 0x26, 0x29, 0xff, 0x23, 0x26, 0x29, 0xff, 0x22, 0x22, 0x22, 0xff, 0x00, 0x00, 0x00, 0xff, 0x56, 0x65, 0x74, 0xff, 0x55, 0x6a, 0x6a, 0xff, 0x00, 0x00, 0x00, 0xff, 
  0x00, 0x00, 0x00, 0xff, 0x00, 0x00, 0x00, 0xff, 0x00, 0x00, 0x00, 0xff, 0x00, 0x00, 0x00, 0xff, 0x00, 0x00, 0x00, 0xff, 0x00, 0x00, 0x00, 0xff, 0x00, 0x00, 0x00, 0xff, 0x00, 0x00, 0x00, 0xff, 0x00, 0x00, 0x00, 0xff, 0x00, 0x00, 0x00, 0xff, 0x00, 0x00, 0x00, 0xff, 0x00, 0x00, 0x00, 0xff, 0x00, 0x00, 0x00, 0xff, 0x00, 0x00, 0x00, 0xff, 0x00, 0x00, 0x00, 0xff, 0x00, 0x00, 0x00, 0xff, 0x00, 0x00, 0x00, 0xff, 0x00, 0x00, 0x00, 0xff, 0x00, 0x00, 0x00, 0xff, 0x00, 0x00, 0x00, 0xff, 0x00, 0x00, 0x00, 0xff, 0x00, 0x00, 0x00, 0xff, 0x00, 0x00, 0x00, 0xff, 0x00, 0x00, 0x00, 0xff, 0x00, 0x00, 0x00, 0xff, 0x00, 0x00, 0x00, 0xff, 0x1a, 0x1a, 0x1a, 0xff, 0x19, 0x19, 0x19, 0xff, 0x19, 0x19, 0x19, 0xff, 0x14, 0x14, 0x19, 0xff, 0x19, 0x19, 0x1d, 0xff, 0x19, 0x19, 0x1c, 0xff, 0x19, 0x1c, 0x1c, 0xff, 0x19, 0x1b, 0x1b, 0xff, 0x1b, 0x1e, 0x20, 0xff, 0x1b, 0x1d, 0x1f, 0xff, 0x1d, 0x1f, 0x21, 0xff, 0x1d, 0x1e, 0x20, 0xff, 0x1e, 0x20, 0x21, 0xff, 0x1e, 0x1f, 0x23, 0xff, 0x1f, 0x20, 0x24, 0xff, 0x1e, 0x21, 0x24, 0xff, 0x20, 0x22, 0x25, 0xff, 0x20, 0x23, 0x26, 0xff, 0x20, 0x24, 0x26, 0xff, 0x21, 0x24, 0x27, 0xff, 0x22, 0x25, 0x28, 0xff, 0x22, 0x26, 0x29, 0xff, 0x22, 0x26, 0x29, 0xff, 0x22, 0x22, 0x22, 0xff, 0x00, 0x00, 0x00, 0xff, 0x55, 0x68, 0x70, 0xff, 0x55, 0x55, 0x6a, 0xff, 0x00, 0x00, 0x00, 0xff, 
  0x00, 0x00, 0x00, 0xff, 0x00, 0x00, 0x00, 0xff, 0x00, 0x00, 0x00, 0xff, 0x00, 0x00, 0x00, 0xff, 0x00, 0x00, 0x00, 0xff, 0x00, 0x00, 0x00, 0xff, 0x00, 0x00, 0x00, 0xff, 0x00, 0x00, 0x00, 0xff, 0x00, 0x00, 0x00, 0xff, 0x00, 0x00, 0x00, 0xff, 0x00, 0x00, 0x00, 0xff, 0x00, 0x00, 0x00, 0xff, 0x00, 0x00, 0x00, 0xff, 0x00, 0x00, 0x00, 0xff, 0x00, 0x00, 0x00, 0xff, 0x00, 0x00, 0x00, 0xff, 0x00, 0x00, 0x00, 0xff, 0x00, 0x00, 0x00, 0xff, 0x00, 0x00, 0x00, 0xff, 0x00, 0x00, 0x00, 0xff, 0x00, 0x00, 0x00, 0xff, 0x00, 0x00, 0x00, 0xff, 0x00, 0x00, 0x00, 0xff, 0x00, 0x00, 0x00, 0xff, 0x00, 0x00, 0x00, 0xff, 0x1a, 0x1a, 0x1a, 0xff, 0x1a, 0x1a, 0x1a, 0xff, 0x1a, 0x1a, 0x1a, 0xff, 0x13, 0x13, 0x19, 0xff, 0x19, 0x19, 0x19, 0xff, 0x19, 0x19, 0x19, 0xff, 0x19, 0x19, 0x1c, 0xff, 0x1c, 0x1c, 0x1c, 0xff, 0x1b, 0x1b, 0x1e, 0xff, 0x1b, 0x1b, 0x1e, 0xff, 0x1b, 0x1d, 0x1f, 0xff, 0x1d, 0x1d, 0x21, 0xff, 0x1c, 0x1e, 0x20, 0xff, 0x1e, 0x20, 0x21, 0xff, 0x1e, 0x1f, 0x23, 0xff, 0x1f, 0x20, 0x23, 0xff, 0x1e, 0x21, 0x24, 0xff, 0x1f, 0x22, 0x25, 0xff, 0x20, 0x23, 0x26, 0xff, 0x20, 0x24, 0x26, 0xff, 0x21, 0x24, 0x27, 0xff, 0x22, 0x25, 0x28, 0xff, 0x22, 0x26, 0x29, 0xff, 0x23, 0x27, 0x29, 0xff, 0x22, 0x22, 0x22, 0xff, 0x00, 0x00, 0x00, 0xff, 0x58, 0x64, 0x70, 0xff, 0x5d, 0x5d, 0x74, 0xff, 0x00, 0x00, 0x00, 0xff, 
  0x00, 0x00, 0x00, 0xff, 0x00, 0x00, 0x00, 0xff, 0x00, 0x00, 0x00, 0xff, 0x00, 0x00, 0x00, 0xff, 0x00, 0x00, 0x00, 0xff, 0x00, 0x00, 0x00, 0xff, 0x00, 0x00, 0x00, 0xff, 0x00, 0x00, 0x00, 0xff, 0x00, 0x00, 0x00, 0xff, 0x00, 0x00, 0x00, 0xff, 0x00, 0x00, 0x00, 0xff, 0x00, 0x00, 0x00, 0xff, 0x00, 0x00, 0x00, 0xff, 0x00, 0x00, 0x00, 0xff, 0x00, 0x00, 0x00, 0xff, 0x00, 0x00, 0x00, 0xff, 0x00, 0x00, 0x00, 0xff, 0x00, 0x00, 0x00, 0xff, 0x00, 0x00, 0x00, 0xff, 0x00, 0x00, 0x00, 0xff, 0x00, 0x00, 0x00, 0xff, 0x00, 0x00, 0x00, 0xff, 0x00, 0x00, 0x00, 0xff, 0x00, 0x00, 0x00, 0xff, 0x00, 0x00, 0x00, 0xff, 0x1a, 0x1a, 0x1a, 0xff, 0x0d, 0x0d, 0x1a, 0xff, 0x19, 0x19, 0x19, 0xff, 0x19, 0x19, 0x19, 0xff, 0x19, 0x19, 0x19, 0xff, 0x19, 0x19, 0x1d, 0xff, 0x19, 0x19, 0x1c, 0xff, 0x19, 0x1c, 0x1c, 0xff, 0x1b, 0x1b, 0x1e, 0xff, 0x1b, 0x1b, 0x1e, 0xff, 0x1b, 0x1d, 0x1f, 0xff, 0x1d, 0x1d, 0x21, 0xff, 0x1d, 0x1e, 0x20, 0xff, 0x1e, 0x20, 0x21, 0xff, 0x1e, 0x21, 0x23, 0xff, 0x1f, 0x20, 0x23, 0xff, 0x1e, 0x21, 0x24, 0xff, 0x20, 0x22, 0x25, 0xff, 0x20, 0x23, 0x26, 0xff, 0x20, 0x24, 0x26, 0xff, 0x21, 0x24, 0x27, 0xff, 0x22, 0x25, 0x28, 0xff, 0x22, 0x26, 0x29, 0xff, 0x23, 0x26, 0x29, 0xff, 0x22, 0x22, 0x22, 0xff, 0x00, 0x00, 0x00, 0xff, 0x58, 0x64, 0x75, 0xff, 0x5d, 0x5d, 0x74, 0xff, 0x00, 0x00, 0x00, 0xff, 
  0x00, 0x00, 0x00, 0xff, 0x00, 0x00, 0x00, 0xff, 0x00, 0x00, 0x00, 0xff, 0x00, 0x00, 0x00, 0xff, 0x00, 0x00, 0x00, 0xff, 0x00, 0x00, 0x00, 0xff, 0x00, 0x00, 0x00, 0xff, 0x00, 0x00, 0x00, 0xff, 0x00, 0x00, 0x00, 0xff, 0x00, 0x00, 0x00, 0xff, 0x00, 0x00, 0x00, 0xff, 0x00, 0x00, 0x00, 0xff, 0x00, 0x00, 0x00, 0xff, 0x00, 0x00, 0x00, 0xff, 0x00, 0x00, 0x00, 0xff, 0x00, 0x00, 0x00, 0xff, 0x00, 0x00, 0x00, 0xff, 0x00, 0x00, 0x00, 0xff, 0x00, 0x00, 0x00, 0xff, 0x00, 0x00, 0x00, 0xff, 0x00, 0x00, 0x00, 0xff, 0x00, 0x00, 0x00, 0xff, 0x00, 0x00, 0x00, 0xff, 0x00, 0x00, 0x00, 0xff, 0x00, 0x00, 0x00, 0xff, 0x00, 0x00, 0x1a, 0xff, 0x0d, 0x0d, 0x0d, 0xff, 0x19, 0x19, 0x19, 0xff, 0x19, 0x19, 0x19, 0xff, 0x14, 0x14, 0x19, 0xff, 0x19, 0x19, 0x1d, 0xff, 0x19, 0x19, 0x1c, 0xff, 0x19, 0x1c, 0x1c, 0xff, 0x1b, 0x1b, 0x1e, 0xff, 0x1b, 0x1b, 0x1e, 0xff, 0x1d, 0x1d, 0x1f, 0xff, 0x1d, 0x1d, 0x21, 0xff, 0x1d, 0x1e, 0x20, 0xff, 0x1e, 0x20, 0x21, 0xff, 0x1e, 0x1f, 0x23, 0xff, 0x1f, 0x20, 0x24, 0xff, 0x1e, 0x21, 0x24, 0xff, 0x20, 0x22, 0x25, 0xff, 0x20, 0x23, 0x26, 0xff, 0x20, 0x24, 0x26, 0xff, 0x21, 0x24, 0x27, 0xff, 0x22, 0x25, 0x28, 0xff, 0x22, 0x25, 0x29, 0xff, 0x22, 0x26, 0x29, 0xff, 0x22, 0x22, 0x22, 0xff, 0x00, 0x00, 0x00, 0xff, 0x59, 0x62, 0x73, 0xff, 0x4d, 0x66, 0x66, 0xff, 0x00, 0x00, 0x00, 0xff, 
  0x00, 0x00, 0x00, 0xff, 0x00, 0x00, 0x00, 0xff, 0x00, 0x00, 0x00, 0xff, 0x00, 0x00, 0x00, 0xff, 0x00, 0x00, 0x00, 0xff, 0x00, 0x00, 0x00, 0xff, 0x00, 0x00, 0x00, 0xff, 0x00, 0x00, 0x00, 0xff, 0x00, 0x00, 0x00, 0xff, 0x00, 0x00, 0x00, 0xff, 0x00, 0x00, 0x00, 0xff, 0x00, 0x00, 0x00, 0xff, 0x00, 0x00, 0x00, 0xff, 0x00, 0x00, 0x00, 0xff, 0x00, 0x00, 0x00, 0xff, 0x00, 0x00, 0x00, 0xff, 0x00, 0x00, 0x00, 0xff, 0x00, 0x00, 0x00, 0xff, 0x00, 0x00, 0x00, 0xff, 0x00, 0x00, 0x00, 0xff, 0x00, 0x00, 0x00, 0xff, 0x00, 0x00, 0x00, 0xff, 0x00, 0x00, 0x00, 0xff, 0x00, 0x00, 0x00, 0xff, 0x00, 0x00, 0x00, 0xff, 0x1c, 0x1c, 0x1c, 0xff, 0x1a, 0x1a, 0x1a, 0xff, 0x11, 0x11, 0x1a, 0xff, 0x19, 0x19, 0x19, 0xff, 0x19, 0x19, 0x19, 0xff, 0x19, 0x19, 0x19, 0xff, 0x19, 0x19, 0x1c, 0xff, 0x19, 0x19, 0x1c, 0xff, 0x1b, 0x1b, 0x1e, 0xff, 0x1b, 0x1b, 0x1e, 0xff, 0x1b, 0x1d, 0x1f, 0xff, 0x1d, 0x1d, 0x21, 0xff, 0x1c, 0x1e, 0x20, 0xff, 0x1c, 0x1e, 0x21, 0xff, 0x1e, 0x1f, 0x23, 0xff, 0x1f, 0x20, 0x23, 0xff, 0x1e, 0x21, 0x24, 0xff, 0x1f, 0x22, 0x25, 0xff, 0x1f, 0x23, 0x26, 0xff, 0x20, 0x24, 0x26, 0xff, 0x21, 0x24, 0x27, 0xff, 0x22, 0x25, 0x27, 0xff, 0x22, 0x26, 0x29, 0xff, 0x23, 0x26, 0x29, 0xff, 0x22, 0x22, 0x22, 0xff, 0x00, 0x00, 0x00, 0xff, 0x54, 0x65, 0x6e, 0xff, 0x4d, 0x66, 0x66, 0xff, 0x00, 0x00, 0x00, 0xff, 
  0x00, 0x00, 0x00, 0xff, 0x00, 0x00, 0x00, 0xff, 0x00, 0x00, 0x00, 0xff, 0x00, 0x00, 0x00, 0xff, 0x00, 0x00, 0x00, 0xff, 0x00, 0x00, 0x00, 0xff, 0x00, 0x00, 0x00, 0xff, 0x00, 0x00, 0x00, 0xff, 0x00, 0x00, 0x00, 0xff, 0x00, 0x00, 0x00, 0xff, 0x00, 0x00, 0x00, 0xff, 0x00, 0x00, 0x00, 0xff, 0x00, 0x00, 0x00, 0xff, 0x00, 0x00, 0x00, 0xff, 0x00, 0x00, 0x00, 0xff, 0x00, 0x00, 0x00, 0xff, 0x00, 0x00, 0x00, 0xff, 0x00, 0x00, 0x00, 0xff, 0x00, 0x00, 0x00, 0xff, 0x00, 0x00, 0x00, 0xff, 0x00, 0x00, 0x00, 0xff, 0x00, 0x00, 0x00, 0xff, 0x00, 0x00, 0x00, 0xff, 0x00, 0x00, 0x00, 0xff, 0x00, 0x00, 0x00, 0xff, 0x00, 0x00, 0x00, 0xff, 0x1a, 0x1a, 0x1a, 0xff, 0x19, 0x19, 0x19, 0xff, 0x13, 0x13, 0x19, 0xff, 0x19, 0x19, 0x19, 0xff, 0x19, 0x19, 0x1d, 0xff, 0x19, 0x19, 0x1c, 0xff, 0x19, 0x19, 0x1c, 0xff, 0x1b, 0x1b, 0x1e, 0xff, 0x1b, 0x1e, 0x20, 0xff, 0x1b, 0x1d, 0x1f, 0xff, 0x1b, 0x1d, 0x1f, 0xff, 0x1d, 0x1e, 0x20, 0xff, 0x1e, 0x20, 0x21, 0xff, 0x1e, 0x1f, 0x23, 0xff, 0x1f, 0x20, 0x23, 0xff, 0x1e, 0x21, 0x24, 0xff, 0x20, 0x22, 0x25, 0xff, 0x20, 0x23, 0x26, 0xff, 0x20, 0x24, 0x26, 0xff, 0x21, 0x24, 0x27, 0xff, 0x22, 0x25, 0x28, 0xff, 0x22, 0x25, 0x29, 0xff, 0x22, 0x26, 0x29, 0xff, 0x22, 0x22, 0x22, 0xff, 0x00, 0x00, 0x00, 0xff, 0x58, 0x66, 0x74, 0xff, 0x4d, 0x66, 0x66, 0xff, 0x00, 0x00, 0x00, 0xff, 
  0x00, 0x00, 0x00, 0xff, 0x00, 0x00, 0x00, 0xff, 0x00, 0x00, 0x00, 0xff, 0x00, 0x00, 0x00, 0xff, 0x00, 0x00, 0x00, 0xff, 0x00, 0x00, 0x00, 0xff, 0x00, 0x00, 0x00, 0xff, 0x00, 0x00, 0x00, 0xff, 0x00, 0x00, 0x00, 0xff, 0x00, 0x00, 0x00, 0xff, 0x00, 0x00, 0x00, 0xff, 0x00, 0x00, 0x00, 0xff, 0x00, 0x00, 0x00, 0xff, 0x00, 0x00, 0x00, 0xff, 0x00, 0x00, 0x00, 0xff, 0x00, 0x00, 0x00, 0xff, 0x00, 0x00, 0x00, 0xff, 0x00, 0x00, 0x00, 0xff, 0x00, 0x00, 0x00, 0xff, 0x00, 0x00, 0x00, 0xff, 0x00, 0x00, 0x00, 0xff, 0x00, 0x00, 0x00, 0xff, 0x00, 0x00, 0x00, 0xff, 0x00, 0x00, 0x00, 0xff, 0x00, 0x00, 0x00, 0xff, 0x1a, 0x1a, 0x1a, 0xff, 0x0d, 0x0d, 0x1a, 0xff, 0x11, 0x11, 0x1a, 0xff, 0x19, 0x19, 0x19, 0xff, 0x19, 0x19, 0x19, 0xff, 0x19, 0x19, 0x19, 0xff, 0x19, 0x19, 0x1c, 0xff, 0x19, 0x1c, 0x1c, 0xff, 0x1b, 0x1b, 0x1e, 0xff, 0x1b, 0x1b, 0x1e, 0xff, 0x1b, 0x1d, 0x1f, 0xff, 0x1d, 0x1f, 0x21, 0xff, 0x1d, 0x1e, 0x20, 0xff, 0x1c, 0x20, 0x21, 0xff, 0x1e, 0x1f, 0x23, 0xff, 0x1f, 0x20, 0x23, 0xff, 0x1e, 0x21, 0x24, 0xff, 0x20, 0x22, 0x25, 0xff, 0x1f, 0x23, 0x26, 0xff, 0x21, 0x24, 0x26, 0xff, 0x21, 0x24, 0x27, 0xff, 0x22, 0x25, 0x28, 0xff, 0x22, 0x26, 0x29, 0xff, 0x22, 0x26, 0x2a, 0xff, 0x00, 0x2a, 0x2a, 0xff, 0x00, 0x00, 0x00, 0xff, 0x57, 0x65, 0x6f, 0xff, 0x55, 0x71, 0x71, 0xff, 0x00, 0x00, 0x00, 0xff, 
  0x00, 0x00, 0x00, 0xff, 0x00, 0x00, 0x00, 0xff, 0x00, 0x00, 0x00, 0xff, 0x00, 0x00, 0x00, 0xff, 0x00, 0x00, 0x00, 0xff, 0x00, 0x00, 0x00, 0xff, 0x00, 0x00, 0x00, 0xff, 0x00, 0x00, 0x00, 0xff, 0x00, 0x00, 0x00, 0xff, 0x00, 0x00, 0x00, 0xff, 0x00, 0x00, 0x00, 0xff, 0x00, 0x00, 0x00, 0xff, 0x00, 0x00, 0x00, 0xff, 0x00, 0x00, 0x00, 0xff, 0x00, 0x00, 0x00, 0xff, 0x00, 0x00, 0x00, 0xff, 0x00, 0x00, 0x00, 0xff, 0x00, 0x00, 0x00, 0xff, 0x00, 0x00, 0x00, 0xff, 0x00, 0x00, 0x00, 0xff, 0x00, 0x00, 0x00, 0xff, 0x00, 0x00, 0x00, 0xff, 0x00, 0x00, 0x00, 0xff, 0x00, 0x00, 0x00, 0xff, 0x00, 0x00, 0x00, 0xff, 0x00, 0x00, 0x1a, 0xff, 0x0d, 0x0d, 0x0d, 0xff, 0x19, 0x19, 0x19, 0xff, 0x19, 0x19, 0x19, 0xff, 0x19, 0x19, 0x19, 0xff, 0x19, 0x19, 0x19, 0xff, 0x19, 0x19, 0x1c, 0xff, 0x19, 0x1c, 0x1c, 0xff, 0x1b, 0x1b, 0x1e, 0xff, 0x1b, 0x1b, 0x1e, 0xff, 0x1b, 0x1d, 0x1f, 0xff, 0x1d, 0x1d, 0x21, 0xff, 0x1c, 0x1e, 0x22, 0xff, 0x1e, 0x20, 0x21, 0xff, 0x1e, 0x21, 0x23, 0xff, 0x1f, 0x20, 0x23, 0xff, 0x1e, 0x21, 0x24, 0xff, 0x20, 0x22, 0x25, 0xff, 0x20, 0x23, 0x26, 0xff, 0x20, 0x24, 0x26, 0xff, 0x21, 0x24, 0x27, 0xff, 0x22, 0x25, 0x27, 0xff, 0x21, 0x27, 0x29, 0xff, 0x24, 0x24, 0x24, 0xff, 0x00, 0x00, 0x00, 0xff, 0x00, 0x80, 0x80, 0xff, 0x55, 0x63, 0x71, 0xff, 0x55, 0x55, 0x71, 0xff, 0x00, 0x00, 0x00, 0xff, 
  0x00, 0x00, 0x00, 0xff, 0x00, 0x00, 0x00, 0xff, 0x00, 0x00, 0x00, 0xff, 0x00, 0x00, 0x00, 0xff, 0x00, 0x00, 0x00, 0xff, 0x00, 0x00, 0x00, 0xff, 0x00, 0x00, 0x00, 0xff, 0x00, 0x00, 0x00, 0xff, 0x00, 0x00, 0x00, 0xff, 0x00, 0x00, 0x00, 0xff, 0x00, 0x00, 0x00, 0xff, 0x00, 0x00, 0x00, 0xff, 0x00, 0x00, 0x00, 0xff, 0x00, 0x00, 0x00, 0xff, 0x00, 0x00, 0x00, 0xff, 0x00, 0x00, 0x00, 0xff, 0x00, 0x00, 0x00, 0xff, 0x00, 0x00, 0x00, 0xff, 0x00, 0x00, 0x00, 0xff, 0x00, 0x00, 0x00, 0xff, 0x00, 0x00, 0x00, 0xff, 0x00, 0x00, 0x00, 0xff, 0x00, 0x00, 0x00, 0xff, 0x00, 0x00, 0x00, 0xff, 0x00, 0x00, 0x00, 0xff, 0x00, 0x00, 0x00, 0xff, 0x1a, 0x1a, 0x1a, 0xff, 0x19, 0x19, 0x19, 0xff, 0x19, 0x19, 0x19, 0xff, 0x14, 0x14, 0x19, 0xff, 0x19, 0x19, 0x1d, 0xff, 0x19, 0x19, 0x1c, 0xff, 0x19, 0x1c, 0x1c, 0xff, 0x19, 0x1b, 0x1b, 0xff, 0x1b, 0x1e, 0x20, 0xff, 0x1b, 0x1d, 0x1f, 0xff, 0x1d, 0x1f, 0x21, 0xff, 0x1d, 0x1e, 0x20, 0xff, 0x1e, 0x20, 0x21, 0xff, 0x1e, 0x1f, 0x23, 0xff, 0x1f, 0x20, 0x24, 0xff, 0x1e, 0x21, 0x24, 0xff, 0x20, 0x22, 0x25, 0xff, 0x20, 0x23, 0x26, 0xff, 0x20, 0x24, 0x26, 0xff, 0x21, 0x24, 0x27, 0xff, 0x22, 0x26, 0x28, 0xff, 0x1a, 0x26, 0x26, 0xff, 0x00, 0x00, 0x00, 0xff, 0x00, 0x00, 0x80, 0xff, 0x55, 0x67, 0x6d, 0xff, 0x55, 0x63, 0x71, 0xff, 0x00, 0x00, 0x00, 0xff, 0x00, 0x00, 0x00, 0xff, 
  0x00, 0x00, 0x00, 0xff, 0x00, 0x00, 0x00, 0xff, 0x00, 0x00, 0x00, 0xff, 0x00, 0x00, 0x00, 0xff, 0x00, 0x00, 0x00, 0xff, 0x00, 0x00, 0x00, 0xff, 0x00, 0x00, 0x00, 0xff, 0x00, 0x00, 0x00, 0xff, 0x00, 0x00, 0x00, 0xff, 0x00, 0x00, 0x00, 0xff, 0x00, 0x00, 0x00, 0xff, 0x00, 0x00, 0x00, 0xff, 0x00, 0x00, 0x00, 0xff, 0x00, 0x00, 0x00, 0xff, 0x00, 0x00, 0x00, 0xff, 0x00, 0x00, 0x00, 0xff, 0x00, 0x00, 0x00, 0xff, 0x00, 0x00, 0x00, 0xff, 0x00, 0x00, 0x00, 0xff, 0x00, 0x00, 0x00, 0xff, 0x00, 0x00, 0x00, 0xff, 0x00, 0x00, 0x00, 0xff, 0x00, 0x00, 0x00, 0xff, 0x00, 0x00, 0x00, 0xff, 0x00, 0x00, 0x00, 0xff, 0x1a, 0x1a, 0x1a, 0xff, 0x1a, 0x1a, 0x1a, 0xff, 0x1a, 0x1a, 0x1a, 0xff, 0x13, 0x13, 0x19, 0xff, 0x19, 0x19, 0x19, 0xff, 0x19, 0x19, 0x19, 0xff, 0x19, 0x19, 0x1c, 0xff, 0x1c, 0x1c, 0x1c, 0xff, 0x1b, 0x1b, 0x1e, 0xff, 0x1b, 0x1b, 0x1e, 0xff, 0x1b, 0x1d, 0x1f, 0xff, 0x1d, 0x1d, 0x21, 0xff, 0x1c, 0x1e, 0x20, 0xff, 0x1e, 0x20, 0x21, 0xff, 0x1e, 0x1f, 0x23, 0xff, 0x1f, 0x20, 0x23, 0xff, 0x1e, 0x21, 0x24, 0xff, 0x1f, 0x22, 0x25, 0xff, 0x20, 0x23, 0x26, 0xff, 0x20, 0x24, 0x26, 0xff, 0x20, 0x25, 0x27, 0xff, 0x1a, 0x26, 0x26, 0xff, 0x00, 0x00, 0x00, 0xff, 0x00, 0x00, 0x80, 0xff, 0x59, 0x66, 0x73, 0xff, 0x5a, 0x62, 0x70, 0xff, 0x00, 0x00, 0x00, 0xff, 0x00, 0x00, 0x00, 0xff, 0x00, 0x00, 0x00, 0xff, 
  0x00, 0x00, 0x00, 0xff, 0x00, 0x00, 0x00, 0xff, 0x00, 0x00, 0x00, 0xff, 0x00, 0x00, 0x00, 0xff, 0x00, 0x00, 0x00, 0xff, 0x00, 0x00, 0x00, 0xff, 0x00, 0x00, 0x00, 0xff, 0x00, 0x00, 0x00, 0xff, 0x00, 0x00, 0x00, 0xff, 0x00, 0x00, 0x00, 0xff, 0x00, 0x00, 0x00, 0xff, 0x00, 0x00, 0x00, 0xff, 0x00, 0x00, 0x00, 0xff, 0x00, 0x00, 0x00, 0xff, 0x00, 0x00, 0x00, 0xff, 0x00, 0x00, 0x00, 0xff, 0x00, 0x00, 0x00, 0xff, 0x00, 0x00, 0x00, 0xff, 0x00, 0x00, 0x00, 0xff, 0x00, 0x00, 0x00, 0xff, 0x00, 0x00, 0x00, 0xff, 0x00, 0x00, 0x00, 0xff, 0x00, 0x00, 0x00, 0xff, 0x00, 0x00, 0x00, 0xff, 0x00, 0x00, 0x00, 0xff, 0x1a, 0x1a, 0x1a, 0xff, 0x0d, 0x0d, 0x1a, 0xff, 0x19, 0x19, 0x19, 0xff, 0x19, 0x19, 0x19, 0xff, 0x19, 0x19, 0x19, 0xff, 0x19, 0x19, 0x1d, 0xff, 0x19, 0x19, 0x1c, 0xff, 0x19, 0x1c, 0x1c, 0xff, 0x1b, 0x1b, 0x1e, 0xff, 0x1b, 0x1b, 0x1e, 0xff, 0x1b, 0x1d, 0x1f, 0xff, 0x1d, 0x1d, 0x21, 0xff, 0x1d, 0x1e, 0x20, 0xff, 0x1e, 0x20, 0x21, 0xff, 0x1e, 0x21, 0x23, 0xff, 0x1f, 0x20, 0x23, 0xff, 0x1e, 0x21, 0x24, 0xff, 0x20, 0x22, 0x25, 0xff, 0x20, 0x23, 0x26, 0xff, 0x21, 0x24, 0x27, 0xff, 0x1b, 0x1b, 0x28, 0xff, 0x00, 0x00, 0x00, 0xff, 0x00, 0x00, 0x80, 0xff, 0x57, 0x65, 0x72, 0xff, 0x55, 0x64, 0x74, 0xff, 0x00, 0x00, 0x00, 0xff, 0x00, 0x00, 0x00, 0xff, 0x00, 0x00, 0x00, 0xff, 0x00, 0x00, 0x00, 0xff, 
  0x00, 0x00, 0x00, 0xff, 0x00, 0x00, 0x00, 0xff, 0x00, 0x00, 0x00, 0xff, 0x00, 0x00, 0x00, 0xff, 0x00, 0x00, 0x00, 0xff, 0x00, 0x00, 0x00, 0xff, 0x00, 0x00, 0x00, 0xff, 0x00, 0x00, 0x00, 0xff, 0x00, 0x00, 0x00, 0xff, 0x00, 0x00, 0x00, 0xff, 0x00, 0x00, 0x00, 0xff, 0x00, 0x00, 0x00, 0xff, 0x00, 0x00, 0x00, 0xff, 0x00, 0x00, 0x00, 0xff, 0x00, 0x00, 0x00, 0xff, 0x00, 0x00, 0x00, 0xff, 0x00, 0x00, 0x00, 0xff, 0x00, 0x00, 0x00, 0xff, 0x00, 0x00, 0x00, 0xff, 0x00, 0x00, 0x00, 0xff, 0x00, 0x00, 0x00, 0xff, 0x00, 0x00, 0x00, 0xff, 0x00, 0x00, 0x00, 0xff, 0x00, 0x00, 0x00, 0xff, 0x00, 0x00, 0x00, 0xff, 0x00, 0x00, 0x1a, 0xff, 0x0d, 0x0d, 0x0d, 0xff, 0x19, 0x19, 0x19, 0xff, 0x19, 0x19, 0x19, 0xff, 0x14, 0x14, 0x19, 0xff, 0x19, 0x19, 0x1d, 0xff, 0x19, 0x19, 0x1c, 0xff, 0x19, 0x1c, 0x1c, 0xff, 0x1b, 0x1b, 0x1e, 0xff, 0x1b, 0x1b, 0x1e, 0xff, 0x1d, 0x1d, 0x1f, 0xff, 0x1d, 0x1d, 0x21, 0xff, 0x1d, 0x1e, 0x20, 0xff, 0x1e, 0x20, 0x21, 0xff, 0x1e, 0x1f, 0x23, 0xff, 0x1f, 0x20, 0x24, 0xff, 0x1e, 0x21, 0x24, 0xff, 0x20, 0x22, 0x25, 0xff, 0x21, 0x24, 0x25, 0xff, 0x1c, 0x1c, 0x1c, 0xff, 0x00, 0x00, 0x00, 0xff, 0x00, 0x00, 0x00, 0xff, 0x55, 0x63, 0x71, 0xff, 0x5a, 0x63, 0x73, 0xff, 0x00, 0x00, 0x00, 0xff, 0x00, 0x00, 0x00, 0xff, 0x00, 0x00, 0x00, 0xff, 0x00, 0x00, 0x00, 0xff, 0x00, 0x00, 0x00, 0xff, 
  0x00, 0x00, 0x00, 0xff, 0x00, 0x00, 0x00, 0xff, 0x00, 0x00, 0x00, 0xff, 0x00, 0x00, 0x00, 0xff, 0x00, 0x00, 0x00, 0xff, 0x00, 0x00, 0x00, 0xff, 0x00, 0x00, 0x00, 0xff, 0x00, 0x00, 0x00, 0xff, 0x00, 0x00, 0x00, 0xff, 0x00, 0x00, 0x00, 0xff, 0x00, 0x00, 0x00, 0xff, 0x00, 0x00, 0x00, 0xff, 0x00, 0x00, 0x00, 0xff, 0x00, 0x00, 0x00, 0xff, 0x00, 0x00, 0x00, 0xff, 0x00, 0x00, 0x00, 0xff, 0x00, 0x00, 0x00, 0xff, 0x00, 0x00, 0x00, 0xff, 0x00, 0x00, 0x00, 0xff, 0x00, 0x00, 0x00, 0xff, 0x00, 0x00, 0x00, 0xff, 0x00, 0x00, 0x00, 0xff, 0x00, 0x00, 0x00, 0xff, 0x00, 0x00, 0x00, 0xff, 0x00, 0x00, 0x00, 0xff, 0x1c, 0x1c, 0x1c, 0xff, 0x1a, 0x1a, 0x1a, 0xff, 0x11, 0x11, 0x1a, 0xff, 0x19, 0x19, 0x19, 0xff, 0x19, 0x19, 0x19, 0xff, 0x19, 0x19, 0x19, 0xff, 0x19, 0x19, 0x1c, 0xff, 0x19, 0x19, 0x1c, 0xff, 0x1b, 0x1b, 0x1e, 0xff, 0x1b, 0x1b, 0x1e, 0xff, 0x1b, 0x1d, 0x1f, 0xff, 0x1d, 0x1d, 0x21, 0xff, 0x1c, 0x1e, 0x20, 0xff, 0x1c, 0x1e, 0x21, 0xff, 0x1e, 0x1f, 0x23, 0xff, 0x1f, 0x20, 0x23, 0xff, 0x1e, 0x21, 0x24, 0xff, 0x1f, 0x23, 0x26, 0xff, 0x1e, 0x1e, 0x1e, 0xff, 0x00, 0x00, 0x00, 0xff, 0x00, 0x00, 0x00, 0xff, 0x5a, 0x62, 0x70, 0xff, 0x58, 0x61, 0x72, 0xff, 0x00, 0x00, 0x00, 0xff, 0x00, 0x00, 0x00, 0xff, 0x00, 0x00, 0x00, 0xff, 0x00, 0x00, 0x00, 0xff, 0x00, 0x00, 0x00, 0xff, 0x00, 0x00, 0x00, 0xff, 
  0x00, 0x00, 0x00, 0xff, 0x00, 0x00, 0x00, 0xff, 0x00, 0x00, 0x00, 0xff, 0x00, 0x00, 0x00, 0xff, 0x00, 0x00, 0x00, 0xff, 0x00, 0x00, 0x00, 0xff, 0x00, 0x00, 0x00, 0xff, 0x00, 0x00, 0x00, 0xff, 0x00, 0x00, 0x00, 0xff, 0x00, 0x00, 0x00, 0xff, 0x00, 0x00, 0x00, 0xff, 0x00, 0x00, 0x00, 0xff, 0x00, 0x00, 0x00, 0xff, 0x00, 0x00, 0x00, 0xff, 0x00, 0x00, 0x00, 0xff, 0x00, 0x00, 0x00, 0xff, 0x00, 0x00, 0x00, 0xff, 0x00, 0x00, 0x00, 0xff, 0x00, 0x00, 0x00, 0xff, 0x00, 0x00, 0x00, 0xff, 0x00, 0x00, 0x00, 0xff, 0x00, 0x00, 0x00, 0xff, 0x00, 0x00, 0x00, 0xff, 0x00, 0x00, 0x00, 0xff, 0x00, 0x00, 0x00, 0xff, 0x00, 0x00, 0x00, 0xff, 0x1a, 0x1a, 0x1a, 0xff, 0x19, 0x19, 0x19, 0xff, 0x13, 0x13, 0x19, 0xff, 0x19, 0x19, 0x19, 0xff, 0x19, 0x19, 0x1d, 0xff, 0x19, 0x19, 0x1c, 0xff, 0x19, 0x19, 0x1c, 0xff, 0x1b, 0x1b, 0x1e, 0xff, 0x1b, 0x1e, 0x20, 0xff, 0x1b, 0x1d, 0x1f, 0xff, 0x1b, 0x1d, 0x1f, 0xff, 0x1d, 0x1e, 0x20, 0xff, 0x1e, 0x20, 0x21, 0xff, 0x1e, 0x1f, 0x23, 0xff, 0x1f, 0x20, 0x23, 0xff, 0x1f, 0x21, 0x25, 0xff, 0x20, 0x20, 0x20, 0xff, 0x00, 0x00, 0x00, 0xff, 0x00, 0x00, 0x00, 0xff, 0x55, 0x64, 0x6c, 0xff, 0x5b, 0x64, 0x6d, 0xff, 0x00, 0x00, 0x00, 0xff, 0x00, 0x00, 0x00, 0xff, 0x00, 0x00, 0x00, 0xff, 0x00, 0x00, 0x00, 0xff, 0x00, 0x00, 0x00, 0xff, 0x00, 0x00, 0x00, 0xff, 0x00, 0x00, 0x00, 0xff, 
  0x00, 0x00, 0x00, 0xff, 0x00, 0x00, 0x00, 0xff, 0x00, 0x00, 0x00, 0xff, 0x00, 0x00, 0x00, 0xff, 0x00, 0x00, 0x00, 0xff, 0x00, 0x00, 0x00, 0xff, 0x00, 0x00, 0x00, 0xff, 0x00, 0x00, 0x00, 0xff, 0x00, 0x00, 0x00, 0xff, 0x00, 0x00, 0x00, 0xff, 0x00, 0x00, 0x00, 0xff, 0x00, 0x00, 0x00, 0xff, 0x00, 0x00, 0x00, 0xff, 0x00, 0x00, 0x00, 0xff, 0x00, 0x00, 0x00, 0xff, 0x00, 0x00, 0x00, 0xff, 0x00, 0x00, 0x00, 0xff, 0x00, 0x00, 0x00, 0xff, 0x00, 0x00, 0x00, 0xff, 0x00, 0x00, 0x00, 0xff, 0x00, 0x00, 0x00, 0xff, 0x00, 0x00, 0x00, 0xff, 0x00, 0x00, 0x00, 0xff, 0x00, 0x00, 0x00, 0xff, 0x00, 0x00, 0x00, 0xff, 0x1a, 0x1a, 0x1a, 0xff, 0x0d, 0x0d, 0x1a, 0xff, 0x11, 0x11, 0x1a, 0xff, 0x19, 0x19, 0x19, 0xff, 0x19, 0x19, 0x19, 0xff, 0x19, 0x19, 0x19, 0xff, 0x19, 0x19, 0x1c, 0xff, 0x19, 0x1c, 0x1c, 0xff, 0x1b, 0x1b, 0x1e, 0xff, 0x1b, 0x1b, 0x1e, 0xff, 0x1b, 0x1d, 0x1f, 0xff, 0x1d, 0x1f, 0x21, 0xff, 0x1d, 0x1e, 0x20, 0xff, 0x1c, 0x20, 0x21, 0xff, 0x1e, 0x1f, 0x23, 0xff, 0x20, 0x22, 0x23, 0xff, 0x11, 0x22, 0x22, 0xff, 0x00, 0x00, 0x00, 0xff, 0x00, 0x00, 0x00, 0xff, 0x5a, 0x63, 0x73, 0xff, 0x58, 0x6c, 0x76, 0xff, 0x00, 0x00, 0x00, 0xff, 0x00, 0x00, 0x00, 0xff, 0x00, 0x00, 0x00, 0xff, 0x00, 0x00, 0x00, 0xff, 0x00, 0x00, 0x00, 0xff, 0x00, 0x00, 0x00, 0xff, 0x00, 0x00, 0x00, 0xff, 0x00, 0x00, 0x00, 0xff, 
  0x00, 0x00, 0x00, 0xff, 0x00, 0x00, 0x00, 0xff, 0x00, 0x00, 0x00, 0xff, 0x00, 0x00, 0x00, 0xff, 0x00, 0x00, 0x00, 0xff, 0x00, 0x00, 0x00, 0xff, 0x00, 0x00, 0x00, 0xff, 0x00, 0x00, 0x00, 0xff, 0x00, 0x00, 0x00, 0xff, 0x00, 0x00, 0x00, 0xff, 0x00, 0x00, 0x00, 0xff, 0x00, 0x00, 0x00, 0xff, 0x00, 0x00, 0x00, 0xff, 0x00, 0x00, 0x00, 0xff, 0x00, 0x00, 0x00, 0xff, 0x00, 0x00, 0x00, 0xff, 0x00, 0x00, 0x00, 0xff, 0x00, 0x00, 0x00, 0xff, 0x00, 0x00, 0x00, 0xff, 0x00, 0x00, 0x00, 0xff, 0x00, 0x00, 0x00, 0xff, 0x00, 0x00, 0x00, 0xff, 0x00, 0x00, 0x00, 0xff, 0x00, 0x00, 0x00, 0xff, 0x00, 0x00, 0x00, 0xff, 0x00, 0x00, 0x1a, 0xff, 0x0d, 0x0d, 0x0d, 0xff, 0x19, 0x19, 0x19, 0xff, 0x19, 0x19, 0x19, 0xff, 0x19, 0x19, 0x19, 0xff, 0x19, 0x19, 0x19, 0xff, 0x19, 0x19, 0x1c, 0xff, 0x19, 0x1c, 0x1c, 0xff, 0x1b, 0x1b, 0x1e, 0xff, 0x1b, 0x1b, 0x1e, 0xff, 0x1b, 0x1d, 0x1f, 0xff, 0x1d, 0x1d, 0x21, 0xff, 0x1c, 0x1e, 0x22, 0xff, 0x1e, 0x20, 0x21, 0xff, 0x1e, 0x20, 0x24, 0xff, 0x12, 0x12, 0x24, 0xff, 0x00, 0x00, 0x00, 0xff, 0x00, 0x00, 0x00, 0xff, 0x52, 0x64, 0x6d, 0xff, 0x55, 0x6a, 0x75, 0xff, 0x00, 0x00, 0x00, 0xff, 0x00, 0x00, 0x00, 0xff, 0x00, 0x00, 0x00, 0xff, 0x00, 0x00, 0x00, 0xff, 0x00, 0x00, 0x00, 0xff, 0x00, 0x00, 0x00, 0xff, 0x00, 0x00, 0x00, 0xff, 0x00, 0x00, 0x00, 0xff, 0x00, 0x00, 0x00, 0xff, 
  0x00, 0x00, 0x00, 0xff, 0x00, 0x00, 0x00, 0xff, 0x00, 0x00, 0x00, 0xff, 0x00, 0x00, 0x00, 0xff, 0x00, 0x00, 0x00, 0xff, 0x00, 0x00, 0x00, 0xff, 0x00, 0x00, 0x00, 0xff, 0x00, 0x00, 0x00, 0xff, 0x00, 0x00, 0x00, 0xff, 0x00, 0x00, 0x00, 0xff, 0x00, 0x00, 0x00, 0xff, 0x00, 0x00, 0x00, 0xff, 0x00, 0x00, 0x00, 0xff, 0x00, 0x00, 0x00, 0xff, 0x00, 0x00, 0x00, 0xff, 0x00, 0x00, 0x00, 0xff, 0x00, 0x00, 0x00, 0xff, 0x00, 0x00, 0x00, 0xff, 0x00, 0x00, 0x00, 0xff, 0x00, 0x00, 0x00, 0xff, 0x00, 0x00, 0x00, 0xff, 0x00, 0x00, 0x00, 0xff, 0x00, 0x00, 0x00, 0xff, 0x00, 0x00, 0x00, 0xff, 0x00, 0x00, 0x00, 0xff, 0x00, 0x00, 0x00, 0xff, 0x1a, 0x1a, 0x1a, 0xff, 0x19, 0x19, 0x19, 0xff, 0x19, 0x19, 0x19, 0xff, 0x14, 0x14, 0x19, 0xff, 0x19, 0x19, 0x1d, 0xff, 0x19, 0x19, 0x1c, 0xff, 0x19, 0x1c, 0x1c, 0xff, 0x19, 0x1b, 0x1b, 0xff, 0x1b, 0x1e, 0x20, 0xff, 0x1b, 0x1d, 0x1f, 0xff, 0x1d, 0x1f, 0x21, 0xff, 0x1d, 0x1e, 0x20, 0xff, 0x1e, 0x20, 0x22, 0xff, 0x14, 0x14, 0x14, 0xff, 0x00, 0x00, 0x00, 0xff, 0x00, 0x00, 0x00, 0xff, 0x58, 0x62, 0x76, 0xff, 0x4e, 0x64, 0x6f, 0xff, 0x00, 0x00, 0x00, 0xff, 0x00, 0x00, 0x00, 0xff, 0x00, 0x00, 0x00, 0xff, 0x00, 0x00, 0x00, 0xff, 0x00, 0x00, 0x00, 0xff, 0x00, 0x00, 0x00, 0xff, 0x00, 0x00, 0x00, 0xff, 0x00, 0x00, 0x00, 0xff, 0x00, 0x00, 0x00, 0xff, 0x00, 0x00, 0x00, 0xff, 
  0x00, 0x00, 0x00, 0xff, 0x00, 0x00, 0x00, 0xff, 0x00, 0x00, 0x00, 0xff, 0x00, 0x00, 0x00, 0xff, 0x00, 0x00, 0x00, 0xff, 0x00, 0x00, 0x00, 0xff, 0x00, 0x00, 0x00, 0xff, 0x00, 0x00, 0x00, 0xff, 0x00, 0x00, 0x00, 0xff, 0x00, 0x00, 0x00, 0xff, 0x00, 0x00, 0x00, 0xff, 0x00, 0x00, 0x00, 0xff, 0x00, 0x00, 0x00, 0xff, 0x00, 0x00, 0x00, 0xff, 0x00, 0x00, 0x00, 0xff, 0x00, 0x00, 0x00, 0xff, 0x00, 0x00, 0x00, 0xff, 0x00, 0x00, 0x00, 0xff, 0x00, 0x00, 0x00, 0xff, 0x00, 0x00, 0x00, 0xff, 0x00, 0x00, 0x00, 0xff, 0x00, 0x00, 0x00, 0xff, 0x00, 0x00, 0x00, 0xff, 0x00, 0x00, 0x00, 0xff, 0x00, 0x00, 0x00, 0xff, 0x1a, 0x1a, 0x1a, 0xff, 0x1a, 0x1a, 0x1a, 0xff, 0x1a, 0x1a, 0x1a, 0xff, 0x13, 0x13, 0x19, 0xff, 0x19, 0x19, 0x19, 0xff, 0x19, 0x19, 0x19, 0xff, 0x19, 0x19, 0x1c, 0xff, 0x1c, 0x1c, 0x1c, 0xff, 0x1b, 0x1b, 0x1e, 0xff, 0x1b, 0x1b, 0x1e, 0xff, 0x1b, 0x1d, 0x1f, 0xff, 0x1d, 0x1d, 0x21, 0xff, 0x1e, 0x1e, 0x20, 0xff, 0x15, 0x15, 0x15, 0xff, 0x00, 0x00, 0x00, 0xff, 0x00, 0x00, 0x00, 0xff, 0x55, 0x6a, 0x75, 0xff, 0x55, 0x61, 0x6d, 0xff, 0x00, 0x00, 0x00, 0xff, 0x00, 0x00, 0x00, 0xff, 0x00, 0x00, 0x00, 0xff, 0x00, 0x00, 0x00, 0xff, 0x00, 0x00, 0x00, 0xff, 0x00, 0x00, 0x00, 0xff, 0x00, 0x00, 0x00, 0xff, 0x00, 0x00, 0x00, 0xff, 0x00, 0x00, 0x00, 0xff, 0x00, 0x00, 0x00, 0xff, 0x00, 0x00, 0x00, 0xff, 
  0x00, 0x00, 0x00, 0xff, 0x00, 0x00, 0x00, 0xff, 0x00, 0x00, 0x00, 0xff, 0x00, 0x00, 0x00, 0xff, 0x00, 0x00, 0x00, 0xff, 0x00, 0x00, 0x00, 0xff, 0x00, 0x00, 0x00, 0xff, 0x00, 0x00, 0x00, 0xff, 0x00, 0x00, 0x00, 0xff, 0x00, 0x00, 0x00, 0xff, 0x00, 0x00, 0x00, 0xff, 0x00, 0x00, 0x00, 0xff, 0x00, 0x00, 0x00, 0xff, 0x00, 0x00, 0x00, 0xff, 0x00, 0x00, 0x00, 0xff, 0x00, 0x00, 0x00, 0xff, 0x00, 0x00, 0x00, 0xff, 0x00, 0x00, 0x00, 0xff, 0x00, 0x00, 0x00, 0xff, 0x00, 0x00, 0x00, 0xff, 0x00, 0x00, 0x00, 0xff, 0x00, 0x00, 0x00, 0xff, 0x00, 0x00, 0x00, 0xff, 0x00, 0x00, 0x00, 0xff, 0x00, 0x00, 0x00, 0xff, 0x1a, 0x1a, 0x1a, 0xff, 0x0d, 0x0d, 0x1a, 0xff, 0x19, 0x19, 0x19, 0xff, 0x19, 0x19, 0x19, 0xff, 0x19, 0x19, 0x19, 0xff, 0x19, 0x19, 0x1d, 0xff, 0x19, 0x19, 0x1c, 0xff, 0x19, 0x1c, 0x1c, 0xff, 0x1b, 0x1b, 0x1e, 0xff, 0x1b, 0x1b, 0x1e, 0xff, 0x1b, 0x1d, 0x1f, 0xff, 0x1b, 0x1d, 0x20, 0xff, 0x17, 0x17, 0x17, 0xff, 0x00, 0x00, 0x00, 0xff, 0x00, 0x00, 0x00, 0xff, 0x59, 0x64, 0x6f, 0xff, 0x4d, 0x66, 0x73, 0xff, 0x00, 0x00, 0x00, 0xff, 0x00, 0x00, 0x00, 0xff, 0x00, 0x00, 0x00, 0xff, 0x00, 0x00, 0x00, 0xff, 0x00, 0x00, 0x00, 0xff, 0x00, 0x00, 0x00, 0xff, 0x00, 0x00, 0x00, 0xff, 0x00, 0x00, 0x00, 0xff, 0x00, 0x00, 0x00, 0xff, 0x00, 0x00, 0x00, 0xff, 0x00, 0x00, 0x00, 0xff, 0x00, 0x00, 0x00, 0xff, 
  0x00, 0x00, 0x00, 0xff, 0x00, 0x00, 0x00, 0xff, 0x00, 0x00, 0x00, 0xff, 0x00, 0x00, 0x00, 0xff, 0x00, 0x00, 0x00, 0xff, 0x00, 0x00, 0x00, 0xff, 0x00, 0x00, 0x00, 0xff, 0x00, 0x00, 0x00, 0xff, 0x00, 0x00, 0x00, 0xff, 0x00, 0x00, 0x00, 0xff, 0x00, 0x00, 0x00, 0xff, 0x00, 0x00, 0x00, 0xff, 0x00, 0x00, 0x00, 0xff, 0x00, 0x00, 0x00, 0xff, 0x00, 0x00, 0x00, 0xff, 0x00, 0x00, 0x00, 0xff, 0x00, 0x00, 0x00, 0xff, 0x00, 0x00, 0x00, 0xff, 0x00, 0x00, 0x00, 0xff, 0x00, 0x00, 0x00, 0xff, 0x00, 0x00, 0x00, 0xff, 0x00, 0x00, 0x00, 0xff, 0x00, 0x00, 0x00, 0xff, 0x00, 0x00, 0x00, 0xff, 0x00, 0x00, 0x00, 0xff, 0x00, 0x00, 0x1a, 0xff, 0x0d, 0x0d, 0x0d, 0xff, 0x19, 0x19, 0x19, 0xff, 0x19, 0x19, 0x19, 0xff, 0x14, 0x14, 0x19, 0xff, 0x19, 0x19, 0x1d, 0xff, 0x19, 0x19, 0x1c, 0xff, 0x19, 0x1c, 0x1c, 0xff, 0x1b, 0x1b, 0x1e, 0xff, 0x1b, 0x1b, 0x1e, 0xff, 0x1d, 0x1d, 0x1f, 0xff, 0x1b, 0x1e, 0x20, 0xff, 0x00, 0x00, 0x00, 0xff, 0x00, 0x00, 0x00, 0xff, 0x55, 0x61, 0x6d, 0xff, 0x55, 0x63, 0x71, 0xff, 0x00, 0x00, 0x00, 0xff, 0x00, 0x00, 0x00, 0xff, 0x00, 0x00, 0x00, 0xff, 0x00, 0x00, 0x00, 0xff, 0x00, 0x00, 0x00, 0xff, 0x00, 0x00, 0x00, 0xff, 0x00, 0x00, 0x00, 0xff, 0x00, 0x00, 0x00, 0xff, 0x00, 0x00, 0x00, 0xff, 0x00, 0x00, 0x00, 0xff, 0x00, 0x00, 0x00, 0xff, 0x00, 0x00, 0x00, 0xff, 0x00, 0x00, 0x00, 0xff, 
  0x00, 0x00, 0x00, 0xff, 0x00, 0x00, 0x00, 0xff, 0x00, 0x00, 0x00, 0xff, 0x00, 0x00, 0x00, 0xff, 0x00, 0x00, 0x00, 0xff, 0x00, 0x00, 0x00, 0xff, 0x00, 0x00, 0x00, 0xff, 0x00, 0x00, 0x00, 0xff, 0x00, 0x00, 0x00, 0xff, 0x00, 0x00, 0x00, 0xff, 0x00, 0x00, 0x00, 0xff, 0x00, 0x00, 0x00, 0xff, 0x00, 0x00, 0x00, 0xff, 0x00, 0x00, 0x00, 0xff, 0x00, 0x00, 0x00, 0xff, 0x00, 0x00, 0x00, 0xff, 0x00, 0x00, 0x00, 0xff, 0x00, 0x00, 0x00, 0xff, 0x00, 0x00, 0x00, 0xff, 0x00, 0x00, 0x00, 0xff, 0x00, 0x00, 0x00, 0xff, 0x00, 0x00, 0x00, 0xff, 0x00, 0x00, 0x00, 0xff, 0x00, 0x00, 0x00, 0xff, 0x00, 0x00, 0x00, 0xff, 0x1c, 0x1c, 0x1c, 0xff, 0x1a, 0x1a, 0x1a, 0xff, 0x11, 0x11, 0x1a, 0xff, 0x19, 0x19, 0x19, 0xff, 0x19, 0x19, 0x19, 0xff, 0x19, 0x19, 0x19, 0xff, 0x19, 0x19, 0x1c, 0xff, 0x19, 0x19, 0x1c, 0xff, 0x1b, 0x1b, 0x1e, 0xff, 0x1b, 0x1b, 0x1e, 0xff, 0x1b, 0x1d, 0x1f, 0xff, 0x1b, 0x1e, 0x20, 0xff, 0x00, 0x00, 0x00, 0xff, 0x50, 0x60, 0x70, 0xff, 0x4b, 0x5a, 0x69, 0xff, 0x00, 0x00, 0x00, 0xff, 0x00, 0x00, 0x00, 0xff, 0x00, 0x00, 0x00, 0xff, 0x00, 0x00, 0x00, 0xff, 0x00, 0x00, 0x00, 0xff, 0x00, 0x00, 0x00, 0xff, 0x00, 0x00, 0x00, 0xff, 0x00, 0x00, 0x00, 0xff, 0x00, 0x00, 0x00, 0xff, 0x00, 0x00, 0x00, 0xff, 0x00, 0x00, 0x00, 0xff, 0x00, 0x00, 0x00, 0xff, 0x00, 0x00, 0x00, 0xff, 0x00, 0x00, 0x00, 0xff, 
  0x00, 0x00, 0x00, 0xff, 0x00, 0x00, 0x00, 0xff, 0x00, 0x00, 0x00, 0xff, 0x00, 0x00, 0x00, 0xff, 0x00, 0x00, 0x00, 0xff, 0x00, 0x00, 0x00, 0xff, 0x00, 0x00, 0x00, 0xff, 0x00, 0x00, 0x00, 0xff, 0x00, 0x00, 0x00, 0xff, 0x00, 0x00, 0x00, 0xff, 0x00, 0x00, 0x00, 0xff, 0x00, 0x00, 0x00, 0xff, 0x00, 0x00, 0x00, 0xff, 0x00, 0x00, 0x00, 0xff, 0x00, 0x00, 0x00, 0xff, 0x00, 0x00, 0x00, 0xff, 0x00, 0x00, 0x00, 0xff, 0x00, 0x00, 0x00, 0xff, 0x00, 0x00, 0x00, 0xff, 0x00, 0x00, 0x00, 0xff, 0x00, 0x00, 0x00, 0xff, 0x00, 0x00, 0x00, 0xff, 0x00, 0x00, 0x00, 0xff, 0x00, 0x00, 0x00, 0xff, 0x00, 0x00, 0x00, 0xff, 0x00, 0x00, 0x00, 0xff, 0x1a, 0x1a, 0x1a, 0xff, 0x19, 0x19, 0x19, 0xff, 0x13, 0x13, 0x19, 0xff, 0x19, 0x19, 0x19, 0xff, 0x19, 0x19, 0x1d, 0xff, 0x19, 0x19, 0x1c, 0xff, 0x19, 0x19, 0x1c, 0xff, 0x1b, 0x1b, 0x1e, 0xff, 0x1b, 0x1e, 0x20, 0xff, 0x1b, 0x1d, 0x1f, 0xff, 0x1c, 0x1e, 0x1e, 0xff, 0x00, 0x00, 0x00, 0xff, 0x5a, 0x5a, 0x69, 0xff, 0x55, 0x55, 0x55, 0xff, 0x00, 0x00, 0x00, 0xff, 0x00, 0x00, 0x00, 0xff, 0x00, 0x00, 0x00, 0xff, 0x00, 0x00, 0x00, 0xff, 0x00, 0x00, 0x00, 0xff, 0x00, 0x00, 0x00, 0xff, 0x00, 0x00, 0x00, 0xff, 0x00, 0x00, 0x00, 0xff, 0x00, 0x00, 0x00, 0xff, 0x00, 0x00, 0x00, 0xff, 0x00, 0x00, 0x00, 0xff, 0x00, 0x00, 0x00, 0xff, 0x00, 0x00, 0x00, 0xff, 0x00, 0x00, 0x00, 0xff, 
  0x00, 0x00, 0x00, 0xff, 0x00, 0x00, 0x00, 0xff, 0x00, 0x00, 0x00, 0xff, 0x00, 0x00, 0x00, 0xff, 0x00, 0x00, 0x00, 0xff, 0x00, 0x00, 0x00, 0xff, 0x00, 0x00, 0x00, 0xff, 0x00, 0x00, 0x00, 0xff, 0x00, 0x00, 0x00, 0xff, 0x00, 0x00, 0x00, 0xff, 0x00, 0x00, 0x00, 0xff, 0x00, 0x00, 0x00, 0xff, 0x00, 0x00, 0x00, 0xff, 0x00, 0x00, 0x00, 0xff, 0x00, 0x00, 0x00, 0xff, 0x00, 0x00, 0x00, 0xff, 0x00, 0x00, 0x00, 0xff, 0x00, 0x00, 0x00, 0xff, 0x00, 0x00, 0x00, 0xff, 0x00, 0x00, 0x00, 0xff, 0x00, 0x00, 0x00, 0xff, 0x00, 0x00, 0x00, 0xff, 0x00, 0x00, 0x00, 0xff, 0x00, 0x00, 0x00, 0xff, 0x00, 0x00, 0x00, 0xff, 0x1a, 0x1a, 0x1a, 0xff, 0x0d, 0x0d, 0x1a, 0xff, 0x11, 0x11, 0x1a, 0xff, 0x19, 0x19, 0x19, 0xff, 0x19, 0x19, 0x19, 0xff, 0x19, 0x19, 0x19, 0xff, 0x19, 0x19, 0x1c, 0xff, 0x19, 0x1c, 0x1c, 0xff, 0x1b, 0x1b, 0x1e, 0xff, 0x1b, 0x1b, 0x1e, 0xff, 0x1b, 0x1d, 0x1f, 0xff, 0x1b, 0x1e, 0x20, 0xff, 0x00, 0x00, 0x00, 0xff, 0x55, 0x66, 0x77, 0xff, 0x66, 0x66, 0x66, 0xff, 0x00, 0x00, 0x00, 0xff, 0x00, 0x00, 0x00, 0xff, 0x00, 0x00, 0x00, 0xff, 0x00, 0x00, 0x00, 0xff, 0x00, 0x00, 0x00, 0xff, 0x00, 0x00, 0x00, 0xff, 0x00, 0x00, 0x00, 0xff, 0x00, 0x00, 0x00, 0xff, 0x00, 0x00, 0x00, 0xff, 0x00, 0x00, 0x00, 0xff, 0x00, 0x00, 0x00, 0xff, 0x00, 0x00, 0x00, 0xff, 0x00, 0x00, 0x00, 0xff, 0x00, 0x00, 0x00, 0xff, 
  0x00, 0x00, 0x00, 0xff, 0x00, 0x00, 0x00, 0xff, 0x00, 0x00, 0x00, 0xff, 0x00, 0x00, 0x00, 0xff, 0x00, 0x00, 0x00, 0xff, 0x00, 0x00, 0x00, 0xff, 0x00, 0x00, 0x00, 0xff, 0x00, 0x00, 0x00, 0xff, 0x00, 0x00, 0x00, 0xff, 0x00, 0x00, 0x00, 0xff, 0x00, 0x00, 0x00, 0xff, 0x00, 0x00, 0x00, 0xff, 0x00, 0x00, 0x00, 0xff, 0x00, 0x00, 0x00, 0xff, 0x00, 0x00, 0x00, 0xff, 0x00, 0x00, 0x00, 0xff, 0x00, 0x00, 0x00, 0xff, 0x00, 0x00, 0x00, 0xff, 0x00, 0x00, 0x00, 0xff, 0x00, 0x00, 0x00, 0xff, 0x00, 0x00, 0x00, 0xff, 0x00, 0x00, 0x00, 0xff, 0x00, 0x00, 0x00, 0xff, 0x00, 0x00, 0x00, 0xff, 0x00, 0x00, 0x00, 0xff, 0x00, 0x00, 0x1a, 0xff, 0x0d, 0x0d, 0x0d, 0xff, 0x19, 0x19, 0x19, 0xff, 0x19, 0x19, 0x19, 0xff, 0x19, 0x19, 0x19, 0xff, 0x19, 0x19, 0x19, 0xff, 0x19, 0x19, 0x1c, 0xff, 0x19, 0x1c, 0x1c, 0xff, 0x1b, 0x1b, 0x1e, 0xff, 0x1b, 0x1b, 0x1e, 0xff, 0x1b, 0x1d, 0x1f, 0xff, 0x1b, 0x1e, 0x20, 0xff, 0x00, 0x00, 0x00, 0xff, 0x4e, 0x62, 0x76, 0xff, 0x33, 0x66, 0x66, 0xff, 0x00, 0x00, 0x00, 0xff, 0x00, 0x00, 0x00, 0xff, 0x00, 0x00, 0x00, 0xff, 0x00, 0x00, 0x00, 0xff, 0x00, 0x00, 0x00, 0xff, 0x00, 0x00, 0x00, 0xff, 0x00, 0x00, 0x00, 0xff, 0x00, 0x00, 0x00, 0xff, 0x00, 0x00, 0x00, 0xff, 0x00, 0x00, 0x00, 0xff, 0x00, 0x00, 0x00, 0xff, 0x00, 0x00, 0x00, 0xff, 0x00, 0x00, 0x00, 0xff, 0x00, 0x00, 0x00, 0xff, 
  0x00, 0x00, 0x00, 0xff, 0x00, 0x00, 0x00, 0xff, 0x00, 0x00, 0x00, 0xff, 0x00, 0x00, 0x00, 0xff, 0x00, 0x00, 0x00, 0xff, 0x00, 0x00, 0x00, 0xff, 0x00, 0x00, 0x00, 0xff, 0x00, 0x00, 0x00, 0xff, 0x00, 0x00, 0x00, 0xff, 0x00, 0x00, 0x00, 0xff, 0x00, 0x00, 0x00, 0xff, 0x00, 0x00, 0x00, 0xff, 0x00, 0x00, 0x00, 0xff, 0x00, 0x00, 0x00, 0xff, 0x00, 0x00, 0x00, 0xff, 0x00, 0x00, 0x00, 0xff, 0x00, 0x00, 0x00, 0xff, 0x00, 0x00, 0x00, 0xff, 0x00, 0x00, 0x00, 0xff, 0x00, 0x00, 0x00, 0xff, 0x00, 0x00, 0x00, 0xff, 0x00, 0x00, 0x00, 0xff, 0x00, 0x00, 0x00, 0xff, 0x00, 0x00, 0x00, 0xff, 0x00, 0x00, 0x00, 0xff, 0x00, 0x00, 0x00, 0xff, 0x1a, 0x1a, 0x1a, 0xff, 0x19, 0x19, 0x19, 0xff, 0x19, 0x19, 0x19, 0xff, 0x14, 0x14, 0x19, 0xff, 0x19, 0x19, 0x1d, 0xff, 0x19, 0x19, 0x1c, 0xff, 0x19, 0x1c, 0x1c, 0xff, 0x19, 0x1b, 0x1b, 0xff, 0x1b, 0x1e, 0x20, 0xff, 0x1b, 0x1d, 0x1f, 0xff, 0x1b, 0x1e, 0x20, 0xff, 0x00, 0x00, 0x00, 0xff, 0x5d, 0x5d, 0x74, 0xff, 0x40, 0x40, 0x80, 0xff, 0x00, 0x00, 0x00, 0xff, 0x00, 0x00, 0x00, 0xff, 0x00, 0x00, 0x00, 0xff, 0x00, 0x00, 0x00, 0xff, 0x00, 0x00, 0x00, 0xff, 0x00, 0x00, 0x00, 0xff, 0x00, 0x00, 0x00, 0xff, 0x00, 0x00, 0x00, 0xff, 0x00, 0x00, 0x00, 0xff, 0x00, 0x00, 0x00, 0xff, 0x00, 0x00, 0x00, 0xff, 0x00, 0x00, 0x00, 0xff, 0x00, 0x00, 0x00, 0xff, 0x00, 0x00, 0x00, 0xff, 
  0x00, 0x00, 0x00, 0xff, 0x00, 0x00, 0x00, 0xff, 0x00, 0x00, 0x00, 0xff, 0x00, 0x00, 0x00, 0xff, 0x00, 0x00, 0x00, 0xff, 0x00, 0x00, 0x00, 0xff, 0x00, 0x00, 0x00, 0xff, 0x00, 0x00, 0x00, 0xff, 0x00, 0x00, 0x00, 0xff, 0x00, 0x00, 0x00, 0xff, 0x00, 0x00, 0x00, 0xff, 0x00, 0x00, 0x00, 0xff, 0x00, 0x00, 0x00, 0xff, 0x00, 0x00, 0x00, 0xff, 0x00, 0x00, 0x00, 0xff, 0x00, 0x00, 0x00, 0xff, 0x00, 0x00, 0x00, 0xff, 0x00, 0x00, 0x00, 0xff, 0x00, 0x00, 0x00, 0xff, 0x00, 0x00, 0x00, 0xff, 0x00, 0x00, 0x00, 0xff, 0x00, 0x00, 0x00, 0xff, 0x00, 0x00, 0x00, 0xff, 0x00, 0x00, 0x00, 0xff, 0x00, 0x00, 0x00, 0xff, 0x1a, 0x1a, 0x1a, 0xff, 0x1a, 0x1a, 0x1a, 0xff, 0x1a, 0x1a, 0x1a, 0xff, 0x13, 0x13, 0x19, 0xff, 0x19, 0x19, 0x19, 0xff, 0x19, 0x19, 0x19, 0xff, 0x19, 0x19, 0x1c, 0xff, 0x1c, 0x1c, 0x1c, 0xff, 0x1b, 0x1b, 0x1e, 0xff, 0x1b, 0x1b, 0x1e, 0xff, 0x1b, 0x1d, 0x1f, 0xff, 0x1c, 0x1e, 0x21, 0xff, 0x00, 0x00, 0x00, 0xff, 0x55, 0x71, 0x71, 0xff, 0x55, 0x55, 0x55, 0xff, 0x00, 0x00, 0x00, 0xff, 0x00, 0x00, 0x00, 0xff, 0x00, 0x00, 0x00, 0xff, 0x00, 0x00, 0x00, 0xff, 0x00, 0x00, 0x00, 0xff, 0x00, 0x00, 0x00, 0xff, 0x00, 0x00, 0x00, 0xff, 0x00, 0x00, 0x00, 0xff, 0x00, 0x00, 0x00, 0xff, 0x00, 0x00, 0x00, 0xff, 0x00, 0x00, 0x00, 0xff, 0x00, 0x00, 0x00, 0xff, 0x00, 0x00, 0x00, 0xff, 0x00, 0x00, 0x00, 0xff, 
  0x00, 0x00, 0x00, 0xff, 0x00, 0x00, 0x00, 0xff, 0x00, 0x00, 0x00, 0xff, 0x00, 0x00, 0x00, 0xff, 0x00, 0x00, 0x00, 0xff, 0x00, 0x00, 0x00, 0xff, 0x00, 0x00, 0x00, 0xff, 0x00, 0x00, 0x00, 0xff, 0x00, 0x00, 0x00, 0xff, 0x00, 0x00, 0x00, 0xff, 0x00, 0x00, 0x00, 0xff, 0x00, 0x00, 0x00, 0xff, 0x00, 0x00, 0x00, 0xff, 0x00, 0x00, 0x00, 0xff, 0x00, 0x00, 0x00, 0xff, 0x00, 0x00, 0x00, 0xff, 0x00, 0x00, 0x00, 0xff, 0x00, 0x00, 0x00, 0xff, 0x00, 0x00, 0x00, 0xff, 0x00, 0x00, 0x00, 0xff, 0x00, 0x00, 0x00, 0xff, 0x00, 0x00, 0x00, 0xff, 0x00, 0x00, 0x00, 0xff, 0x00, 0x00, 0x00, 0xff, 0x00, 0x00, 0x00, 0xff, 0x1a, 0x1a, 0x1a, 0xff, 0x0d, 0x0d, 0x1a, 0xff, 0x19, 0x19, 0x19, 0xff, 0x19, 0x19, 0x19, 0xff, 0x19, 0x19, 0x19, 0xff, 0x19, 0x19, 0x1d, 0xff, 0x19, 0x19, 0x1c, 0xff, 0x19, 0x1c, 0x1c, 0xff, 0x1b, 0x1b, 0x1e, 0xff, 0x1b, 0x1b, 0x1e, 0xff, 0x1b, 0x1d, 0x1f, 0xff, 0x1c, 0x1e, 0x21, 0xff, 0x00, 0x00, 0x00, 0xff, 0x49, 0x6d, 0x6d, 0xff, 0x80, 0x80, 0x80, 0xff, 0x00, 0x00, 0x00, 0xff, 0x00, 0x00, 0x00, 0xff, 0x00, 0x00, 0x00, 0xff, 0x00, 0x00, 0x00, 0xff, 0x00, 0x00, 0x00, 0xff, 0x00, 0x00, 0x00, 0xff, 0x00, 0x00, 0x00, 0xff, 0x00, 0x00, 0x00, 0xff, 0x00, 0x00, 0x00, 0xff, 0x00, 0x00, 0x00, 0xff, 0x00, 0x00, 0x00, 0xff, 0x00, 0x00, 0x00, 0xff, 0x00, 0x00, 0x00, 0xff, 0x00, 0x00, 0x00, 0xff, 
  0x00, 0x00, 0x00, 0xff, 0x00, 0x00, 0x00, 0xff, 0x00, 0x00, 0x00, 0xff, 0x00, 0x00, 0x00, 0xff, 0x00, 0x00, 0x00, 0xff, 0x00, 0x00, 0x00, 0xff, 0x00, 0x00, 0x00, 0xff, 0x00, 0x00, 0x00, 0xff, 0x00, 0x00, 0x00, 0xff, 0x00, 0x00, 0x00, 0xff, 0x00, 0x00, 0x00, 0xff, 0x00, 0x00, 0x00, 0xff, 0x00, 0x00, 0x00, 0xff, 0x00, 0x00, 0x00, 0xff, 0x00, 0x00, 0x00, 0xff, 0x00, 0x00, 0x00, 0xff, 0x00, 0x00, 0x00, 0xff, 0x00, 0x00, 0x00, 0xff, 0x00, 0x00, 0x00, 0xff, 0x00, 0x00, 0x00, 0xff, 0x00, 0x00, 0x00, 0xff, 0x00, 0x00, 0x00, 0xff, 0x00, 0x00, 0x00, 0xff, 0x00, 0x00, 0x00, 0xff, 0x00, 0x00, 0x00, 0xff, 0x00, 0x00, 0x1a, 0xff, 0x0d, 0x0d, 0x0d, 0xff, 0x19, 0x19, 0x19, 0xff, 0x19, 0x19, 0x19, 0xff, 0x14, 0x14, 0x19, 0xff, 0x19, 0x19, 0x1d, 0xff, 0x19, 0x19, 0x1c, 0xff, 0x19, 0x1c, 0x1c, 0xff, 0x1b, 0x1b, 0x1e, 0xff, 0x1b, 0x1b, 0x1e, 0xff, 0x1d, 0x1d, 0x1f, 0xff, 0x1b, 0x1e, 0x20, 0xff, 0x00, 0x00, 0x00, 0xff, 0x33, 0x66, 0x66, 0xff, 0x00, 0x80, 0x80, 0xff, 0x00, 0x00, 0x00, 0xff, 0x00, 0x00, 0x00, 0xff, 0x00, 0x00, 0x00, 0xff, 0x00, 0x00, 0x00, 0xff, 0x00, 0x00, 0x00, 0xff, 0x00, 0x00, 0x00, 0xff, 0x00, 0x00, 0x00, 0xff, 0x00, 0x00, 0x00, 0xff, 0x00, 0x00, 0x00, 0xff, 0x00, 0x00, 0x00, 0xff, 0x00, 0x00, 0x00, 0xff, 0x00, 0x00, 0x00, 0xff, 0x00, 0x00, 0x00, 0xff, 0x00, 0x00, 0x00, 0xff, 
  0x00, 0x00, 0x00, 0xff, 0x00, 0x00, 0x00, 0xff, 0x00, 0x00, 0x00, 0xff, 0x00, 0x00, 0x00, 0xff, 0x00, 0x00, 0x00, 0xff, 0x00, 0x00, 0x00, 0xff, 0x00, 0x00, 0x00, 0xff, 0x00, 0x00, 0x00, 0xff, 0x00, 0x00, 0x00, 0xff, 0x00, 0x00, 0x00, 0xff, 0x00, 0x00, 0x00, 0xff, 0x00, 0x00, 0x00, 0xff, 0x00, 0x00, 0x00, 0xff, 0x00, 0x00, 0x00, 0xff, 0x00, 0x00, 0x00, 0xff, 0x00, 0x00, 0x00, 0xff, 0x00, 0x00, 0x00, 0xff, 0x00, 0x00, 0x00, 0xff, 0x00, 0x00, 0x00, 0xff, 0x00, 0x00, 0x00, 0xff, 0x00, 0x00, 0x00, 0xff, 0x00, 0x00, 0x00, 0xff, 0x00, 0x00, 0x00, 0xff, 0x00, 0x00, 0x00, 0xff, 0x00, 0x00, 0x00, 0xff, 0x1c, 0x1c, 0x1c, 0xff, 0x1a, 0x1a, 0x1a, 0xff, 0x11, 0x11, 0x1a, 0xff, 0x19, 0x19, 0x19, 0xff, 0x19, 0x19, 0x19, 0xff, 0x19, 0x19, 0x19, 0xff, 0x19, 0x19, 0x1c, 0xff, 0x19, 0x19, 0x1c, 0xff, 0x1b, 0x1b, 0x1e, 0xff, 0x1b, 0x1b, 0x1e, 0xff, 0x1b, 0x1d, 0x1f, 0xff, 0x1b, 0x1e, 0x20, 0xff, 0x00, 0x00, 0x00, 0xff, 0x40, 0x40, 0x40, 0xff, 0x00, 0x00, 0x00, 0xff, 0x00, 0x00, 0x00, 0xff, 0x00, 0x00, 0x00, 0xff, 0x00, 0x00, 0x00, 0xff, 0x00, 0x00, 0x00, 0xff, 0x00, 0x00, 0x00, 0xff, 0x00, 0x00, 0x00, 0xff, 0x00, 0x00, 0x00, 0xff, 0x00, 0x00, 0x00, 0xff, 0x00, 0x00, 0x00, 0xff, 0x00, 0x00, 0x00, 0xff, 0x00, 0x00, 0x00, 0xff, 0x00, 0x00, 0x00, 0xff, 0x00, 0x00, 0x00, 0xff, 0x00, 0x00, 0x00, 0xff, 
  0x00, 0x00, 0x00, 0xff, 0x00, 0x00, 0x00, 0xff, 0x00, 0x00, 0x00, 0xff, 0x00, 0x00, 0x00, 0xff, 0x00, 0x00, 0x00, 0xff, 0x00, 0x00, 0x00, 0xff, 0x00, 0x00, 0x00, 0xff, 0x00, 0x00, 0x00, 0xff, 0x00, 0x00, 0x00, 0xff, 0x00, 0x00, 0x00, 0xff, 0x00, 0x00, 0x00, 0xff, 0x00, 0x00, 0x00, 0xff, 0x00, 0x00, 0x00, 0xff, 0x00, 0x00, 0x00, 0xff, 0x00, 0x00, 0x00, 0xff, 0x00, 0x00, 0x00, 0xff, 0x00, 0x00, 0x00, 0xff, 0x00, 0x00, 0x00, 0xff, 0x00, 0x00, 0x00, 0xff, 0x00, 0x00, 0x00, 0xff, 0x00, 0x00, 0x00, 0xff, 0x00, 0x00, 0x00, 0xff, 0x00, 0x00, 0x00, 0xff, 0x00, 0x00, 0x00, 0xff, 0x00, 0x00, 0x00, 0xff, 0x00, 0x00, 0x00, 0xff, 0x1a, 0x1a, 0x1a, 0xff, 0x19, 0x19, 0x19, 0xff, 0x13, 0x13, 0x19, 0xff, 0x19, 0x19, 0x19, 0xff, 0x19, 0x19, 0x1d, 0xff, 0x19, 0x19, 0x1c, 0xff, 0x19, 0x19, 0x1c, 0xff, 0x1b, 0x1b, 0x1e, 0xff, 0x1b, 0x1e, 0x20, 0xff, 0x1b, 0x1d, 0x1f, 0xff, 0x1c, 0x1e, 0x1e, 0xff, 0x00, 0x00, 0x00, 0xff, 0x00, 0x00, 0x00, 0xff, 0x00, 0x00, 0x00, 0xff, 0x00, 0x00, 0x00, 0xff, 0x00, 0x00, 0x00, 0xff, 0x00, 0x00, 0x00, 0xff, 0x00, 0x00, 0x00, 0xff, 0x00, 0x00, 0x00, 0xff, 0x00, 0x00, 0x00, 0xff, 0x00, 0x00, 0x00, 0xff, 0x00, 0x00, 0x00, 0xff, 0x00, 0x00, 0x00, 0xff, 0x00, 0x00, 0x00, 0xff, 0x00, 0x00, 0x00, 0xff, 0x00, 0x00, 0x00, 0xff, 0x00, 0x00, 0x00, 0xff, 0x00, 0x00, 0x00, 0xff, 
  0x00, 0x00, 0x00, 0xff, 0x00, 0x00, 0x00, 0xff, 0x00, 0x00, 0x00, 0xff, 0x00, 0x00, 0x00, 0xff, 0x00, 0x00, 0x00, 0xff, 0x00, 0x00, 0x00, 0xff, 0x00, 0x00, 0x00, 0xff, 0x00, 0x00, 0x00, 0xff, 0x00, 0x00, 0x00, 0xff, 0x00, 0x00, 0x00, 0xff, 0x00, 0x00, 0x00, 0xff, 0x00, 0x00, 0x00, 0xff, 0x00, 0x00, 0x00, 0xff, 0x00, 0x00, 0x00, 0xff, 0x00, 0x00, 0x00, 0xff, 0x00, 0x00, 0x00, 0xff, 0x00, 0x00, 0x00, 0xff, 0x00, 0x00, 0x00, 0xff, 0x00, 0x00, 0x00, 0xff, 0x00, 0x00, 0x00, 0xff, 0x00, 0x00, 0x00, 0xff, 0x00, 0x00, 0x00, 0xff, 0x00, 0x00, 0x00, 0xff, 0x00, 0x00, 0x00, 0xff, 0x00, 0x00, 0x00, 0xff, 0x1a, 0x1a, 0x1a, 0xff, 0x0d, 0x0d, 0x1a, 0xff, 0x11, 0x11, 0x1a, 0xff, 0x19, 0x19, 0x19, 0xff, 0x19, 0x19, 0x19, 0xff, 0x19, 0x19, 0x19, 0xff, 0x19, 0x19, 0x1c, 0xff, 0x19, 0x1c, 0x1c, 0xff, 0x1b, 0x1b, 0x1e, 0xff, 0x1b, 0x1b, 0x1e, 0xff, 0x1b, 0x1d, 0x1f, 0xff, 0x1b, 0x1e, 0x20, 0xff, 0x00, 0x00, 0x00, 0xff, 0x00, 0x00, 0x00, 0xff, 0x00, 0x00, 0x00, 0xff, 0x00, 0x00, 0x00, 0xff, 0x00, 0x00, 0x00, 0xff, 0x00, 0x00, 0x00, 0xff, 0x00, 0x00, 0x00, 0xff, 0x00, 0x00, 0x00, 0xff, 0x00, 0x00, 0x00, 0xff, 0x00, 0x00, 0x00, 0xff, 0x00, 0x00, 0x00, 0xff, 0x00, 0x00, 0x00, 0xff, 0x00, 0x00, 0x00, 0xff, 0x00, 0x00, 0x00, 0xff, 0x00, 0x00, 0x00, 0xff, 0x00, 0x00, 0x00, 0xff, 0x00, 0x00, 0x00, 0xff, 
  0x00, 0x00, 0x00, 0xff, 0x00, 0x00, 0x00, 0xff, 0x00, 0x00, 0x00, 0xff, 0x00, 0x00, 0x00, 0xff, 0x00, 0x00, 0x00, 0xff, 0x00, 0x00, 0x00, 0xff, 0x00, 0x00, 0x00, 0xff, 0x00, 0x00, 0x00, 0xff, 0x00, 0x00, 0x00, 0xff, 0x00, 0x00, 0x00, 0xff, 0x00, 0x00, 0x00, 0xff, 0x00, 0x00, 0x00, 0xff, 0x00, 0x00, 0x00, 0xff, 0x00, 0x00, 0x00, 0xff, 0x00, 0x00, 0x00, 0xff, 0x00, 0x00, 0x00, 0xff, 0x00, 0x00, 0x00, 0xff, 0x00, 0x00, 0x00, 0xff, 0x00, 0x00, 0x00, 0xff, 0x00, 0x00, 0x00, 0xff, 0x00, 0x00, 0x00, 0xff, 0x00, 0x00, 0x00, 0xff, 0x00, 0x00, 0x00, 0xff, 0x00, 0x00, 0x00, 0xff, 0x00, 0x00, 0x00, 0xff, 0x00, 0x00, 0x1a, 0xff, 0x0d, 0x0d, 0x0d, 0xff, 0x19, 0x19, 0x19, 0xff, 0x19, 0x19, 0x19, 0xff, 0x19, 0x19, 0x19, 0xff, 0x19, 0x19, 0x19, 0xff, 0x19, 0x19, 0x1c, 0xff, 0x19, 0x1c, 0x1c, 0xff, 0x1b, 0x1b, 0x1e, 0xff, 0x1b, 0x1b, 0x1e, 0xff, 0x1b, 0x1d, 0x1f, 0xff, 0x1b, 0x1e, 0x20, 0xff, 0x00, 0x00, 0x00, 0xff, 0x00, 0x00, 0x00, 0xff, 0x00, 0x00, 0x00, 0xff, 0x00, 0x00, 0x00, 0xff, 0x00, 0x00, 0x00, 0xff, 0x00, 0x00, 0x00, 0xff, 0x00, 0x00, 0x00, 0xff, 0x00, 0x00, 0x00, 0xff, 0x00, 0x00, 0x00, 0xff, 0x00, 0x00, 0x00, 0xff, 0x00, 0x00, 0x00, 0xff, 0x00, 0x00, 0x00, 0xff, 0x00, 0x00, 0x00, 0xff, 0x00, 0x00, 0x00, 0xff, 0x00, 0x00, 0x00, 0xff, 0x00, 0x00, 0x00, 0xff, 0x00, 0x00, 0x00, 0xff, 
  0x00, 0x00, 0x00, 0xff, 0x00, 0x00, 0x00, 0xff, 0x00, 0x00, 0x00, 0xff, 0x00, 0x00, 0x00, 0xff, 0x00, 0x00, 0x00, 0xff, 0x00, 0x00, 0x00, 0xff, 0x00, 0x00, 0x00, 0xff, 0x00, 0x00, 0x00, 0xff, 0x00, 0x00, 0x00, 0xff, 0x00, 0x00, 0x00, 0xff, 0x00, 0x00, 0x00, 0xff, 0x00, 0x00, 0x00, 0xff, 0x00, 0x00, 0x00, 0xff, 0x00, 0x00, 0x00, 0xff, 0x00, 0x00, 0x00, 0xff, 0x00, 0x00, 0x00, 0xff, 0x00, 0x00, 0x00, 0xff, 0x00, 0x00, 0x00, 0xff, 0x00, 0x00, 0x00, 0xff, 0x00, 0x00, 0x00, 0xff, 0x00, 0x00, 0x00, 0xff, 0x00, 0x00, 0x00, 0xff, 0x00, 0x00, 0x00, 0xff, 0x00, 0x00, 0x00, 0xff, 0x00, 0x00, 0x00, 0xff, 0x00, 0x00, 0x00, 0xff, 0x1a, 0x1a, 0x1a, 0xff, 0x19, 0x19, 0x19, 0xff, 0x19, 0x19, 0x19, 0xff, 0x14, 0x14, 0x19, 0xff, 0x19, 0x19, 0x1d, 0xff, 0x19, 0x19, 0x1c, 0xff, 0x19, 0x1c, 0x1c, 0xff, 0x19, 0x1b, 0x1b, 0xff, 0x1b, 0x1e, 0x20, 0xff, 0x1b, 0x1d, 0x1f, 0xff, 0x1b, 0x1e, 0x20, 0xff, 0x00, 0x00, 0x00, 0xff, 0x00, 0x00, 0x00, 0xff, 0x00, 0x00, 0x00, 0xff, 0x00, 0x00, 0x00, 0xff, 0x00, 0x00, 0x00, 0xff, 0x00, 0x00, 0x00, 0xff, 0x00, 0x00, 0x00, 0xff, 0x00, 0x00, 0x00, 0xff, 0x00, 0x00, 0x00, 0xff, 0x00, 0x00, 0x00, 0xff, 0x00, 0x00, 0x00, 0xff, 0x00, 0x00, 0x00, 0xff, 0x00, 0x00, 0x00, 0xff, 0x00, 0x00, 0x00, 0xff, 0x00, 0x00, 0x00, 0xff, 0x00, 0x00, 0x00, 0xff, 0x00, 0x00, 0x00, 0xff, 
  0x00, 0x00, 0x00, 0xff, 0x00, 0x00, 0x00, 0xff, 0x00, 0x00, 0x00, 0xff, 0x00, 0x00, 0x00, 0xff, 0x00, 0x00, 0x00, 0xff, 0x00, 0x00, 0x00, 0xff, 0x00, 0x00, 0x00, 0xff, 0x00, 0x00, 0x00, 0xff, 0x00, 0x00, 0x00, 0xff, 0x00, 0x00, 0x00, 0xff, 0x00, 0x00, 0x00, 0xff, 0x00, 0x00, 0x00, 0xff, 0x00, 0x00, 0x00, 0xff, 0x00, 0x00, 0x00, 0xff, 0x00, 0x00, 0x00, 0xff, 0x00, 0x00, 0x00, 0xff, 0x00, 0x00, 0x00, 0xff, 0x00, 0x00, 0x00, 0xff, 0x00, 0x00, 0x00, 0xff, 0x00, 0x00, 0x00, 0xff, 0x00, 0x00, 0x00, 0xff, 0x00, 0x00, 0x00, 0xff, 0x00, 0x00, 0x00, 0xff, 0x00, 0x00, 0x00, 0xff, 0x00, 0x00, 0x00, 0xff, 0x1a, 0x1a, 0x1a, 0xff, 0x1a, 0x1a, 0x1a, 0xff, 0x1a, 0x1a, 0x1a, 0xff, 0x13, 0x13, 0x19, 0xff, 0x19, 0x19, 0x19, 0xff, 0x19, 0x19, 0x19, 0xff, 0x19, 0x19, 0x1c, 0xff, 0x1c, 0x1c, 0x1c, 0xff, 0x1b, 0x1b, 0x1e, 0xff, 0x1b, 0x1b, 0x1e, 0xff, 0x1b, 0x1d, 0x1f, 0xff, 0x1c, 0x1e, 0x21, 0xff, 0x00, 0x00, 0x00, 0xff, 0x00, 0x00, 0x00, 0xff, 0x00, 0x00, 0x00, 0xff, 0x00, 0x00, 0x00, 0xff, 0x00, 0x00, 0x00, 0xff, 0x00, 0x00, 0x00, 0xff, 0x00, 0x00, 0x00, 0xff, 0x00, 0x00, 0x00, 0xff, 0x00, 0x00, 0x00, 0xff, 0x00, 0x00, 0x00, 0xff, 0x00, 0x00, 0x00, 0xff, 0x00, 0x00, 0x00, 0xff, 0x00, 0x00, 0x00, 0xff, 0x00, 0x00, 0x00, 0xff, 0x00, 0x00, 0x00, 0xff, 0x00, 0x00, 0x00, 0xff, 0x00, 0x00, 0x00, 0xff, 
  0x00, 0x00, 0x00, 0xff, 0x00, 0x00, 0x00, 0xff, 0x00, 0x00, 0x00, 0xff, 0x00, 0x00, 0x00, 0xff, 0x00, 0x00, 0x00, 0xff, 0x00, 0x00, 0x00, 0xff, 0x00, 0x00, 0x00, 0xff, 0x00, 0x00, 0x00, 0xff, 0x00, 0x00, 0x00, 0xff, 0x00, 0x00, 0x00, 0xff, 0x00, 0x00, 0x00, 0xff, 0x00, 0x00, 0x00, 0xff, 0x00, 0x00, 0x00, 0xff, 0x00, 0x00, 0x00, 0xff, 0x00, 0x00, 0x00, 0xff, 0x00, 0x00, 0x00, 0xff, 0x00, 0x00, 0x00, 0xff, 0x00, 0x00, 0x00, 0xff, 0x00, 0x00, 0x00, 0xff, 0x00, 0x00, 0x00, 0xff, 0x00, 0x00, 0x00, 0xff, 0x00, 0x00, 0x00, 0xff, 0x00, 0x00, 0x00, 0xff, 0x00, 0x00, 0x00, 0xff, 0x00, 0x00, 0x00, 0xff, 0x1a, 0x1a, 0x1a, 0xff, 0x0d, 0x0d, 0x1a, 0xff, 0x19, 0x19, 0x19, 0xff, 0x19, 0x19, 0x19, 0xff, 0x19, 0x19, 0x19, 0xff, 0x19, 0x19, 0x1d, 0xff, 0x19, 0x19, 0x1c, 0xff, 0x19, 0x1c, 0x1c, 0xff, 0x1b, 0x1b, 0x1e, 0xff, 0x1b, 0x1b, 0x1e, 0xff, 0x1b, 0x1d, 0x1f, 0xff, 0x1c, 0x1e, 0x21, 0xff, 0x00, 0x00, 0x00, 0xff, 0x00, 0x00, 0x00, 0xff, 0x00, 0x00, 0x00, 0xff, 0x00, 0x00, 0x00, 0xff, 0x00, 0x00, 0x00, 0xff, 0x00, 0x00, 0x00, 0xff, 0x00, 0x00, 0x00, 0xff, 0x00, 0x00, 0x00, 0xff, 0x00, 0x00, 0x00, 0xff, 0x00, 0x00, 0x00, 0xff, 0x00, 0x00, 0x00, 0xff, 0x00, 0x00, 0x00, 0xff, 0x00, 0x00, 0x00, 0xff, 0x00, 0x00, 0x00, 0xff, 0x00, 0x00, 0x00, 0xff, 0x00, 0x00, 0x00, 0xff, 0x00, 0x00, 0x00, 0xff, 
  0x00, 0x00, 0x00, 0xff, 0x00, 0x00, 0x00, 0xff, 0x00, 0x00, 0x00, 0xff, 0x00, 0x00, 0x00, 0xff, 0x00, 0x00, 0x00, 0xff, 0x00, 0x00, 0x00, 0xff, 0x00, 0x00, 0x00, 0xff, 0x00, 0x00, 0x00, 0xff, 0x00, 0x00, 0x00, 0xff, 0x00, 0x00, 0x00, 0xff, 0x00, 0x00, 0x00, 0xff, 0x00, 0x00, 0x00, 0xff, 0x00, 0x00, 0x00, 0xff, 0x00, 0x00, 0x00, 0xff, 0x00, 0x00, 0x00, 0xff, 0x00, 0x00, 0x00, 0xff, 0x00, 0x00, 0x00, 0xff, 0x00, 0x00, 0x00, 0xff, 0x00, 0x00, 0x00, 0xff, 0x00, 0x00, 0x00, 0xff, 0x00, 0x00, 0x00, 0xff, 0x00, 0x00, 0x00, 0xff, 0x00, 0x00, 0x00, 0xff, 0x00, 0x00, 0x00, 0xff, 0x00, 0x00, 0x00, 0xff, 0x00, 0x00, 0x00, 0xff, 0x00, 0x00, 0x00, 0xff, 0x12, 0x12, 0x12, 0xff, 0x1c, 0x1c, 0x1c, 0xff, 0x16, 0x16, 0x16, 0xff, 0x12, 0x12, 0x1b, 0xff, 0x17, 0x17, 0x17, 0xff, 0x15, 0x1c, 0x1c, 0xff, 0x18, 0x18, 0x1e, 0xff, 0x1b, 0x1b, 0x1b, 0xff, 0x1d, 0x1d, 0x1d, 0xff, 0x1c, 0x1c, 0x21, 0xff, 0x00, 0x00, 0x00, 0xff, 0x00, 0x00, 0x00, 0xff, 0x00, 0x00, 0x00, 0xff, 0x00, 0x00, 0x00, 0xff, 0x00, 0x00, 0x00, 0xff, 0x00, 0x00, 0x00, 0xff, 0x00, 0x00, 0x00, 0xff, 0x00, 0x00, 0x00, 0xff, 0x00, 0x00, 0x00, 0xff, 0x00, 0x00, 0x00, 0xff, 0x00, 0x00, 0x00, 0xff, 0x00, 0x00, 0x00, 0xff, 0x00, 0x00, 0x00, 0xff, 0x00, 0x00, 0x00, 0xff, 0x00, 0x00, 0x00, 0xff, 0x00, 0x00, 0x00, 0xff, 0x00, 0x00, 0x00, 0xff, 
#endif
};

const lv_img_dsc_t _18_54x206 = {
  .header.cf = LV_IMG_CF_TRUE_COLOR,
  .header.always_zero = 0,
  .header.reserved = 0,
  .header.w = 54,
  .header.h = 206,
  .data_size = 11124 * LV_COLOR_SIZE / 8,
  .data = _18_54x206_map,
};
