:020000040800F2
:100000009009002089020008F74E0008EF1B000845
:10001000F54E0008F3080008016100080000000028
:10002000000000000000000000000000B14F0008C8
:10003000650B000800000000194F0008B34F0008CE
:10004000A3020008A3020008A3020008A3020008FC
:10005000A3020008A3020008A3020008A3020008EC
:10006000A3020008A3020008A3020008A3020008DC
:10007000A3020008A3020008A3020008A3020008CC
:10008000A3020008A3020008A3020008A3020008BC
:10009000A3020008A3020008A3020008A3020008AC
:1000A000A3020008A3020008A3020008A30200089C
:1000B000A3020008A3020008C94F0008A302000819
:1000C000A3020008A3020008A3020008A30200087C
:1000D000A3020008D5600008A3020008A3020008DC
:1000E000A3020008A3020008A3020008A30200085C
:1000F000A3020008A3020008A3020008A30200084C
:10010000A3020008A3020008A3020008A30200083B
:10011000A3020008A3020008A3020008A30200082B
:10012000A3020008A3020008A3020008A30200081B
:10013000A3020008A3020008A3020008A30200080B
:10014000A3020008A3020008A3020008A3020008FB
:10015000A3020008A3020008A3020008A3020008EB
:10016000A3020008A3020008A3020008A3020008DB
:10017000A3020008A3020008A30200080000000078
:10018000A3020008A302000800F002F800F06DF8D6
:100190000AA090E8000C82448344AAF10107DA45E2
:1001A00001D100F062F8AFF2090EBAE80F0013F0C7
:1001B000010F18BFFB1A43F001031847E4C2000007
:1001C00004C300000A444FF0000C10F8013B13F088
:1001D000070408BF10F8014B1D1108BF10F8015BA0
:1001E000641E05D010F8016B641E01F8016BF9D193
:1001F00013F0080F1EBF10F8014BAD1C0C1B09D1EA
:100200006D1E58BF01F801CBFAD505E014F8016B5B
:1002100001F8016B6D1EF9D59142D6D370470000ED
:100220000023002400250026103A28BF78C1FBD8FF
:10023000520728BF30C148BF0B607047642900F0E7
:10024000A180752900F09E80782900F0D78063296D
:1002500000F07682732900F07B82002070471FB582
:1002600007F021FC1FBD10B510BD00F0ABFA114620
:10027000FFF7F5FF06F0F0F800F0C9FA03B4FFF756
:10028000F2FF03BC05F081FF094880470948004799
:10029000FEE7FEE7FEE7FEE7FEE7FEE7FEE7FEE736
:1002A000FEE7FEE704480549054A064B7047000093
:1002B000B94F000889010008900300209009002030
:1002C0009005002090050020704700000FB40449FD
:1002D00010B503AA029800F03FFA10BC5DF814FBB9
:1002E0001000002070B5044685690068C10601D57C
:1002F000302600E02026C00707D070BDD4E90121D8
:1003000030469047206A401C20626D1EF6D570BDB5
:1003100070B5044685690078C00707D170BDD4E97F
:10032000012120209047206A401C20626D1EF6D5D6
:1003300070BD70B50C460546012A05D028788006A8
:1003400000D5EA69002302E0012305E05B1C93422B
:1003500002D2E05C0028F9D1A869E618C01AA861A9
:10036000286A184428622846FFF7BCFF04E0D5E954
:10037000012114F8010B9047B442F8D32846FFF747
:10038000C7FF70BD2DE9F0410646002410687529AD
:10039000314616A510D0AFF30080002802DA4042A3
:1003A00013A507E031688A0701D512A502E04907C5
:1003B00004D511A5012401E0AFF3008000210A2239
:1003C00006F1240709E0B0FBF2FCB0FBF2F302FBFC
:1003D0001C00303078541846491C0028F3D12346BD
:1003E0002A463046BDE8F04100F047B90000000061
:1003F0002D0000002B0000002000000070B5044616
:100400000D4621461068AFF300802188090502D50A
:100410000F4A7A4402E00E4A7A440E32002104F177
:10042000240305E000F00F060009965D5E54491CA8
:100430000028F7D120780023000704D5702D02D0C2
:1004400009B1022311322046BDE8704000F015B911
:10045000FCBE00002DE9F05F894604464FF0000A1B
:10046000DFF874B1FB44C0F820A02046E16888475B
:10047000002874D0252806D0D4E901219047206AAD
:10048000401C2062F1E700265F462046E16888476D
:100490002028054607DB312D05D2781910F8200CED
:1004A00008B10643F1E7B00701D526F00406C4F809
:1004B0001CA00027C4F818A02A2D09D0284605F052
:1004C0005DFE38B304EB8708303DC8F8185019E0DA
:1004D00059F8041B204604EB87029161E1688847C4
:1004E000012F054618D1E069002820DA26F0200601
:1004F0001DE0D8F8180000EB800005EB4000303814
:10050000C8F818002046E1688847054605F036FE21
:100510000028EED1012F0AD02E2D08D12046E16807
:1005200088477F1C0546022F46F02006C4DBA069E1
:10053000002803DA404246F00106A061F00701D02E
:1005400026F010066C2D0BD0682D09D04C2D39D01B
:100550006A2D35D0742D35D07A2D33D016E038E0A1
:10056000E1682F4620468847B842054609D16C2FDE
:1005700026D04FF48060E168064320468847054650
:1005800004E06C2F1AD04FF4807006430DB3A5F130
:100590004100192802D8203546F400664A4629460B
:1005A000204626604E46FFF749FE80B101280BD059
:1005B000F61D26F0070000F1080956E74020E4E7A1
:1005C0008020D8E70020D6E706F104094DE7284649
:1005D00052E7206ABDE8F09FD2BE00004FF0013C18
:1005E00050F8042B51F8043B9A4221D1A2EB0C03A2
:1005F000934313EACC1317D150F8042B51F8043B62
:100600009A4215D1A2EB0C03934313EACC130BD1FE
:1006100050F8042B51F8043B9A4209D1A2EB0C0389
:10062000934313EACC13DBD04FF00000704700BFB8
:10063000D01A01BAB1FA81F101F0180122FA01F0E1
:10064000CB40C1F12001DBB2C0B2C01A2CFA01F3D9
:10065000D11A914311EAC311E6D170477047704730
:100660007047704710B500F089F8006810BD10B5EC
:10067000044600F083F8046010BD2DE9F0470D46F4
:1006800099469246044600F124080168880604D57C
:10069000E06921F01001216000E00120A84201DDA5
:1006A000471B00E00027A1697A1902EB0900081A2C
:1006B000A0612078C00602D42046FFF713FE002672
:1006C00008E0D4E901211AF806009047206A401C8E
:1006D000761C20624E45F4DB2078C0060AD5204601
:1006E000FFF700FE06E0D4E9012130209047206AA0
:1006F000401C2062381EA7F10107F4DC07E0D4E9B2
:10070000012118F805009047206A401C2062281E2D
:10071000A5F10105F3DC2046FFF7FAFD207800067D
:1007200002D50220BDE8F0870120FBE710B5436940
:1007300013B1AFF3008001E0FFF7FBFD012010BD16
:10074000127800F124010A7000224A700122EDE7BC
:1007500011684FF0FF32E9E7074B70B50D467B4457
:1007600000F015F80446284600F024F810B14FF0C8
:10077000FF3070BD204670BD6B5B000000487047C5
:100780002C03002001694A1C02610878704700B5FB
:100790008FB0CDE901310021059105497944CDE9BA
:1007A000031011466846FFF755FE0FB000BD00006C
:1007B000E5FFFFFF007B00F08000704700487047B6
:1007C0002C0300207546FFF7F9FFAE460500694689
:1007D000534620F00700854618B020B5FFF762FDAC
:1007E000BDE820404FF000064FF000074FF0000832
:1007F0004FF0000B21F00701AC46ACE8C009ACE8B3
:10080000C009ACE8C009ACE8C0098D467047044691
:10081000AFF300802046FFF731FD01F009BA2DE962
:10082000F0410D460146002004464E1908E007023B
:10083000301B401E80B200F007F8641C3844E4B25C
:10084000AC42F4D3BDE8F08110B5044601F098FA4B
:10085000200AA02101EB4000C0B201F061FA01F0D2
:10086000D3FAE0B201F05CFA01F0CEFA01F088FAB6
:10087000A12001F055FA01F0C7FA002001F01CFA9E
:10088000044601F09DFA204610BD2DE9F0411646C0
:100890000D460746002409E0E00025FA00F0C1B249
:1008A000381980B200F006F8641CE4B2B442F3D305
:1008B000BDE8F08170B50D46044601F061FA200AEA
:1008C000A02101EB4000C0B201F02AFA01F09CFA2D
:1008D000E0B201F025FA01F097FA284601F020FA7B
:1008E00001F092FA01F06CFABDE870400A2005F0C0
:1008F000C5BCFEE770B50E4C0025C4F8BC520D48CF
:10090000016821F040710160016841F0807101606F
:10091000022004F52C7405F0BFFC2560022005F0D0
:10092000BBFC0120E060022005F0B6FCE56070BD74
:1009300000804042000402400F4810B5016886B0B4
:1009400041F00201016000680C4C00F002000590CB
:100950004FF400400090012001900290032003908A
:100960006946204600F012FBA1140091694620461A
:1009700000F00CFB06B010BD30380240000402400D
:1009800070B50E4C0026C4F8BC620D48016821F019
:1009900040710160016841F080710160022004F53E
:1009A0002C7405F079FC01252560022005F074FC0B
:1009B000E560022005F070FCE66070BD00804042FA
:1009C000000402402DE9F0478146194800240168DF
:1009D00021F040710160016801601E2005F05CFC9F
:1009E0000025144E2F464FF00108C6F8BC720220B5
:1009F00005F052FCC6F8BC826006040E022005F029
:100A00004BFCD6F8300208B1641CE4B2022005F0B9
:100A100043FC6D1CEDB2082DE7D3B9F1000F04D0F3
:100A2000FFF768FF2046BDE8F087FFF7A9FFF9E769
:100A300000040240008040422DE9F041054615487F
:100A4000016821F040710160016841F0807101602E
:100A5000114E0027C6F8BC72022005F01DFC0024D0
:100A60004FF00108E809C6F8B0026806050E02203A
:100A700005F012FCC6F8BC82022005F00DFCC6F899
:100A8000BC72022005F008FC641CE4B2082CE9D317
:100A9000BDE8F081000402400080404270B50D487E
:100AA000016821F040710160016841F080710160CE
:100AB000094C0120C4F8B002C4F8BC021E2004F5A1
:100AC0002C7405F0E9FB00252560022005F0E4FB0D
:100AD000E56070BD000402400080404270B50C48E3
:100AE000016821F040710160016841F0807101608E
:100AF000084C0125C4F8BC521E2004F52C7405F0E6
:100B0000CBFB00202060022005F0C6FB256070BDF5
:100B1000000402400080404270B510480024016883
:100B200021F040710160016801600D4D0120C5F8A0
:100B3000B002C5F8BC0207E0641CE4B2FA2C03D989
:100B4000FFF7CCFF012070BD022005F0A5FBD5F812
:100B500030020028F0D1C5F8BC0270BD000402408C
:100B6000008040427047000070B5B3F5804F05D05B
:100B70006FF0704140F82210002070BD50F8223014
:100B8000084C2340D1E9004544EA05148D688E895C
:100B90002D0245EA064589692C430C431C4340F865
:100BA0002240E9E70000F0CFF0B50C6850F824507F
:100BB000114A1540D1E90123D1E903671A433E43A5
:100BC00032434E6932438E693243CE6932430E6AF4
:100BD00032434E6A32438E6A3243CE6A3243CE6B20
:100BE000096B32430A432A43082B01D142F04002E9
:100BF00040F824200020F0BD8000F0FF30B500EB6D
:100C000082004268D1E9003443EA04138C688D897C
:100C1000240244EA054423430C8A084D02F0404272
:100C200005EB045423430C7D6D0105EB04648969D5
:100C300023430B4313434360002030BD0000F0FF0B
:100C40002DE9F041334888B00024016841F00201E9
:100C500001600068012500F0020007904FF4005089
:100C600003268DE87100DFF8B0806946404600F049
:100C70008DF9A803CDE900056946404600F086F9E4
:100C8000FFF75AFE254FC7F8B8420A2007F52E771E
:100C900005F0F4FA3D600A2005F0F0FA022700970B
:100CA0000396CDE901546946404600F06FF964208F
:100CB00005F0E4FA042205A948F2401000F03AF8E1
:100CC0008DF8184005A916A0FFF700FB17A105A88D
:100CD000FFF784FC18B1012008B0BDE8F08148F2AC
:100CE00040058DF81470012205A9284600F012F97C
:100CF000012205A9E81D00F01DF80A2005F0BEFA42
:100D00008DF81440012205A9284600F003F90020BF
:100D1000E2E7000030380240000402400080404218
:100D20004354502049443A25730D0A003131353877
:100D3000000000002DE9F04115460F460446FFF77C
:100D4000ADFE2820FFF778FEFFF7E6FE200AFFF74A
:100D500073FEFFF7E1FEE0B2FFF76EFEFFF7DCFE89
:100D6000FFF79CFE2920FFF767FEFFF7D5FE002462
:100D70006E1E09E0B44201D0012000E00020FFF720
:100D800021FE3855641CE4B2AC42F3D3BDE8F04117
:100D9000FFF7A4BE2DE9F1475A4D00244FF00A0A8F
:100DA000287883B0401CC0B2B0FBFAF20AFB1201F3
:100DB000554EA046287009B10A287AD248F24E1939
:100DC000012203A94846FFF7B5FF9DF80C004FF03C
:100DD000000701060AD500F00F00062806D28DF89C
:100DE0000470012201A9484600F094F89DF80C0017
:100DF00001075ED000F00F0106295AD2FF2088407B
:100E00008DF80400C04396F8209040F0C00086F8AA
:100E10002000B089B082F08AF0834FF0010896F884
:100E2000201008FA04F0014228D03848042269460C
:100E300030F81400FFF77EFF96F83000C0070DD0A1
:100E40009DF802009DF8031000EB012106EB440021
:100E500081819DF800109DF801200CE09DF80000B4
:100E60009DF8011000EB012106EB440081819DF803
:100E700002109DF8032001EB0221C182641CE4B240
:100E8000052CCCD32249B2894FF001080B8830469B
:100E90009A4203D8C28A49888A4209D99DF80C101F
:100EA00001F00F0101290BD9C1898181018BF182E8
:100EB0002F709DF80C0000F08F0080280AD018E0F9
:100EC000818A8181C18BC18280218DF80C1086F8C6
:100ED0002090EEE796F82000010602D520F0800071
:100EE00005E04FF6FF71B181F18200F0E00086F875
:100EF00020002878F02801D985F800A004B04046E9
:100F0000BDE8F087540000202000002008C300083E
:100F1000E00200202DE9F04115460E460446002768
:100F2000FFF7BCFD2820FFF787FDFFF7F5FD200A3E
:100F3000FFF782FDFFF7F0FDE0B2FFF77DFDFFF761
:100F4000EBFD002408E0305DFFF776FDFFF7E4FDE0
:100F5000070003D1641CE4B2AC42F4D3FFF7BEFD3A
:100F60003846BDE8F08190F83510022903D0802181
:100F7000416501207047052180F83510006801683F
:100F800021F0010101600020704700002DE9F84FB9
:100F9000DFF88C91002209F1040A0AF1040B4FF0EA
:100FA0000F080BF1040E01260B6896403340B34244
:100FB00071D14C68022C01D0122C11D1D40800EB55
:100FC00084073D6A5407E40E08FA04FC25EA0C0580
:100FD000D1F810C00CFA04FC4CEA050CC7F820C08C
:100FE00007685400032591F804C0A5400CF0030CD9
:100FF000AF430CFA04FC4CEA070CC0F800C04F6881
:10100000012F05D0022F03D0112F01D0122F11D1A3
:101010008768D1F80CC0AF430CFA04FC4CEA070C0B
:10102000C0F808C04768B7430E79C6F3001696406B
:101030003E434660C668AE438D68A5403543C560F3
:101040004C68E40065D5374C256845F4804525603B
:10105000246822F0030504F480440094324C2E19D5
:10106000D6F808789407250F08FA05F4A7432F4C03
:10107000A04201D1002424E02D4CA04201D1012442
:101080001FE02C4CA04201D102241AE02A4CA042BD
:1010900002D1032415E03CE0284CA04201D10424F5
:1010A0000FE0274CA04201D105240AE0254CA042C4
:1010B00001D1062405E0244CA04201D1072400E020
:1010C0000824AC403C43C6F80848D9F800404D46D7
:1010D0004E689C43F60300D51C432C60DAF80040B0
:1010E00055464E689C43B60300D51C432C60DBF884
:1010F00000405D464E689C43F60200D51C432C60C0
:10110000DEF8004075464E689C43B60200D51C438D
:101110002C60521C102AFFF446AFBDE8F88F000087
:10112000003C0140443802400030014000000240D1
:101130000004024000080240000C0240001002407F
:101140000014024000180240001C024000690840E0
:1011500000D0012070470AB1816170470904FBE7A4
:1011600001480068000C7047002004E00148006856
:10117000704700000400002002480168491C01601B
:101180007047000004000020094810B5016841F4D0
:1011900000710160016841F480610160052000F088
:1011A00049F80F2000F006F800F018F8002010BDF4
:1011B000003C024010B5044607484FF47A710068BD
:1011C000B0FBF1F000F088FB00222146501E00F039
:1011D00011F8002010BD000000000020704700F052
:1011E0001F02012191404009800000F1E020C0F879
:1011F00000117047F0B40E4B1B68C3F30223C3F118
:101200000704042C00D904241D1D072D01D200233E
:1012100000E0DB1E012606FA04F56D1E0D409D4020
:101220009E40761E164045EA0601F0BC03F064BEFF
:101230000CED00E0064A00F0070110684FF6FF03CE
:10124000184040EA0120034908431060704700003D
:101250000CED00E00000FA052DE9F047DFF85C91A5
:1012600004460E46D9F8000000F00701F0B28046AF
:10127000B14207D289F80000D9F8000000F0070059
:10128000B04271D120784E4F800705D53868A168EB
:1012900020F0F000084338602078C00756D0484955
:1012A0006068083901281AD002281BD0032819D0F9
:1012B00009688907002957DA396821F003010143D9
:1012C0003960FFF753FF0546606841F28831012815
:1012D00011D002281CD003288A4625D032E00968A4
:1012E0008903E7E709688901E4E7FFF73FFF411B4E
:1012F000514501D923E08A463868C0F381000128AE
:10130000F3D123E0FFF732FF411B514501D916E02D
:101310008A463868C0F381000228F3D116E0FFF74F
:1013200025FF411B51450AD83868C0F381000328C6
:10133000F5D10BE0FFF71AFF411B514502D90320FD
:10134000BDE8F087386810F00C0FF3D1D9F8001021
:10135000484601F00701B14208D980F800800068D2
:1013600000F00700B04201D00120E9E720784007F3
:1013700005D53868E16820F4E050084338602078EB
:10138000000706D53868216920F4604040EAC100B2
:10139000386000F04BF83968F02292FAA2F201F0BE
:1013A000F001B2FA82F2D140064A515CC8400649C7
:1013B00008600F20FFF7FEFE0020C1E7003C02405E
:1013C00008380240BA7A000800000020084809499D
:1013D000006809684FF4E05292FAA2F201F4E05179
:1013E000B2FA82F2D140044A515CC8407047000012
:1013F0000000002008380240CA7A0008084809495D
:10140000006809684FF4604292FAA2F201F4604168
:10141000B2FA82F2D140044A515CC84070470000E1
:101420000000002008380240CA7A000830B5194888
:10143000006810F00C01184812D0184C04290ED086
:1014400008290DD1134A121F1168136801F03F01DA
:101450005D0247F6C07304D5B4FBF1F003E020460B
:1014600030BDB0FBF1F01168194093FAA3F3B3FA61
:1014700083F3D940484311684FF4403292FAA2F204
:1014800001F44031B2FA82F2D140491C4900B0FB6C
:10149000F1F030BD083802400024F40040787D01AE
:1014A0002DE9F84F04460078DFF8F4A2BD4DC007DF
:1014B00048D0DAF800105046C1F38101012908D064
:1014C0000068C0F3810002280AD1281D006840028C
:1014D00006D52868800335D56068002870D031E0D3
:1014E0006068B0F5803F10D0B0F5A02F286810D00C
:1014F00020F480302860286820F48020286060680C
:10150000A0B1FFF733FE06460CE0286840F48030B7
:10151000F4E740F480202860F7E7FFF727FE801B00
:10152000642873D828688003F7D50BE0FFF71EFE08
:10153000064604E0FFF71AFE801B6428F1D82868ED
:101540008003F7D42078DFF8608280074FF0010B2A
:101550004FF0000943D5DAF80010504611F00C0F97
:101560004FF0F80709D00068C0F3810002280BD1C2
:101570008B48001F0068400206D42868800713D5F6
:10158000E06801281CD10FE0E068D0B1C8F800B0D5
:10159000FFF7ECFD064604E0FFF7E8FD801B02289C
:1015A000BFD828688007F7D5286897FAA7F221697D
:1015B000B2FA82F220F0F8009140084328600EE071
:1015C000EBE0C8F80090FFF7D1FD064604E0FFF716
:1015D000CDFD801B022819D828688007F7D4207811
:1015E000000722D56E4F714861696C3779B1C0F838
:1015F00000B0FFF7BBFD064604E0FFF7B7FD801B18
:10160000022803D838688007F7D50EE079E0C0F8E3
:101610000090FFF7ABFD064604E0FFF7A7FD801B37
:1016200002286ED838688007F7D42078400750D554
:101630005B483830016841F08051016000685C4FC0
:1016400000F080500090386840F480703860FFF7F8
:101650008DFD064604E0FFF789FD801B022850D867
:101660003868C005F7D54E4FA068683701280FD0FD
:101670000528386810D020F001003860386820F064
:1016800004003860A068B0B1FFF770FD06460EE0B8
:10169000386840F00100F4E740F004003860F7E7F4
:1016A000FFF764FD811B41F2883081426DD83868B4
:1016B0008007F5D50DE0FFF759FD064606E0FFF778
:1016C00055FD811B41F2883081425ED83868800721
:1016D000F5D4A069F0B3DAF80010C1F38101022952
:1016E0005BD00228484605D0C8F86000FFF73EFDF1
:1016F00004464DE04746C8F86000FFF737FD064650
:1017000005E042E0FFF732FD801B02283DD8286843
:101710008001F7D4D4E90701084347F6C07292FA72
:10172000A2F2616AB2FA82F29140A26A4FF0FF33EC
:1017300003EB52024FF4403393FAA3F3B3FA83F36B
:101740009A4011434FF0706292FAA2F20843B2FA43
:1017500082F200E01FE0E16A914008431049091F4E
:101760000860C7F860B0FFF701FD044604E0FFF72A
:10177000FDFC001B022808D828688001F7D50AE084
:10178000FFF7F4FC001B022802D90320BDE8F88F04
:1017900028688001F4D40020F8E70120F6E7000073
:1017A000083802400038024000004742800E47429D
:1017B0000070004070B515460E46040003D094F842
:1017C000490010B107E0012070BD002084F84800F6
:1017D000204600F01BF804F108012068FFF7E4F947
:1017E0003146A2682068FFF709FAD4E901022946C8
:1017F000236BFFF7B9F9A168206850F8212042F067
:10180000010240F82120002070BD0000294810B5D9
:10181000016886B041F001010160006800F001003C
:10182000059024480838016841F00801016001680A
:1018300001F008010591016841F0100101600168A3
:1018400001F010010591016841F02001016001687B
:1018500001F020010591016841F04001016000683C
:10186000154C00F0400005904CF2337000900220BF
:10187000019001200290032003900C2004906946FF
:101880002046FFF783FB4FF68071009169460B48B5
:10189000FFF77CFB4FF40051009169462046FFF7AB
:1018A00075FB8021009169462046FFF76FFB06B06B
:1018B00010BD000038380240000C02400010024009
:1018C0004FF0E0210428086903D020F004000861EB
:1018D000704740F00400FAE710B5401EB0F1807F79
:1018E00001D3012010BD4FF0E02460610F2160178B
:1018F00003F002FB0020A06107202061002010BD42
:1019000010B5040003D094F8390010B107E00120AD
:1019100010BD002084F83800204600F00CF80220AA
:1019200084F83900211D206803F068FB012084F849
:101930003900002010BD70470168CA6842F00102FA
:10194000CA600068016841F0010101600020704731
:10195000704710F8391F40780843704770B5026827
:1019600004461068D168536910F00F0F51D003F08E
:10197000010501F4907635435DD0C20705D0CA0554
:1019800003D5E26B42F00102E263420705D5DA07B4
:1019900003D0E26B42F00202E263820705D5DA0768
:1019A00003D0E26B42F00402E263020705D5DA07D6
:1019B00003D0E26B42F00802E263E26B002A34D00B
:1019C000800604D5880602D5204604F0B5F92068C3
:1019D0004069E16BC0F3801001F00801014320462B
:1019E00024D004F09BF92068416949061AD5416961
:1019F00021F040014161606BA0B11B490165606B42
:101A0000FFF7B1FA002810D0606B016DBDE870409F
:101A1000084783060FD58B060DD52046BDE87040DC
:101A200004F08AB92046FFF793FF70BDFFF790FFDF
:101A30000020E06370BD030606D50B0604D52046E2
:101A4000BDE8704004F014BB4006F3D54806F1D55C
:101A5000D168204621F04001D160202184F839105E
:101A600000F0C4F870BD00000D5D000870B5040002
:101A700004D094F83900002510B106E0012070BDB3
:101A800084F83850204600F023F8242084F83900E8
:101A90002068C16821F40051C160204604F092F929
:101AA0002068016921F4904101612068416921F0B9
:101AB0002A0141612068C16841F40051C160E563B9
:101AC000202084F8390084F83A00002070BD00001E
:101AD00010B500681A4986B088422FD119480168AC
:101AE00041F001010160006800F001000590154817
:101AF0001430016841F0100101600068012100F01C
:101B0000100005904FF4007000900220CDE9010113
:101B1000039007200C4C049069462046FFF736FAE4
:101B20002115009169462046FFF730FA2520FFF77E
:101B300056FB032211462520FFF75CFB06B010BDC3
:101B400000100140303802400000024090F83A3066
:101B5000202B1DD1D1B1CAB190F83830012B17D04C
:101B600081628285C2850021C163222280F83A20E9
:101B700080F8381001684A6942F001024A61006841
:101B8000C16841F49071C160002070470120704726
:101B90000220704730B50068114988420CD1114AC3
:101BA0005088010408D41146440409784FF000031A
:101BB00006D50A2901D0538030BD40F400400DE025
:101BC0000D2909D0C0F30D04074D401C80B22955E2
:101BD0005080C728EFD830BD40F48040508030BDE1
:101BE000001001400C000020880100207047FEE733
:101BF00070B50D4C0025C4F8A0520C48016821F4C2
:101C000040210160016841F480210160C4F8A452C0
:101C1000022004F5287404F03FFB0120206002201C
:101C200004F03AFB256070BD008040420004024091
:101C30000E4810B5016886B041F0020101600068ED
:101C4000012400F0020005904FF44070CDE900043B
:101C50000220CDE9024069460548FFF797F905489B
:101C6000C0F8A442C0F8A04206B010BD303802400F
:101C7000000402400080404270B50D4C0026C4F8BC
:101C8000A0620C48016821F440210160016841F420
:101C9000802101600125C4F8A452022004F52874B3
:101CA00004F0FAFA2560022004F0F6FA266070BD0E
:101CB00000804042000402402DE9F047814616486A
:101CC0000024016821F44021016001680160134E85
:101CD000254627464FF00108C6F8A072022004F0FE
:101CE000DBFAC6F8A0826006040ED6F8240208B11A
:101CF000641CE4B2012004F0CFFA6D1CEDB2082D93
:101D0000EAD3B9F1000F04D0FFF772FF2046BDE817
:101D1000F087FFF7B1FFF9E700040240008040427E
:101D20002DE9F04105461448016821F44021016085
:101D3000016841F480210160104E0027C6F8A072AE
:101D40003C464FF00108E809C6F8A4026806050EF3
:101D5000022004F0A1FAC6F8A082022004F09CFA46
:101D6000C6F8A072022004F097FA641CE4B2082CB2
:101D7000E9D3BDE8F0810000000402400080404249
:101D800070B50D48016821F440210160016841F4FB
:101D900080210160094C0120C4F8A402C4F8A0020B
:101DA000042004F5287404F077FA00256560042007
:101DB00004F072FA256070BD0004024000804042C9
:101DC00070B50F48016821F440210160016841F4B9
:101DD000802101600B4C0020C4F8A002C4F8A402CA
:101DE000042004F5287404F057FA01252560042026
:101DF00004F052FA6560BDE87040042004F04CBA6B
:101E0000000402400080404270B51248002401687E
:101E100021F440210160016801600F4D0126C5F8E1
:101E2000A462304604F038FAC5F8A062012004F03C
:101E300033FA07E0641CE4B2FA2C03D9FFF7C0FFC1
:101E4000012070BDD5F824020028F3D1C5F8A00206
:101E500070BD00000004024000804042F0B514480C
:101E600087B00025016841F001010160016801F0BF
:101E700001010591016841F004010160006801263B
:101E800000F00400059002270324CDE90274CDE997
:101E9000006569460748FFF779F8CDE90274CDE996
:101EA000006569460448FFF771F807B0F0BD00000F
:101EB0003038024000000240000802402DE9F041A5
:101EC00001251B4C1B4E1C4F012813D0207858B104
:101ED00001213046FFF73AF901280DD0012138469B
:101EE000FFF734F9012807D001213046FFF72EF91A
:101EF000B0B11BE02570EBE70A2004F0BFF9002029
:101F0000207001213046FFF721F9012806D0012178
:101F10003846FFF71BF9012808D10220BDE8F081FF
:101F200001213846FFF712F900B925700020F5E7C6
:101F3000180000200008024000000240F0B50D4FDC
:101F40000546002438887E8821464643204602F014
:101F50004FFE02F075FF084847F28972B9882B0AD4
:101F600004E0914200D103800580641CB442F8D3A0
:101F7000F0BD0000E0020020000008602DE9F04FF5
:101F8000354B2C27194698712A2589884FF4305AE9
:101F90004FF4285B4FF42C5E2B264FF0F00845F2EF
:101FA00010594FF448744FF4A07C4FF4F07260B1B4
:101FB000A3F800C0A3F8028049452AD1A3F808A0DD
:101FC000A3F80AB0A3F80CE03AE0A3F80080A3F865
:101FD00002C0494508D1A3F808A0A3F80AB0A3F8A5
:101FE0000CE01A805C8002E01F815D819E81A1F57A
:101FF000A640103803D0A1F5EE40963802D1A3F8E0
:1020000000C05A80A1F5184006381FD11A805C80A4
:102010001CE0A1F5C85063380FD0A1F51840063870
:102020000BD01F815D819E81A1F5A64010380AD09A
:10203000A1F5EE40963806D008E01F815D819E81B3
:102040001C805A80F0E71A80A3F802C0BDE8F04F68
:10205000002002F009BD0000E00200202DE9FE4F43
:102060000026A2EB000882465F1A701E354689469C
:10207000B8F1000F02DD4FF0010102E003D14FF093
:102080000001019102E0C8F100080190002F02DD7B
:102090004FF0010002E003D14FF00000009002E099
:1020A000C7F1000700904046B84501DD044600E056
:1020B0003C46601C4FF0000B029015E01FFA89F1BE
:1020C0001FFA8AF000F016F846443D44A64202DDAD
:1020D0000199361B8A44A54202DD00992D1B8944D3
:1020E0000BF101001FFA80FB02998B45E6DDBDE88C
:1020F000FE8F000000B502F07BFD02F0A1FE064855
:10210000074982880548A2F5EE43893B008801D142
:10211000020A0A80088000BDE002002014000020AE
:10212000000008602DE9FC4F80460024154603207E
:102130000F46A0EB450649E0781B81B208EB040A84
:1021400001901FFA8AF0FFF7D5FF381B81B208EB28
:10215000050900901FFA89F0FFF7CCFF07EB040B8D
:102160001FFA8BF11FFA89F0FFF7C4FF07EB05098F
:102170001FFA89F11FFA8AF0FFF7BCFFA8EB040AE7
:102180001FFA89F11FFA8AF0FFF7B4FFA8EB0509DF
:102190001FFA8BF11FFA89F0FFF7ACFF019881B2AB
:1021A0001FFA8AF0FFF7A6FF009881B21FFA89F0A4
:1021B000FFF7A0FF641C002E03DA06EB8406B61DB1
:1021C00004E0601B06EB80066D1E0A36AC42B3DDF0
:1021D000BDE8FC8F2DE9F041234E0C460546070A69
:1021E000B1883046A1F5AA4340894FEA1428103B34
:1021F0001BD002F019FE384602F00AFEE8B202F0E7
:1022000007FEB08902F010FE404602F001FEE0B287
:1022100002F0FEFD154930890880B1881348A1F508
:10222000EE43801C893B19D01AE002F0FDFD3846D0
:1022300002F0EEFD7089401C80B202F0F5FDE8B2BC
:1022400002F0E6FDB08902F0EFFD404602F0E0FD4D
:10225000B089401C80B202F0E7FDD8E7110A018086
:102260000280BDE8F0810000E0020020FEFF076070
:102270002DE9FF4F984600980D9D101A401C0C4602
:1022800087B2DFF84490DFF844A047F2897B2E0A3A
:1022900015E02146009802F0ABFC02F0D1FD0020D1
:1022A0005B46BAF80420494605E09A4200D10E8008
:1022B0000D80401C80B2B842F7D3641CA4B24445E0
:1022C000E7D9BDE8FF8F000000000860E0020020B1
:1022D0002DE9F04FFF4895B00024016841F0080156
:1022E00001600068012500F0080013904FF4805051
:1022F000CDE900050320CDE902506946F648FEF716
:1023000045FEE80200906946F348FEF73FFEF348B9
:102310004FF0204105AA0160F149C0E901141021E4
:10232000C460C0E9044184610902C461C0E9094193
:102330008900C0E90B4189014463C0E90E410F20C7
:10234000CDE90C043C2012940E9008940920CDE9AC
:102350000504082007900CA90B94E048FFF72AFA1F
:10236000322003F08BFFDF4EC6F8AC520A2006F590
:102370002B7603F083FF3460322003F07FFF35605B
:10238000C82003F07BFFD32002F04EFD02F062FB79
:10239000D24D5035A88002F05DFB2946888002F0BE
:1023A00059FB4FF6FF79294609EA0020888002F0A0
:1023B00051FB294647F2967A898845F21036084340
:1023C000294645F2105788804FF4704B47F28974C4
:1023D000504573D0042002F027FD02F03BFBA8809B
:1023E00002F038FBA88002F035FB09EA00204A46DB
:1023F000A88002F02FFBA988C0B20843A0F50541D0
:10240000A88052397ED0A04258D0D42002F00CFDD2
:1024100002F020FBA88002F01DFBA88002F01AFB4E
:1024200002EA00209046A88002F014FBA988084325
:10243000A880B04242D05521584602F00BFDAA2197
:102440004FF2010002F006FD52214FF2020002F0AD
:1024500001FD08214FF2030002F0FCFC01214FF2C4
:10246000040002F0F7FC4FF4454002F0DDFC02F0FE
:10247000F1FA08EA0020A8804CF2015002F0D4FCE6
:1024800002F0E8FAA9880843A880052003F0F6FEC8
:10249000A888B84212D0D32002F0C6FC02F0DAFAC3
:1024A000A88002F0D7FAA88002F0D4FA08EA002047
:1024B000A88002F0CFFAA9880843A880A9888AA03A
:1024C000FDF704FFA888D04649F6060A40457DD1AD
:1024D000F02002F0A9FCC32002F09AFCF02002F0E8
:1024E000A3FC962002F094FC362002F09DFC4820CC
:1024F00002F08EFC3A2002F097FC552002F088FC96
:10250000B42000E0F8E002F08FFC012002F080FC33
:10251000B62002F089FC802002F07AFC222002F032
:1025200077FC3B2002F074FCB72002F07DFCC62053
:1025300002F06EFCC02002F077FC802002F068FC04
:10254000162002F065FCC12002F06EFC192002F09A
:102550005FFCC22002F068FCA72002F059FCC520F5
:1025600002F062FC162002F053FCE82002F05CFC52
:10257000402002F04DFC8A2002F04AFC002002F0CC
:1025800047FC002002F044FC292002F041FC192005
:1025900002F03EFCA52002F03BFC332002F038FCA8
:1025A000E02002F041FCF02002F032FC072002F0B3
:1025B0002FFC0D2002F02CFC042002F029FC052049
:1025C00002F026FC142002F023FC00E096E0362006
:1025D00002F01EFC542002F01BFC4C2002F018FC00
:1025E000382002F015FC132002F012FC142002F037
:1025F0000FFC2E2002F00CFC342002F009FCE1203C
:1026000002F012FCF02002F003FC102002F000FCAB
:10261000142002F0FDFB0E2002F0FAFB0C2002F069
:10262000F7FB082002F0F4FB352002F0F1FB442018
:1026300002F0EEFB4C2002F0EBFB262002F0E8FB60
:10264000102002F0E5FB122002F0E2FB2C2002F049
:10265000DFFB322002F0DCFBF02002F0E5FB3C2047
:1026600002F0D6FBF02002F0DFFB692002F0D0FB85
:10267000352002F0D9FB002002F0CAFB212002F035
:10268000D3FB112002F0D0FB782003F0F7FD2920C6
:1026900002F0CAFB322003F0F1FD2A2002F0C4FB55
:1026A000002002F0B5FB002002F0B2FB012002F096
:1026B000AFFB3F2002F0ACFB2B2002F0B5FB00206B
:1026C00002F0A6FB002002F0A3FB012002F0A0FB19
:1026D000DF20F6E030380240000C0240900200207B
:1026E000040100A000804142204C43442049443A68
:1026F00025780D0A00000000AC80DFE6A0427CD106
:10270000112002F091FB782003F0B8FD362002F092
:102710008BFB002002F07CFB3A2002F085FB552069
:1027200002F076FBB22002F07FFB0C2002F070FB7F
:102730000C2002F06DFB002002F06AFB332002F057
:1027400067FB332002F064FBB72002F06DFB5620DC
:1027500002F05EFBBB2002F067FB202002F058FB7A
:10276000C02002F061FB2C2002F052FBC22002F0DC
:102770005BFB012002F04CFBC32002F055FB0F2055
:1027800002F046FBC42002F04FFB202002F040FB89
:10279000C62002F049FB0F2002F03AFBD02002F0E5
:1027A00043FBA42002F034FBA12002F031FBD62031
:1027B00002F03AFBA12002F02BFBE02002F034FBF8
:1027C000F02002F025FB002002F022FB062002F0A0
:1027D0001FFB062002F01CFB072002F019FB05205E
:1027E00002F016FB302002F013FB442002F010FB35
:1027F000482002F00DFB382000E067E002F008FB03
:10280000112002F005FB102002F002FB2E2002F046
:10281000FFFA342002F0FCFAE12002F005FBF02080
:1028200002F0F6FA0A2002F0F3FA0E2002F0F0FAB3
:102830000D2002F0EDFA0B2002F0EAFA272002F058
:10284000E7FA2F2002F0E4FA442002F0E1FA4720F0
:1028500002F0DEFA352002F0DBFA122002F0D8FA9C
:10286000122002F0D5FA2C2002F0D2FA322002F027
:10287000CFFA352002F0D8FA002002F0C9FA212060
:1028800002F0D2FA292002F0CFFA2A2002F0CCFA84
:10289000002002F0BDFA002002F0BAFA012002F096
:1028A000B7FA3F2002F0B4FA2B2002F0BDFA002064
:1028B00002F0AEFA002002F0ABFA002002F0A8FA13
:1028C000EF2002F0A5FA2C2002F080B8B0427CD1B3
:1028D000ED2002F0A9FA012002F09AFAFE2002F09F
:1028E00097FAEE2002F0A0FADE2002F091FA212001
:1028F00002F08EFAF12002F097FA012002F088FA35
:10290000DF2002F091FA102002F082FAC42002F0D7
:102910008BFA8F2002F07CFAC62002F085FA0020A4
:1029200002F076FAE22002F073FAE22002F070FA86
:10293000E22002F06DFABF2002F076FAAA2002F03F
:1029400067FAB02002F070FA0D2002F061FA002060
:1029500002F05EFA0D2002F05BFA002002F058FA55
:10296000112002F055FA002002F052FA192002F06C
:102970004FFA002002F04CFA212002F049FA002020
:1029800002F046FA2D2002F043FA002002F040FA4D
:102990003D2002F03DFA002002F03AFA5D2002F0FC
:1029A00037FA002002F034FA5D2002F031FA0020FC
:1029B00002F02EFAB12002F037FA802002F028FA55
:1029C000002002F025FA8B2000E0FCE302F020FA60
:1029D000002002F01DFA962002F01AFA002002F000
:1029E00017FAB22002F020FA002002F011FA0020BB
:1029F00002F00EFA022002F00BFA002002F008FAB0
:102A0000032002F005FA002002F002FAB32002F0DF
:102A10000BFA002002F0FCF9002002F0F9F9002086
:102A200002F0F6F9002002F0F3F9002002F0F0F9CC
:102A3000002002F0EDF9002002F0EAF9002002F097
:102A4000E7F9002002F0E4F9002002F0E1F90020AB
:102A500002F0DEF9002002F0DBF9002002F0D8F9E4
:102A6000002002F0D5F9002002F0D2F9002002F097
:102A7000CFF9002002F0CCF9002002F0C9F90020C3
:102A800002F0C6F9002002F0C3F9002002F0C0F9FC
:102A9000002002F0BDF9002002F0BAF9002002F097
:102AA000B7F9B42002F0C0F98B2002F0B1F9002090
:102AB00002F0AEF9962002F0ABF9002002F0A8F97E
:102AC000A12002F0A5F9002002F0A2F9B52002F041
:102AD000ABF9022002F09CF9002002F099F90320E2
:102AE00002F096F9002002F093F9042002F090F928
:102AF000002002F08DF9B62002F096F9002002F0D5
:102B000087F9002002F084F9B72002F08DF9002047
:102B100002F07EF9002002F07BF93F2002F078F904
:102B2000002002F075F95E2002F072F9002002F038
:102B30006FF9642002F06CF9002002F069F98C2032
:102B400002F066F9002002F063F9AC2002F060F9AF
:102B5000002002F05DF9DC2002F05AF9002002F0BA
:102B600057F9702002F054F9002002F051F990203A
:102B700002F04EF9002002F04BF9EB2002F048F988
:102B8000002002F045F9DC2002F042F9002002F0BA
:102B90003FF9B82002F048F9002002F039F900208E
:102BA00002F036F9002002F033F9002002F030F98B
:102BB000002002F02DF9002002F02AF9002002F096
:102BC00027F9002002F024F9BA2002F02DF9242080
:102BD00002F01EF9002002F01BF9002002F018F9A3
:102BE000002002F015F9C12002F01EF9202002F0A9
:102BF0000FF9002002F00CF9542002F009F900202E
:102C000002F006F9FF2002F003F9002002F000F9BB
:102C1000C22002F009F90A2002F0FAF8002002F0BE
:102C2000F7F8042002F0F4F8002002F0F1F8C320D5
:102C300002F0FAF83C2002F0EBF8002002F0E8F88D
:102C40003A2002F0E5F8002002F0E2F8392002F024
:102C5000DFF8002002F0DCF8372002F0D9F800207D
:102C600002F0D6F83C2002F0D3F8002002F0D0F8B1
:102C7000362002F0CDF8002002F0CAF8322002F02F
:102C8000C7F8002002F0C4F82F2002F0C1F800209D
:102C900002F0BEF82C2002F0BBF8002002F0B8F8D9
:102CA000292002F0B5F8002002F0B2F8262002F048
:102CB000AFF8002002F0ACF8242002F0A9F80020C0
:102CC00002F0A6F8242002F0A3F8002002F0A0F8F9
:102CD000232002F09DF8002002F09AF83C2002F038
:102CE00097F8002002F094F8362002F091F80020C6
:102CF00002F08EF8322002F08BF8002002F088F803
:102D00002F2002F085F8002002F082F82C2002F03B
:102D10007FF8002002F07CF8292002F079F80020EA
:102D200002F076F8262002F073F8002002F070F826
:102D3000242002F06DF8002002F06AF8242002F04E
:102D400067F8002002F064F8232002F061F8002008
:102D500002F05EF8C42002F067F8622002F058F832
:102D6000002002F055F8052002F052F8002002F091
:102D70004FF8842002F04CF8002002F049F8F020CF
:102D800002F046F8002002F043F8182002F040F864
:102D9000002002F03DF8A42002F03AF8002002F0F2
:102DA00037F8182002F034F8002002F031F85020F3
:102DB00002F02EF8002002F02BF80C2002F028F888
:102DC000002002F025F8172002F022F8002002F07F
:102DD0001FF8952002F01CF8002002F019F8F320EB
:102DE00002F016F8002002F013F8E62002F010F8C6
:102DF000002002F00DF8C52002F016F8322002F093
:102E000007F8002002F004F8442002F001F8002046
:102E100001F0FEFF652001F0FBFF002001F0F8FF4C
:102E2000762001F0F5FF002001F0F2FF882001F08C
:102E3000EFFF002001F0ECFFC62001F0F5FF20209D
:102E400001F0E6FF002001F0E3FF172001F0E0FFB2
:102E5000002001F0DDFF012001F0DAFF002001F089
:102E6000D7FFC72001F0E0FF002001F0D1FF0020D4
:102E700001F0CEFF002001F0CBFF002001F0C8FFE1
:102E8000C82001F0D1FF002001F0C2FF002001F0B6
:102E9000BFFF002001F0BCFF002001F0B9FFC920F6
:102EA00001F0C2FF002001F0B3FF002001F0B0FFED
:102EB000002001F0ADFF002001F0AAFF002001F08A
:102EC000A7FF002001F0A4FF002001F0A1FF0020D7
:102ED00001F09EFF002001F09BFF002001F098FF11
:102EE000002001F095FF002001F092FF002001F08A
:102EF0008FFF002001F08CFF002001F089FF0020EF
:102F000001F086FFE02001F08FFF162001F080FF26
:102F1000002001F07DFF1C2001F07AFF002001F06D
:102F200077FF212001F074FF002001F071FF3620AF
:102F300001F06EFF002001F06BFF462001F068FFFA
:102F4000002001F065FF522001F062FF002001F037
:102F50005FFF642001F05CFF002001F059FF7A2040
:102F600001F056FF002001F053FF8B2001F050FFCD
:102F7000002001F04DFF992001F04AFF002001F0F0
:102F800047FFA82001F044FF002001F041FFB920D5
:102F900001F03EFF002001F03BFFC42001F038FFAC
:102FA000002001F035FFCA2001F032FF002001F0BF
:102FB0002FFFD22001F02CFF002001F029FFD920A3
:102FC00001F026FF002001F023FFE02001F020FFA8
:102FD000002001F01DFFF32001F01AFF002001F096
:102FE00017FFE12001F020FF162001F011FF002063
:102FF00001F00EFF1C2001F00BFF002001F008FF84
:10300000222001F005FF002001F002FF362001F030
:10301000FFFE002001F0FCFE452001F0F9FE00203B
:1030200001F0F6FE522001F0F3FE002001F0F0FE68
:10303000642001F0EDFE002001F0EAFE7A2001F0AC
:10304000E7FE002001F0E4FE8B2001F0E1FE00200D
:1030500001F0DEFE992001F0DBFE002001F0D8FE39
:10306000A82001F0D5FE002001F0D2FEB92001F029
:10307000CFFE002001F0CCFEC42001F0C9FE0020EC
:1030800001F0C6FECA2001F0C3FE002001F0C0FE20
:10309000D22001F0BDFE002001F0BAFED82001F0E0
:1030A000B7FE002001F0B4FEE02001F0B1FE0020E8
:1030B00001F0AEFEF32001F0ABFE002001F0A8FE0F
:1030C000E22001F0B1FE052001F0A2FE002001F097
:1030D0009FFE0B2001F09CFE002001F099FE1B20BA
:1030E00001F096FE002001F093FE342001F090FEE6
:1030F000002001F08DFE442001F08AFE002001F046
:1031000087FE4F2001F084FE002001F081FE612047
:1031100001F07EFE002001F07BFE792001F078FEB8
:10312000002001F075FE882001F072FE002001F001
:103130006FFE972001F06CFE002001F069FEA620D2
:1031400001F066FE002001F063FEB72001F060FE92
:10315000002001F05DFEC22001F05AFE002001F0C7
:1031600057FEC72001F054FE002001F051FED1208F
:1031700001F04EFE002001F04BFED62001F048FE8B
:10318000002001F045FEDD2001F042FE002001F0AC
:103190003FFEF32001F03CFE002001F039FEE32069
:1031A00001F042FE052001F033FE002001F030FE68
:1031B0000A2001F02DFE002001F02AFE1C2001F063
:1031C00027FE002000E0FBE201F022FE332001F0A8
:1031D0001FFE002001F01CFE442001F019FE00201B
:1031E00001F016FE502001F013FE002001F010FE49
:1031F000622001F00DFE002001F00AFE782001F0AF
:1032000007FE002001F004FE882001F001FE0020EE
:1032100001F0FEFD972001F0FBFD002001F0F8FD1C
:10322000A62001F0F5FD002001F0F2FDB72001F02D
:10323000EFFD002001F0ECFDC22001F0E9FD0020CF
:1032400001F0E6FDC72001F0E3FD002001F0E0FD04
:10325000D12001F0DDFD002001F0DAFDD52001F0E4
:10326000D7FD002001F0D4FDDD2001F0D1FD0020CC
:1032700001F0CEFDF32001F0CBFD002001F0C8FDF0
:10328000E42001F0D1FD012001F0C2FD002001F099
:10329000BFFD012001F0BCFD002001F0B9FD0220BE
:1032A00001F0B6FD002001F0B3FD2A2001F0B0FDD1
:1032B000002001F0ADFD3C2001F0AAFD002001F04E
:1032C000A7FD4B2001F0A4FD002001F0A1FD5D2031
:1032D00001F09EFD002001F09BFD742001F098FD9F
:1032E000002001F095FD842001F092FD002001F006
:1032F0008FFD932001F08CFD002001F089FDA220BC
:1033000001F086FD002001F083FDB32001F080FD77
:10331000002001F07DFDBE2001F07AFD002001F0CB
:1033200077FDC42001F074FD002001F071FDCD2077
:1033300001F06EFD002001F06BFDD32001F068FD6F
:10334000002001F065FDDD2001F062FD002001F0AC
:103350005FFDF32001F05CFD002001F059FDE52048
:1033600001F062FD002001F053FD002001F050FD4E
:10337000002001F04DFD002001F04AFD022001F087
:1033800047FD002001F044FD292001F041FD00200F
:1033900001F03EFD3C2001F03BFD002001F038FD36
:1033A0004B2001F035FD002001F032FD5D2001F0E1
:1033B0002FFD002001F02CFD742001F029FD0020DC
:1033C00001F026FD842001F023FD002001F020FD06
:1033D000932001F01DFD002001F01AFDA22001F054
:1033E00017FD002001F014FDB32001F011FD0020B5
:1033F00001F00EFDBE2001F00BFD002001F008FDE4
:10340000C42001F005FD002001F002FDCD2001F0F7
:10341000FFFC002001F0FCFCD32001F0F9FC0020AF
:1034200001F0F6FCDC2001F0F3FC002001F0F0FCE0
:10343000F32001F0EDFC002001F0EAFCE62001F0B1
:10344000F3FC112001F0E4FC002001F0E1FC342049
:1034500001F0DEFC002001F0DBFC562001F0D8FC7E
:10346000002001F0D5FC762001F0D2FC002001F014
:10347000CFFC772001F0CCFC002001F0C9FC6620D5
:1034800001F0C6FC002001F0C3FC882001F0C0FC64
:10349000002001F0BDFC992001F0BAFC002001F0F1
:1034A000B7FCBB2001F0B4FC002001F0B1FC992076
:1034B00001F0AEFC002001F0ABFC662001F0A8FC9E
:1034C000002001F0A5FC552001F0A2FC002001F035
:1034D0009FFC552001F09CFC002001F099FC452048
:1034E00001F096FC002001F093FC432001F090FCD9
:1034F000002001F08DFC442001F08AFC002001F046
:1035000087FCE72001F090FC322001F081FC0020D4
:1035100001F07EFC552001F07BFC002001F078FCDE
:10352000762001F075FC002001F072FC662001F0AD
:103530006FFC002001F06CFC672001F069FC0020AA
:1035400001F066FC672001F063FC002001F060FCE4
:10355000872001F05DFC002001F05AFC992001F069
:1035600057FC002001F054FCBB2001F051FC00206E
:1035700001F04EFC992001F04BFC002001F048FCCA
:10358000772001F045FC002001F042FC442001F0CE
:103590003FFC002001F03CFC562001F039FC0020EB
:1035A00001F036FC232001F033FC002001F030FC58
:1035B000332001F02DFC002001F02AFC452001F011
:1035C00027FC002001F024FCE82001F02DFC002065
:1035D00001F01EFC002001F01BFC992001F018FCFA
:1035E000002001F015FC872001F012FC002001F002
:1035F0000FFC882001F00CFC002001F009FC772072
:1036000001F006FC002001F003FC662001F000FC44
:10361000002001F0FDFB882001F0FAFB002001F002
:10362000F7FBAA2001F0F4FB002001F0F1FBBB2026
:1036300001F0EEFB002001F0EBFB992001F0E8FB2C
:10364000002001F0E5FB662001F0E2FB002001F024
:10365000DFFB552001F0DCFB002001F0D9FB5520F9
:1036600001F0D6FB002001F0D3FB442001F0D0FB99
:10367000002001F0CDFB442001F0CAFB002001F046
:10368000C7FB552001F0C4FB002001F0C1FBE9207D
:1036900001F0CAFBAA2001F0BBFB002001F0B8FB3F
:1036A000002001F0B5FB002001F0B2FB002001F08A
:1036B000BBFBAA2001F0ACFBCF2001F0B5FB002042
:1036C00001F0A6FB002001F0A3FB002001F0A0FB0D
:1036D000002001F09DFB002001F09AFB002001F08A
:1036E00097FB002001F094FB002001F091FB0020EB
:1036F00001F08EFB002001F08BFB002001F088FB25
:10370000002001F085FB002001F082FB002001F089
:103710007FFB002001F07CFB002001F079FB002002
:1037200001F076FBF02001F07FFB002001F070FB40
:10373000502001F06DFB002001F06AFB002001F039
:1037400067FB002001F064FBF32001F06DFB00201B
:1037500001F05EFBF92001F067FB062001F058FB49
:10376000102001F055FB292001F052FB002001F050
:103770004FFB3A2001F058FB552001F049FB112086
:1037800001F052FB642002F079FD292001F04CFB8E
:10379000352001F049FB002001F03AFB512001F0F7
:1037A00043FBFF2001F034FB532001F03DFB2C20B4
:1037B00001F02EFB552001F037FB8220FFF781B886
:1037C000B8427DD155214FF4704001F043FBAA214E
:1037D0004FF2010001F03EFB52214FF2020001F0D6
:1037E00039FB4FF2030B0821584601F033FB4FF22F
:1037F00004030121184601F02DFB0D214FF4304048
:1038000001F028FB0D214BF2010001F023FB0D21FB
:103810004BF2020001F01EFB34214FF4364001F060
:1038200019FB34214BF2016001F014FB34214BF2FF
:10383000026001F00FFB0D214FF4314001F00AFB53
:103840000D214BF2011001F005FB0D214BF202108E
:1038500001F000FB34214FF4374001F0FBFA342132
:103860004BF2017001F0F6FA34214BF2027001F0D4
:10387000F1FA00214FF4324001F0ECFA00214BF252
:10388000012001F0E7FA00214BF2022001F0E2FAF8
:1038900024214FF4384001F0DDFA24214BF60100D9
:1038A00001F0D8FA24214BF6020001F0D3FA0121ED
:1038B0004FF43F4001F0CEFA0F214FF4334000E0C7
:1038C000FEE301F0C7FA0F214BF2013001F0C2FA1A
:1038D0000F214BF2023001F0BDFA34214FF4394090
:1038E00001F0B8FA34214BF6011001F0B3FA34219B
:1038F0004BF6021001F0AEFA08214FF4354001F00A
:10390000A9FA08214BF2015001F0A4FA08214BF268
:10391000025001F09FFA03214FF4424001F09AFA5D
:1039200024214FF43A4001F095FA24214BF601206E
:1039300001F090FA24214BF6022001F08BFA0021CD
:103940004FF43C4001F086FA78214BF6014001F03B
:1039500081FA00214BF6024001F07CFA00214FF47D
:103960003D4001F077FA78214BF6015001F072FAF0
:1039700000214BF6025001F06DFA00214FF43E4059
:1039800001F068FA64214BF6016001F063FA00214E
:103990004FF4514001F05EFA33214DF2011001F075
:1039A00059FA00214DF2021001F054FA34214DF27F
:1039B000031001F04FFA00214DF2041001F04AFA11
:1039C0003A214DF2051001F045FA00214DF20610A2
:1039D00001F040FA4A214DF2071001F03BFA0021B4
:1039E0004DF2081001F036FA5C214DF2091001F099
:1039F00031FA00214DF20A1001F02CFA81214DF22A
:103A00000B1001F027FA00214DF20C1001F022FA00
:103A1000A6214DF20D1001F01DFA00214DF20E10FD
:103A200001F018FAE5214DF20F1001F013FA01210F
:103A30004DF2101001F00EFA13214DF2111001F0A9
:103A400009FA01214DF2121001F004FA54214DF24D
:103A5000131001F0FFF901214DF2141001F0FAF9F1
:103A600082214DF2151001F0F5F901214DF21610E9
:103A700001F0F0F9CA214DF2171001F0EBF9022123
:103A80004DF2181001F0E6F900214DF2191001F085
:103A9000E1F902214DF21A1001F0DCF901214DF299
:103AA0001B1001F0D7F902214DF21C1001F0D2F9E0
:103AB00034214DF21D1001F0CDF902214DF21E10FE
:103AC00001F0C8F967214DF21F1001F0C3F902217E
:103AD0004DF2201001F0BEF984214DF2211001F0C9
:103AE000B9F902214DF2221001F0B4F9A4214DF2EE
:103AF000231001F0AFF902214DF2241001F0AAF9D0
:103B0000B7214DF2251001F0A5F902214DF2261042
:103B100001F0A0F9CF214DF2271001F09BF902210D
:103B20004DF2281001F096F9DE214DF2291001F036
:103B300091F902214DF22A1001F08CF9F2214DF297
:103B40002B1001F087F902214DF22C1001F082F9BF
:103B5000FE214DF22D1001F07DF903214DF22E10C2
:103B600001F078F910214DF22F1001F073F90321C3
:103B70004DF2301001F06EF933214DF2311001F0A9
:103B800069F903214DF2321001F064F96D214DF213
:103B9000331001F05FF900214FF4524001F05AF95F
:103BA00033214DF2012001F055F900214DF20220A0
:103BB00001F050F934214DF2032001F04BF90021BE
:103BC0004DF2042001F046F93A214DF2052001F0B2
:103BD00041F900214DF2062001F03CF94A214DF255
:103BE000072001F037F900214DF2082001F032F9E9
:103BF0005C214DF2092001F02DF900214DF20A203F
:103C000001F028F981214DF20B2001F023F9002168
:103C10004DF20C2001F01EF9A6214DF20D2001F00D
:103C200019F900214DF20E2001F014F9E5214DF2B1
:103C30000F2001F00FF901214DF2102001F00AF9D7
:103C400013214DF2112001F005F901214DF212204E
:103C500001F000F954214DF2132001F0FBF801218D
:103C60004DF2142001F0F6F882214DF2152001F0FA
:103C7000F1F801214DF2162001F0ECF8CA214DF2C5
:103C8000172001F0E7F802214DF2182001F0E2F8C8
:103C900000214DF2192001F0DDF802214DF21A2029
:103CA00001F0D8F801214DF21B2001F0D3F80221D8
:103CB0004DF21C2001F0CEF834214DF21D2001F010
:103CC000C9F802214DF21E2001F0C4F867214DF21F
:103CD0001F2001F0BFF802214DF2202001F0BAF8B8
:103CE00084214DF2212001F0B5F802214DF222206D
:103CF00001F0B0F8A4214DF2232001F0ABF802212D
:103D00004DF2242001F0A6F8B7214DF2252001F054
:103D1000A1F802214DF2262001F09CF8CF214DF2AE
:103D2000272001F097F802214DF2282001F092F8A7
:103D3000DE214DF2292001F08DF802214DF22A20DA
:103D400001F088F8F2214DF22B2001F083F80221D6
:103D50004DF22C2001F07EF8FE214DF22D2001F0D5
:103D600079F803214DF22E2001F074F810214DF264
:103D70002F2001F06FF803214DF2302001F06AF896
:103D800033214DF2312001F065F803214DF232204C
:103D900001F060F86D214DF2332001F05BF8002155
:103DA0004FF4534001F056F833214DF2013001F049
:103DB00051F800214DF2023001F04CF834214DF25F
:103DC000033001F047F800214DF2043001F042F8D1
:103DD0003A214DF2053001F03DF800214DF2063058
:103DE00001F038F84A214DF2073001F033F8002194
:103DF0004DF2083001F02EF85C214DF2093001F04F
:103E000029F800214DF20A3001F024F881214DF209
:103E10000B3001F01FF800214DF20C3001F01AF8C0
:103E2000A6214DF20D3001F015F800214DF20E30B3
:103E300001F010F8E5214DF20F3001F00BF80121EF
:103E40004DF2103001F006F813214DF2113001F05F
:103E500001F801214DF2123000F0FCFF54214DF227
:103E6000133000F0F7FF01214DF2143000F0F2FFA3
:103E700082214DF2153000F0EDFF01214DF2163098
:103E800000F0E8FFCA214DF2173000F0E3FF0221F5
:103E90004DF2183000F0DEFF00214DF2193000F035
:103EA000D9FF02214DF21A3000F0D4FF01214DF26A
:103EB0001B3000F0CFFF02214DF21C3000F0CAFF92
:103EC00034214DF21D3000F0C5FF02214DF21E30AD
:103ED00000F0C0FF67214DF21F3000F0BBFF022150
:103EE0004DF2203000F0B6FF84214DF2213000F079
:103EF000B1FF02214DF2223000F0ACFFA4214DF2BF
:103F0000233000F0A7FF02214DF2243000F0A2FF81
:103F1000B7214DF2253000F09DFF02214DF22630F1
:103F200000F098FFCF214DF2273000F093FF0221DF
:103F30004DF2283000F08EFFDE214DF2293000F0E6
:103F400089FF02214DF22A3000F084FFF2214DF268
:103F50002B3000F07FFF02214DF22C3000F07AFF71
:103F6000FE214DF22D3000F075FF03214DF22E3071
:103F700000F070FF10214DF22F3000F06BFF032195
:103F80004DF2303000F066FF33214DF2313000F059
:103F900061FF03214DF2323000F05CFF6D214DF2E4
:103FA000333000F057FF00214FF4544000F052FF2F
:103FB00033214DF2014000F04DFF00214DF202404F
:103FC00000F048FF34214DF2034000F043FF002190
:103FD0004DF2044000F03EFF3A214DF2054000F062
:103FE00039FF00214DF2064000F034FF4A214DF226
:103FF000074000F02FFF00214DF2084000F02AFF9B
:104000005C214DF2094000F025FF00214DF20A40ED
:1040100000F020FF81214DF20B4000F01BFF00213A
:104020004DF20C4000F016FFA6214DF20D4000F0BD
:1040300011FF00214DF20E4000F00CFFE5214DF282
:104040000F4000F007FF01214DF2104000F002FF89
:1040500013214DF2114000F0FDFE01214DF21240FE
:1040600000F0F8FE54214DF2134000F0F3FE012160
:104070004DF2144000F0EEFE82214DF2154000F0AA
:10408000E9FE01214DF2164000F0E4FECA214DF296
:10409000174000F0DFFE02214DF2184000F0DAFE7A
:1040A00000214DF2194000F0D5FE02214DF21A40D8
:1040B00000F0D0FE01214DF21B4000F0CBFE00E0ED
:1040C000FFE202214DF21C4000F0C4FE34214DF20B
:1040D0001D4000F0BFFE02214DF21E4000F0BAFE6E
:1040E00067214DF21F4000F0B5FE02214DF2204045
:1040F00000F0B0FE84214DF2214000F0ABFE022121
:104100004DF2224000F0A6FEA4214DF2234000F023
:10411000A1FE02214DF2244000F09CFEB7214DF299
:10412000254000F097FE02214DF2264000F092FE5D
:10413000CF214DF2274000F08DFE02214DF22840A4
:1041400000F088FEDE214DF2294000F083FE0221BE
:104150004DF22A4000F07EFEF2214DF22B4000F09D
:1041600079FE02214DF22C4000F074FEFE214DF24A
:104170002D4000F06FFE03214DF22E4000F06AFE4C
:1041800010214DF22F4000F065FE03214DF230402A
:1041900000F060FE33214DF2314000F05BFE032160
:1041A0004DF2324000F056FE6D214DF2334000F0EA
:1041B00051FE00214FF4554000F04CFE33214DF2EA
:1041C000015000F047FE00214DF2025000F042FE87
:1041D00034214DF2035000F03DFE00214DF2045019
:1041E00000F038FE3A214DF2055000F033FE002178
:1041F0004DF2065000F02EFE4A214DF2075000F01D
:1042000029FE00214DF2085000F024FE5C214DF201
:10421000095000F01FFE00214DF20A5000F01AFE76
:1042200081214DF20B5000F015FE00214DF20C5093
:1042300000F010FEA6214DF20D5000F00BFE002103
:104240004DF20E5000F006FEE5214DF20F5000F049
:1042500001FE01214DF2105000F0FCFD13214DF242
:10426000115000F0F7FD01214DF2125000F0F2FD67
:1042700054214DF2135000F0EDFD01214DF2145088
:1042800000F0E8FD82214DF2155000F0E3FD012120
:104290004DF2165000F0DEFDCA214DF2175000F02D
:1042A000D9FD02214DF2185000F0D4FD00214DF24D
:1042B000195000F0CFFD02214DF21A5000F0CAFD56
:1042C00001214DF21B5000F0C5FD02214DF21C50A2
:1042D00000F0C0FD34214DF21D5000F0BBFD022165
:1042E0004DF21E5000F0B6FD67214DF21F5000F058
:1042F000B1FD02214DF2205000F0ACFD84214DF2C1
:10430000215000F0A7FD02214DF2225000F0A2FD45
:10431000A4214DF2235000F09DFD02214DF22450C6
:1043200000F098FDB7214DF2255000F093FD0221D9
:104330004DF2265000F08EFDCF214DF2275000F0B7
:1043400089FD02214DF2285000F084FDDE214DF25E
:10435000295000F07FFD02214DF22A5000F07AFD35
:10436000F2214DF22B5000F075FD02214DF22C5040
:1043700000F070FDFE214DF22D5000F06BFD032189
:104380004DF22E5000F066FD10214DF22F5000F03E
:1043900061FD03214DF2305000F05CFD33214DF200
:1043A000315000F057FD03214DF2325000F052FD24
:1043B0006D214DF2335000F04DFD00214FF4564079
:1043C00000F048FD33214DF2016000F043FD002173
:1043D0004DF2026000F03EFD34214DF2036000F02A
:1043E00039FD00214DF2046000F034FD3A214DF218
:1043F000056000F02FFD00214DF2066000F02AFD5F
:104400004A214DF2076000F025FD00214DF20860C1
:1044100000F020FD5C214DF2096000F01BFD002141
:104420004DF20A6000F016FD81214DF20B6000F0A4
:1044300011FD00214DF20C6000F00CFDA6214DF2A3
:104440000D6000F007FD00214DF20E6000F002FD4E
:10445000E5214DF20F6000F0FDFC01214DF21060EE
:1044600000F0F8FC13214DF2116000F0F3FC012183
:104470004DF2126000F0EEFC54214DF2136000F09A
:10448000E9FC01214DF2146000F0E4FC82214DF2C0
:10449000156000F0DFFC01214DF2166000F0DAFC3F
:1044A000CA214DF2176000F0D5FC02214DF21860D0
:1044B00000F0D0FC00214DF2196000F0CBFC02218D
:1044C0004DF21A6000F0C6FC01214DF21B6000F0B5
:1044D000C1FC02214DF21C6000F0BCFC34214DF205
:1044E0001D6000F0B7FC02214DF21E6000F0B2FC2E
:1044F00067214DF21F6000F0ADFC02214DF22060FB
:1045000000F0A8FC84214DF2216000F0A3FC022100
:104510004DF2226000F09EFCA4214DF2236000F0D9
:1045200099FC02214DF2246000F094FCB7214DF279
:10453000256000F08FFC02214DF2266000F08AFC1D
:10454000CF214DF2276000F085FC02214DF228605A
:1045500000F080FCDE214DF2296000F07BFC02219E
:104560004DF22A6000F076FCF2214DF22B6000F053
:1045700071FC02214DF22C6000F06CFCFE214DF22A
:104580002D6000F067FC03214DF22E6000F062FC0C
:1045900010214DF22F6000F05DFC03214DF23060E0
:1045A00000F058FC33214DF2316000F053FC032140
:1045B0004DF2326000F04EFC6D214DF2336000F0A0
:1045C00049FC55214FF4704000F044FCAA214FF201
:1045D000010000F03FFC52214FF2020000F03AFCD3
:1045E0000821584600F036FC0021184600F032FC45
:1045F000CC214FF4314000F02DFC00214BF2011092
:1046000000F028FC05214FF4364000F023FC702117
:104610004FF4374000F01EFC70214BF2017000F0A7
:1046200019FC01214FF4384000F014FC03214BF633
:10463000010000F00FFC03214BF6020000F00AFC21
:1046400003214BF6030000F005FC02214FF43C402F
:1046500000F000FC00214BF6014000F0FBFB0021C4
:104660004BF6024000F0F6FBD0214FF4494000F039
:10467000F1FB02214CF6011000F0ECFB50214CF64E
:10468000021000F0E7FB50214CF6031000F0E2FBB3
:1046900050214CF6041000F0DDFB00214FF4545083
:1046A00000F0D8FB55214FF4685000F0D3FB4FF4D5
:1046B000885000F0B9FB782001F0EEFD4FF4245053
:1046C00084E150457ED1FF2000F0AEFBFF2000F0DA
:1046D0009FFB982000F09CFB062000F099FBBA207D
:1046E00000F0A2FB602000F093FBBC2000F09CFBDC
:1046F000012000F08DFB0E2000F08AFB612000F00D
:1047000087FBFB2000F084FB102000F081FB1020D1
:1047100000F07EFB0B2000F07BFB0F2000F078FB0D
:104720002E2000F075FB732000F072FBFF2000F0DC
:104730006FFBFF2000F06CFB0E2000F069FB0E20E9
:1047400000F066FB002000F063FB032000F060FB3C
:10475000662000F05DFB632000F05AFB012000F0B2
:1047600057FB002000F054FB002000F051FBBD205F
:1047700000F05AFB012000F04BFB232000F048FB27
:10478000452000F045FB672000F042FB012000F0CF
:104790003FFB232000F03CFB452000F039FB672065
:1047A00000F036FBBE2000F03FFB002000F030FBA5
:1047B000212000F02DFBAB2000F02AFB602000F050
:1047C00027FB00E004E1222000F022FB222000F081
:1047D0001FFB222000F01CFB222000F019FB2220EE
:1047E00000F016FBC72000F01FFB6F2000F010FB4D
:1047F000ED2000F019FB7F2000F00AFB0F2000F0F5
:1048000007FB002000F004FBC02000F00DFB372068
:1048100000F0FEFA0B2000F0FBFA0A2000F0F8FA94
:10482000FC2000F001FB0A2000F0F2FADF2000F08B
:10483000FBFA002000F0ECFA002000F0E9FA00207A
:1048400000F0E6FA002000F0E3FA002000F0E0FAC1
:10485000202000F0DDFAF32000F0E6FA742000F0EA
:10486000D7FAB42000F0E0FA002000F0D1FA0020DE
:1048700000F0CEFA002000F0CBFAF72000F0D4FAD6
:10488000822000F0C5FAB12000F0CEFA002000F03E
:10489000BFFA122000F0BCFA132000F0B9FAF2209F
:1048A00000F0C2FA802000F0B3FA5B2000F0B0FA0A
:1048B000402000F0ADFA282000F0AAFAC12000F054
:1048C000B3FA172000F0A4FA7D2000F0A1FA7A20B4
:1048D00000F09EFA202000F09BFAE02000F0A4FAFD
:1048E000002000F095FA112000F092FA1C2000F050
:1048F0008FFA0E2000F08CFA0F2000F089FA0C20BD
:1049000000F086FAC72000F083FA062000F080FA53
:10491000062000F07DFA0A2000F07AFA102000F05C
:1049200077FA122000F074FA0A2000F071FA1020D1
:1049300000F06EFA022000F06BFA002000F068FA36
:10494000E12000F071FA002000F062FA122000F07D
:104950005FFA182000F05CFA0C2000F059FA0F20E2
:1049600000F056FA0A2000F053FA772000F050FACF
:10497000062000F04DFA072000F04AFA0A2000F065
:1049800047FA0E2000F044FA0B2000F041FA102004
:1049900000F03EFA1D2000F03BFA172000F038FA34
:1049A000002000F035FA352000F03EFA002000F03B
:1049B0002FFA3A2000F038FA552000F029FA112099
:1049C00000F032FA782001F059FC292000F02CFA8E
:1049D000A888404507D0A04205D0B04203D0B842D5
:1049E00001D050451ED14FF02041D1F8042122F0D2
:1049F0000F02C1F80421D1F8042122F47062C1F839
:104A00000421D1F8042142F00302C1F80421A0429C
:104A1000D1F8040102D140F4806001E040F400705C
:104A2000C1F804010020FDF7A9FA05490120C1F8E9
:104A3000B0024846FDF782FA15B0BDE8F08F0000DD
:104A4000008041420346012000E05843491EC9B29C
:104A5000FBD27047034808B50088ADF80000BDF8E8
:104A6000000008BD0000086030B5604C0023A1794B
:104A7000012916D1082814D2DFE800F00406080A3C
:104A80000C0E101206200CE007200AE0042008E0BB
:104A9000052006E0012004E0002002E0032000E001
:104AA0000220082812D2DFE800F0110406080A0CE0
:104AB0000E1080230AE0402308E0C02306E02023F4
:104AC00004E0602302E0A02300E0E023A18845F297
:104AD0001055A94202D14FF4585000E03620A1F5FC
:104AE000EE42963A01D143F00803194600F0B2F9BC
:104AF000980606D520886188884208D22180608087
:104B000005E021886088814201D920806180A088E9
:104B1000A842608940D100F087F9002000F078F9C0
:104B20006089401C80B200F07FF9002000F070F92D
:104B30006089801C80B200F077F92088401EC0F3A5
:104B40000F2000F065F96089C01C80B200F06CF99C
:104B50002078401EC0B200F05BF9A08900F064F933
:104B6000002000F055F9A089401C80B200F05CF9EB
:104B7000002000F04DF9A089801C80B200F054F9AB
:104B80006088401EC0F30F2000F042F9A089C01CCD
:104B900080B200F049F921E000F046F9002000F071
:104BA00037F9002000F034F92088401EC0F30F20B0
:104BB00000F02EF92078401EC0B200F029F9A0893B
:104BC00000F032F9002000F023F9002000F020F975
:104BD0006088401EC0F30F2000F01AF9A078BDE8ED
:104BE0003040401EC0B200F013B90000E0020020C7
:104BF000F0B51C4D0A460446060AA9882846170A3D
:104C00004089A1F5AA43103B12D000F00DF93046BF
:104C100000F0FEF8E0B200F0FBF8A88900F004F91B
:104C2000384600F0F5F8BDE8F040D0B200F0F0B83A
:104C300000F0FAF8304600F0EBF86889401C80B2CA
:104C400000F0F2F8E0B200F0E3F8A88900F0ECF828
:104C5000384600F0DDF8A889401C80B200F0E4F886
:104C6000E1E70000E00200202DE9F84F82461F46F0
:104C70000E468B46580700D0012000EBD70079087C
:104C800010FB01F0203AC0B202F0FF0900250090AD
:104C900047E00C2F10D0102F12D0182F14D0202F37
:104CA00042D1224901EBC9104FF00008445D2006B3
:104CB00010D51F48028811E009EB49001D4906E0A4
:104CC0001D4901EB0910EFE71C4909EBC90001EB95
:104CD0008000E9E70A9828B91548428831465046CD
:104CE000FDF778FA6006040E1548761CB6B24088C7
:104CF000B04219D9A6EB0B00B84209D10AF1010064
:104D00001FFA80FA0E485E46018851450CD906E02C
:104D100008F1010000F0FF08B8F1080FC7D36D1CBF
:104D2000EDB200988542B4D3BDE8F88F92920008A6
:104D300014000020D27A0008467F0008368500085B
:104D4000E00200202DE9FF4F81B00027DDF838B0E8
:104D50001D46924680463C46B9464FEA5B0627E030
:104D6000281B401EC1B20A20FFF76CFEBAFBF0F010
:104D70000A21B0FBF1F201FB120027B9691E8C4237
:104D800001DA48B101273030C2B206FB048080B29C
:104D90005B46CDF8009006E006FB048080B25B46DF
:104DA0002022CDF800900299FFF75EFF641CE4B268
:104DB000AC42D5D305B0BDE8F08F2DE9F84F0446DD
:104DC00000F0FF0810190D46DDE90A761FFA80FA97
:104DD00058191FFA80F94FF0000B11E0544502D327
:104DE000E819444685B24D450FD23B462946204638
:104DF000CDF800B0FFF738FF04EB570084B2761C03
:104E00003278A2F120005E28E8D9BDE8F88F0000D2
:104E100001B5BDF80000ADF80000BDF80000014983
:104E2000088008BD0000086001B5BDF80000ADF8BD
:104E30000000BDF800000149088008BDFEFF0760C2
:104E4000024803490089088070470000E002002002
:104E5000FEFF0760024A1080901C0180704700002E
:104E6000FEFF0760114810B5016886B041F00101EE
:104E7000016000680E4C00F00100059006200090D3
:104E80000120019002900320039069462046FCF720
:104E90007DF8012202212046FCF75DF90122042160
:104EA0002046FCF758F906B010BD0000303802402B
:104EB000000002401CB54FF6FF70FDF73FF80A4CAA
:104EC0001F200AA120801020CDE9000108481023EE
:104ED000C82200880021183880B2FFF76EFF4FF417
:104EE000784020801CBD0000140000205253540064
:104EF000E0020020FEE770470907090E002806DAE5
:104F000000F00F0000F1E02080F8141D704700F160
:104F1000E02080F8001470477047000070B5214C05
:104F200092B00025266846F080562660246804F07A
:104F3000805411941C4C266846F4804626602468F0
:104F40000DF1240C04F480441194012400942404F1
:104F50000194022406948CE80D006605CDE90761F2
:104F60006846FCF79DFA00B1FEE70CA90F2081E826
:104F700031004FF4A0500F904FF480501090052155
:104F80000CA8FCF769F900B1FEE7FCF7E9F841F27B
:104F90000101884204D10548016841F48071016033
:104FA00012B070BD4038024000700040003C02402A
:104FB0007047FCF7E1B800000248016841F4700155
:104FC0000160704788ED00E010B50A4C2068C068A9
:104FD000C043C00709D10848006980472168002004
:104FE000486221686420C862E06021686FF00100B7
:104FF000086110BDF002002094000020F0B50268A6
:10500000234D244E244FDFF894C0254B4FF0804EA3
:10501000A84209D0704507D0B04205D0B84203D0AD
:10502000604501D0984203D122F070044A682243BF
:10503000A8421BD0704519D0B04217D0B84215D045
:10504000604513D0984211D0164CA0420ED0164C99
:10505000A0420BD0154CA04208D0154CA04205D060
:10506000144CA04202D0144CA04203D122F440744C
:10507000CA68224302608A68C2620A688262A842E1
:1050800001D0984201D10969016301214161F0BD5C
:10509000000001400004004000080040000C0040F7
:1050A000000401400040014000440140004801402C
:1050B00000180040001C0040002000402DE9FF4F78
:1050C00083B00E46DDE910A94E4907464FF47840FB
:1050D000DDF8508008804CA01024CDE900404B4DF5
:1050E0009346A0216B882A882820FFF766FE48A0F7
:1050F000CDE900406B882A88A0217820FFF75DFE6B
:1051000044A0CDE900406B882A88B4212820FFF70D
:1051100054FE41A0CDE900406B882A88B421782054
:10512000FFF74BFE3DA0CDE900406B882A88C821DF
:105130002820FFF742FE3AA0CDE900406B882A887C
:10514000C8217820FFF739FE36A0CDE900406B88F2
:105150002A88DC212820FFF730FE33A0CDE900406B
:105160006B882A88DC217820FFF727FE2FA0CDE965
:1051700000406B882A88F0212820FFF71EFE0423B8
:105180003A46A02140200094FFF7DCFD042332467C
:10519000A02190200094FFF7D5FD04235A46B421A6
:1051A00040200094FFF7CEFD04230094B42190200A
:1051B000069AFFF7C7FD04235246C82140200094F9
:1051C000FFF7C0FD04234A46C82190200094FFF752
:1051D000B9FD04230094DC214020129AFFF7B2FDB0
:1051E00004230094DC219020139AFFF7ABFD0323E6
:1051F0004246F02160200094FFF7A4FD07B0BDE80F
:10520000F08F00001400002078313A00E002002006
:1052100079313A0078323A0079323A0078333A00FC
:1052200079333A0078343A0079343A006661632081
:1052300069733A002DE9F04F00242DED0C8B89B0F5
:1052400025461F20FE4E4FF6FF773080FD48078031
:105250003846FCF773FE4FF47848A6F800803846CD
:10526000FCF76CFEF8480027378001684FF0100A01
:10527000CDE900A128216423A0220846FFF79DFD67
:1052800014214246084600F0A3FAF04880F8207046
:105290009FEDEF0A80ED090A9FEDEECB9FEDEFDB6E
:1052A0009FEDF0BBF14E80464FF0900BA0F104094A
:1052B000D8F8041047460120884797F820000121BC
:1052C000B1EB901F46D120F0400087F8200005A8E0
:1052D000BA8920F8242000EB8400641C0025F98A98
:1052E000E4B2B8464180012C06D0022C11D0032C28
:1052F0001ED0042C2ED13CE014214FF6FF7208463C
:1053000000F066FA30884FF47842143880B21421E5
:105310001EE030884FF6FF72143880B2142100F07E
:1053200057FA70884FF47842143881B214200FE095
:1053300070884FF6FF72143881B2142000F048FADA
:1053400070884FF47842143881B23088143880B2B3
:1053500000F03EFA0A2000F091FF6D1CADB2B5F5E9
:105360007A7FA5D900F06CFA09B0BDEC0C8BBDE8D2
:10537000F08FBDF81400BDF81810411A00D549424D
:10538000BDF81600BDF81A20801A00D540424943E6
:105390004043084402F0C7F841EC100B00F0B1FEA6
:1053A00051EC100B02F092F884B2BDF81C00BDF86D
:1053B0002010411A00D54942BDF81E00BDF8222038
:1053C000801A00D5404249434043084402F0ABF8FC
:1053D00041EC100B00F095FE51EC100B02F076F84A
:1053E00000EE104A87B2F8EE400A00EE107AB8EEEE
:1053F000401A80EE810A10EE100A02F0E3FAB0EED5
:105400004C9AF0EE6C9A41EC180B53EC192B02F00D
:105410009DF85BD3B0EE4DAAF0EE6DAA53EC1A2BBB
:1054200051EC180B02F0CCF950D3ECB3E7B3BDF854
:105430001400BDF81C10411A00D54942BDF81600F1
:10544000BDF81E20801A00D540424943404308441D
:1054500002F069F841EC100B00F053FE51EC100B18
:1054600002F034F884B2BDF81800BDF82010411ADB
:1054700000D54942BDF81A00BDF82220801A00D597
:10548000404249434043084402F04DF841EC100BC0
:1054900000F037FE51EC100B02F018F800EE104A45
:1054A00080B2F8EE400A00E010E000EE100AB8EE1C
:1054B000401A80EE810A10EE100A02F083FA41ECE5
:1054C000180B53EC192B02F041F831D270880024EC
:1054D000143881B230884FF6FF72143880B200F071
:1054E00077F914214FF47842084600F071F953EC33
:1054F0001B2B51EC180B02F065F801F0E7FF80B2AE
:10550000BDF82220BDF82030BDF81E10CDE90320E3
:10551000CDE90113BDF81C000090BDF81A30BDF8AC
:105520001820BDF81610BDF81400FFF7C7FDBFE640
:1055300053EC1A2B51EC180B02F042F9C6D3BDF80C
:105540001800BDF81C10411A00D54942BDF81A00D8
:10555000BDF81E20801A00D540424943404308440C
:1055600001F0E1FF41EC100B00F0CBFD51EC100B12
:1055700001F0ACFF84B2BDF81400BDF82010411A50
:1055800000D54942BDF81600BDF82220801A00D58A
:10559000404249434043084401F0C5FF41EC100B31
:1055A00000F0AFFD51EC100B01F090FF00EE104A3F
:1055B00080B2F8EE400A00EE100AB8EE401A80EE13
:1055C000810A10EE100A02F0FDF941EC180B53ECC1
:1055D000192B01F0BBFFB1D353EC1A2B51EC180B74
:1055E00002F0EEF8AAD3BDF81820BDF81410F6EEBC
:1055F000001A501A00EE100A30881144B8EEC01A92
:10560000A0F1280300EE103A4746B8EEC00AC0EEFB
:10561000010A00EE101AB8EE401A00EE100AB8EEB9
:10562000400AC8ED090A00EEC10A20EE210ABDEECB
:10563000C00A10EE101AA8F82C10BDF81E3017E0A2
:10564000140000201600002014C2000820000020D2
:1056500000000000666666666666EE3FCDCCCCCC88
:10566000CCCCF03F0000000000005940E0020020D8
:10567000BDF81620FDEEE00A991A00EE101A7188A6
:105680001A44B8EEC01AA1F1280400EE104AB8EE90
:10569000C02A82EE010A01EE102AB8EE412A01EE7C
:1056A000101AB8EE411A87ED0A0A00EE421A21EEEE
:1056B000211ABDEEC11A11EE102AFA8510EE902AB9
:1056C000002A00DA5242022A08DCBDEEC00A10EEBF
:1056D000102A002A00DA5242022A2CDD143914382A
:1056E000002489B280B24FF6FF7200F071F81421E5
:1056F0004FF47842084600F06BF81CA1CDE900A1F8
:10570000738832881A212820FFF757FB97F830005A
:1057100048B1002087F8300038B189F800B0D021B6
:1057200089F80110C4E50120F4E7D02189F80010C0
:1057300089F801B0BCE512481F214FF6FF740180C3
:105740002046FCF7FBFB0FA1CDE900A1738832884E
:105750006E212320FFF731FB4FF47A7000F08EFDAD
:1057600000F0EEF92046FCF7E9FBFDE55450204E31
:1057700065656420726561646A7573742100000058
:1057800014000020546F7563682053637265656E62
:105790002041646A757374204F4B210070B5064632
:1057A0000A480C4602803046FCF7A4FC751CA8B2DF
:1057B0002146FCF79FFC641CA1B23046FCF79AFC22
:1057C000A1B2A8B2BDE87040FCF794BC1400002060
:1057D0002DE9F041044619480D460B46028004F1BC
:1057E0000D0082B2193880B2FCF738FC05F10D00CB
:1057F00083B2193881B222461046FCF72FFC6E1C8A
:1058000004F10108B1B21FFA88F0FCF773FCB1B2E1
:10581000661EB0B2FCF76EFC6F1EB9B21FFA88F0BC
:10582000FCF768FCB9B2B0B2FCF764FC294620462C
:10583000BDE8F0410622FCF775BC00001400002012
:1058400010B535202DED028BFAF7FEFF0A2803D0A4
:105850000020BDEC028B10BD04212820FAF7DFFFE9
:1058600000EE100A9FED178A174CB8EEC00A04210B
:105870002C20C0EE080AC4ED090AFAF7D0FF00EEAA
:10588000100A02213020B8EEC00AC0EE080AC4EDAA
:105890000A0AFAF7C4FFA08502213220FAF7BFFFF7
:1058A000E0853420FAF7D0FF9023211F84F83000E0
:1058B000D02210B10B704A7001E00A704B700120C9
:1058C000C7E7000020BCBE4C2000002070B5374D5B
:1058D000374E384CA88886B0A0F5AA41103955D06B
:1058E000A0F51841063951D0A0F5EE4196393ED0C9
:1058F000A0F5A64110393AD0A0F5EE41893945D03E
:105900002D480021026842F0020202600068012472
:1059100000F0020005904FF440508DE81300032082
:10592000264D039069462846FBF730FBE103CDE99D
:10593000001469462846FBF729FBA003009069463E
:105940002846FBF723FB2003009069462846FBF717
:105950001DFB18491631A1F10A0000F09FF8FAF773
:105960005CFFFFF76DFFA0B1002006B070BDFBF734
:1059700067F9C0B9666094F83000A97940F08000FA
:1059800001F00101084384F83000EDE7FBF758F916
:10599000F0E74FF6FF70FCF7D1FAFFF74BFC00F091
:1059A000CFF8FFF74DFF0120DFE70000E002002005
:1059B000950D00082000002030380240000402400D
:1059C0002DE9F04700251C4E2C462F46C6F8BC5248
:1059D000C6F8B052C6F8B85206F52C7600F04CF96D
:1059E000062000F059FCF760012000F055FC4FF054
:1059F0000108C6F80C80404600F04EFCF760B9463E
:105A000047464FF6FF78A6F52C7608EA4404C6F818
:105A1000BC92012000F040FCC6F8BC72D6F82C0203
:105A200008B1641CA4B26D1CEDB2102DEDD3200999
:105A3000C6F8B872BDE8F08700804042FEB5064661
:105A400000246D463046FFF7BBFF25F81400641CA8
:105A5000A4B2052CF6D300214C1CA0B20BE035F803
:105A6000113035F81020934203D925F8112025F87C
:105A70001030401C80B20528F1D3A1B20429EBD329
:105A80000021012035F81020401C114480B289B259
:105A90000428F7D30320B1FBF0F0FEBD2DE9F0415F
:105AA000074F06460D463878FFF7C8FF044678785A
:105AB000FFF7C4FF348028800120BDE8F08100009A
:105AC0001C00002070B586B00C460546694604A847
:105AD000FFF7E4FF00282FD001A903A8FFF7DEFF9E
:105AE000002829D0BDF80C30BDF81020934203D80F
:105AF00003F13200824205D39A421FD802F13200EC
:105B000083421BD2BDF80410BDF80000814203D8C7
:105B100001F13206B04204D388420FD832308142BC
:105B20000CD2D01840082880BDF80000BDF8041041
:105B3000084440082080012006B070BD0020FBE72B
:105B400010B51B4C04222DED028B282094ED090A80
:105B50009FED188A20EE080ABDEEC00A10EE101A5A
:105B6000FAF793FE94ED0A0A04222C2020EE080A8C
:105B7000BDEEC00A10EE101AFAF787FEB4F92C1029
:105B800002223020FAF781FEB4F92E1002223220D0
:105B9000FAF77BFE94F830103420FAF78BFEBDEC58
:105BA000028B0A21BDE810403520FAF783BE0000C1
:105BB0002000002020BCBE4C2D4910B5D1F8341275
:105BC0002C4C41B194F82000010645D520F080000E
:105BD00084F8200047E00200264800F1160100F199
:105BE0000C0002D0FFF76EFF2AE0FFF76BFF38B31F
:105BF000B4F92C0094ED091A00EE100AA08900EE09
:105C0000900AB8EEC00AF8EE600A01EE200ABCEE77
:105C1000C00A10EE100AA081B4F92E0094ED0A1A01
:105C200000EE100AE08A00EE900AB8EEC00AF8EE24
:105C3000600A01EE200ABCEEC00A10EE100AE082F3
:105C400094F8200000060ED4C02084F82000A0891B
:105C5000A082E08AE08306E00020A082E0834FF685
:105C6000FF70A081E08294F8200000F0800010BD59
:105C700000804042200000202DE9F04100240D4E1C
:105C8000054627464FF00108280602D5C6F8B0821F
:105C900001E0C6F8B0726806050EC6F8BC720120B5
:105CA00000F0FAFAC6F8BC82641CE4B2082CEBD30C
:105CB000BDE8F08100804042F8B5064610480D4628
:105CC0000024016841F0040101600068032200F033
:105CD0000400009011461E20FBF78CFA1E20FBF7F3
:105CE0007EFA094A07481060C2E90154C2E9036418
:105CF0001046FBF705FEBDE8F8400348FBF71CBE65
:105D00004038024000080040F002002010B5806BCF
:105D10000021C185C184FBF71BFE10BD0168CA6864
:105D200022F49072CA6001684A6922F001024A6155
:105D3000202180F83A10704710B590F83A102229C7
:105D400001D0022010BD8168B1F5805F11D00169DA
:105D5000002901681FD0496801F07F03816A4A1C4D
:105D600082620B70C18D491E0904090CC18518D0CF
:105D700026E00269816A002A0268526805D0D2B220
:105D80000A80816A491C8162ECE7C2F308020A803A
:105D9000816A891CF7E74A68816A4B1C83620A7032
:105DA000E0E70168CA6822F49072CA6001684A6933
:105DB00022F001024A61202180F83A10FBF7EAFE46
:105DC000002010BD2DE9F04104460068016921F46E
:105DD0004052E168114301612068C16849F20C62D8
:105DE00091432369A268E5691A4363692B431A4307
:105DF0000A43C26020684169A26921F440710A43E4
:105E00004261E0696425B0F5004F974A97492068E0
:105E10004FF032083FD0884201D090427CD1FBF74E
:105E2000EDFA00EBC00101EB001061688900B0FBE6
:105E3000F1F6FBF7E3FA00EBC00101EB001061683B
:105E40008900B0FBF1F0B0FBF5F06FF018014843AA
:105E500006EB800108EB0110B0FBF5F000F0F00656
:105E6000FBF7CCFA00EBC00101EB00106168890080
:105E7000B0FBF1F0B0FBF5F006EB0016FBF7BEFA55
:105E800000EBC00101EB001061688900B0FBF1F785
:105E9000FBF7B4FAD2E0884201D090423DD1FBF743
:105EA000ADFA00EBC00101EB001061684900B0FBE6
:105EB000F1F0B0FBF5F00601FBF7A0FA00EBC00132
:105EC00001EB001061684900B0FBF1F7FBF796FAAF
:105ED00000EBC00101EB001061684900B0FBF1F07C
:105EE000B0FBF5F06FF01801484307EB800108EBB9
:105EF000C100B0FBF5F000F0F80006EB4006FBF740
:105F00007DFA00EBC00101EB001061684900B0FBB5
:105F1000F1F7FBF773FA3CE055E0FBF757FA00EBBB
:105F2000C00101EB001061684900B0FBF1F0B0FB6B
:105F3000F5F00601FBF74AFA00EBC00101EB001097
:105F400061684900B0FBF1F7FBF740FA00EBC001D4
:105F500001EB001061684900B0FBF1F0B0FBF5F017
:105F60006FF01801484307EB800108EBC100B0FB5C
:105F7000F5F000F0F80006EB4006FBF727FA00EB1F
:105F8000C00101EB001061684900B0FBF1F7FBF7BD
:105F90001DFA00EBC00101EB001061684900B0FB85
:105FA000F1F0B0FBF5F06FF01801484307EB80010A
:105FB00008EBC100B0FBF5F000F0070021683044A9
:105FC0008860BDE8F081FBF701FA00EBC00101EB4E
:105FD000001061688900B0FBF1F6FBF7F7F900EB00
:105FE000C00101EB001061688900B0FBF1F0B0FB6B
:105FF000F5F06FF01801484306EB800108EB011043
:10600000B0FBF5F000F0F006FBF7E0F900EBC001A3
:1060100001EB001061688900B0FBF1F0B0FBF5F016
:1060200006EB0016FBF7D2F900EBC00101EB001004
:1060300061688900B0FBF1F7FBF7C8F900EBC0011C
:1060400001EB001061688900B0FBF1F0B0FBF5F0E6
:106050006FF01801484307EB800108EB0110B0FB1B
:10606000F5F000F00F00A9E7001401400010014016
:1060700090F83910212901D0022070478168B1F5CC
:10608000805F016A0BD04A1C026202680978516085
:10609000C18C491E0904090CC1840ED017E009887F
:1060A0000268C1F30801516001690029016A02D048
:1060B000491C0162ECE7891CFBE70168CA6822F011
:1060C0008002CA600068C16841F04001C1600020E0
:1060D0007047000010B50848FBF740FC0648FBF786
:1060E00038FC2028FAD1012204490348FBF72EFD91
:1060F0000028F8D110BD0000500200200C00002044
:10610000FEE700B52DED048BB0EE409AF0EE609AFC
:1061100083B051EC190B01F089FB41EC180B18EE20
:10612000100A18EE901A8DED008B002818BF012080
:10613000084320F00040C0F17F6000F1E040C00F54
:1061400014D019EE101A19EE900A8DED009B00295B
:1061500018BF0121084320F00040C0F17F6000F12A
:10616000E040C00F04BF0120FAF781FAB0EE480A00
:1061700003B0F0EE680ABDEC048B00BD30380A288D
:1061800001D20120704700207047704788B0DFF8C7
:10619000C890DFF8C8B0002602AF4FF6FF7ADBF8F0
:1061A00004105D46002088470024AB4601219BF87F
:1061B0002020A1400A4232D00BEB4405B9F8001070
:1061C000AA898A422DD2EB8AB9F80200834228D2EA
:1061D00037F82410514504D107EB840027F8242018
:1061E00043801F49022007EB840831F81410CDE9E1
:1061F0000001B8F8021037F8240000F0D7F8A98998
:1062000027F82410EA8AA8F80220B9F80000183804
:10621000814206DD142A04D2FEF74CFE01E027F885
:1062200024A0641CE4B2052CC0D3052000F026F89D
:10623000761CF6B21420B6FBF0F100FB11600028CA
:10624000ADD10849D1F8840218B10020C1F8840208
:10625000A5E70120FAE70000E0020020200000206E
:10626000B07A00080000404210B504460420FBF755
:1062700027FB0148046010BD0800002070B50546EA
:1062800000244FF47A7603E0304600F005F8641CF1
:10629000AC42F9D370BD000070B54FF0E02500218D
:1062A0006C69094AAB6912685043AA699A42FCD0EA
:1062B00002D2A3EB020302E0A4EB0206334419442A
:1062C00013468142F1D370BD0800002003490A68DB
:1062D0005206FCD5C2B24A6070470000001001406F
:1062E00008B5002A06D00244521E009392B20B4613
:1062F000FBF7BEFF08BD2DE9FF5F80460E4640F26A
:10630000C32050434FF47A71B0FBF1F702FB02F067
:1063100000EB520B14464FF6FF7000EA4202A8EB66
:10632000040080B231467F1C039BFFF7D9FF012593
:1063300038E005FB05F004FB040159451BD9BC42BC
:1063400018D96800A0F10209301981B2A8EB050044
:1063500000F1010A1FFA89F21FFA8AF0039BFFF786
:10636000BFFF301B81B21FFA89F21FFA8AF0039B2C
:10637000FFF7B6FF641E4FF6FF7000EA4402701983
:1063800081B2A8EB040A91461FFA8AF0039BFFF73B
:10639000A7FF701B81B24A461FFA8AF0039BFFF7E2
:1063A0009FFF6D1CBD42C4D9BDE8FF9F2DE9FE4F84
:1063B00000260C9C3546A0424CD3A2424AD3A142AF
:1063C00048D3A34246D3A2EB000882465F1A701E50
:1063D0008946B8F1000F02DD4FF0010102E003D160
:1063E0004FF00001019102E0C8F100080190002F78
:1063F00002DD4FF0010002E003D14FF000000090F9
:1064000002E0C7F1000700904046B84501DD0446B0
:1064100000E03C46601C4FF0000B029017E0DDE905
:106420000C231FFA89F11FFA8AF0FFF764FF464434
:106430003D44A64202DD0199361B8A44A54202DD95
:1064400000992D1B89440BF101001FFA80FB029972
:106450008B45E4DDBDE8FE8F1CB5FAF795FE0723FA
:10646000022219214FF4A870FEF758FDA820FFF76B
:10647000FBFE4FF4E13000F0C5F824484168542099
:106480008847FEF7EFFCFBF7E9FCFBF721FF204D07
:10649000286880471F494FF47840102408801EA0C8
:1064A000CDE900402346C82232211E20FEF785FC9C
:1064B0001FA0CDE900401023C82246211E20FEF770
:1064C0007CFC1EA0CDE900401023C8225A211E20CA
:1064D000FEF773FC95F83000000608D41AA0CDE949
:1064E00000401023C8226E211E20FEF766FC40F2F9
:1064F000DC50FFF7C3FEFEF7DDFC95F83000000628
:1065000001D5FFF743FE00F02DF8000094000020B5
:10651000200000201400002053544D333246343004
:106520003720436F726520426F6172640000000083
:10653000544F55434820544553540000574B532063
:10654000534D4152540000005072657373204B4507
:10655000593020746F2041646A7573740000000024
:1065600000687047DFF89080244D254F00244FF0DD
:1065700014090020FBF7A2FC064669680020884742
:1065800095F82000000616D5A889B8F8002090429A
:1065900014D2E98AB8F8023099420FD2183A9042E0
:1065A00004DD102902D2FEF785FC07E04FF47842A3
:1065B000FFF7F4F802E00A20FFF760FE012E09D190
:1065C0004FF6FF70FBF7BAFCFEF734FEFFF7B8FAA0
:1065D000FEF770FC641CE4B2B4FBF9F109FB114056
:1065E0000028C6D1D7F8840218B10020C7F8840269
:1065F000BFE70120FAE70000E002002020000020B1
:10660000000040420B4910B5094AC1E900200020B2
:106610008860C860086188610C2048610846FBF703
:1066200025FABDE81040012203490248FBF78EBA63
:1066300000100140500200200C00002070B594B002
:10664000064613AB11AA694600F0DCF9002824D1F4
:106650008DF840001D4C042514E0206805EBC101B5
:1066600013AB405812AA08A900F0CCF9002814D1A5
:10667000694608A800F001FC88B19DF84000401C64
:106680008DF84000207D9DF840108842E5D8207D9F
:106690009DF8401088420ED1042014B070BD9DF8C2
:1066A00048009DF84410884201D90220F5E79DF882
:1066B0004000A075EBE710A9304600F057FA00281B
:1066C000EBD19DF8400060750020E6E794000020C3
:1066D0002DE9F0417E4E9AB0B57D307DA8427CD93F
:1066E0000421306801EBC50119AB405818AA10A964
:1066F00000F088F910A977A0F9F7E8FD00240DF162
:10670000180832E0308B0121A140084217D0222125
:1067100072A0F9F7DBFD204600F090FA811970A015
:106720002431F9F7D3FD22216CA0F9F7CFFD2046E3
:1067300000F084FA3044243048F824000BE020466E
:1067400000F07CFA3044416A48F82410F07D00B330
:1067500064A0F9F7BBFD9DF86000401E844202D0A2
:1067600062A0F9F7B3FD641CE4B29DF860008442B6
:10677000C8D35FA0F9F7AAFD00F0A6FA707D0B2838
:1067800014D2DFE800F0080D31384048525E6B78D3
:10679000890058A0DDE7306850F83500804704E0F4
:1067A000306850F8351006988847074600F058FAC8
:1067B0009DF8640001286ED04FA0F9F787FD96F888
:1067C000EC0000280DD0D6F8F0000A21B0FBF1F261
:1067D00001FB1202B0FBF1F100E002E047A0F9F783
:1067E00075FD1AB0BDE8F081306850F83520DDE95C
:1067F00006019047D9E7306806AC50F8353094E888
:1068000007009847D1E7306806AF50F8354097E861
:106810000F00A047C9E70A980090306806AF50F80B
:10682000354097E80F00A047BFE7DDE90A01CDE951
:106830000001306806AF50F8354097E80F00A047D8
:10684000B3E70AAB06AF93E807008DE807003068AE
:1068500050F8354097E80F00A047A6E70AAC06AF0E
:1068600094E80F008DE80F00306850F8354097E845
:106870000F00A04799E70BAC06AF94E80F0001ACFE
:1068800084E80F000A980090306850F8354097E887
:106890000F00A04789E711E00CAC06AF94E80F00A9
:1068A00002AC84E80F00DDE90A01CDE9000130689F
:1068B00050F8354097E80F00A04776E7F07D39465D
:1068C00018B116A0F9F702FD79E717A0FAE7000062
:1068D000940000200D0A25732800000025630000A5
:1068E0002573000030582558000000002C000000DF
:1068F00029000000256C64003B0D0A0046756E639C
:1069000074696F6E2052756E2054696D653A256406
:106910002E2531646D730D0A000000003D305825AE
:10692000583B0D0A000000003D256C753B0D0A0028
:10693000F0B500252E462F462C4603782C2B03D08D
:10694000292B04D01BB103E014B9012600E00CB3DD
:1069500017B1222B2AD02AE0A3F1300CBCF1090F89
:1069600019D92D2B17D02B2B15D0A3F1610CBCF10D
:10697000050F10D9A3F1410CBCF1050F0BD9582B11
:1069800009D0782B07D0222B0CD0202B1ED02C2BFB
:106990001CD0FF270CE05EB9612B00D3203B01F82F
:1069A000013B13E026B901273C460FE0002426B145
:1069B0000020087017702846F0BD3CB15C2B02D156
:1069C0006D1CEDB2401C037801F8013B6D1CEDB26B
:1069D000401CB2E730B5002515700AE001F8014B04
:1069E0001478401C641CE4B214709C4201D3012052
:1069F00030BD0478202C01D0002CEFD10D70002088
:106A000030BD00002DE9FF4F002482B08946984632
:106A1000A2462746012526462246EB46029915E066
:106A2000202810D002F07F03052B0CD202B980225F
:106A300002F07F03042B01D12A280AD1521C0BF843
:106A40000300D2B201E0852A04D0491C087800284E
:106A5000E6D16AB102F07F0200200BF8020041A1EA
:106A6000584600F00AFA38B1012188F800100022D7
:106A70004FF00008029B15E0002088F80000F6E7C0
:106A800008F1010000F0FF0813F8010F202801D0E1
:106A90002A2807D1184600F07DF9282802D02A2894
:106AA00000D0C2461878282801D00028E8D10299E1
:106AB000BAF1000F01D05144491C4FF00008434681
:106AC000087888B1282804D0292806D0222810D098
:106AD00011E083B9641CE4B20DE063B924B1641E13
:106AE00014F0FF0402D00DE04FF00108012F27D071
:106AF0002FE04BB100234CB12C280CD0202816D00D
:106B0000282814D05AB110E00123F4E7202815D02A
:106B100009F8010B12E00125521CD2B207E0052E44
:106B200003D20BF80600761CF6B26D1CEDB2012CF8
:106B300004D1022D02D103257F1CFFB2491CBFE7FF
:106B400000200BF8060007A1684600F096F900B98E
:106B5000002704980770002089F8000006B040461E
:106B6000BDE8F08F766F6964000000002DE9F04306
:106B700000248946304DB5B0214622466B18491C89
:106B8000C9B29A760A29F9D302E010F8011F99B127
:106B900001782829F9D1461C4FF0010833AA69462B
:106BA0003046FFF7C5FE06449DF8CC0040B10128F1
:106BB00024D0FF2836D10BE0012035B0BDE8F083AA
:106BC0009DF8000070B334A9684600F0EBF808B1F6
:106BD0000220F2E7204600F031F82844349941625F
:106BE000298B08FA04F08143298304202919887627
:106BF000641CE4B20A2C15D90320DEE7684600F0D5
:106C000051F9471C204600F019F841196846243113
:106C100000F03FF9298B08FA04F001432819298371
:106C20008776E5E73078292801D00028B6D189F8A1
:106C300000400020C1E7000094000020024610B58B
:106C400000200146054B05E05C18491CA47EC9B232
:106C50002044C0B29142F7D310BD00009400002040
:106C6000094800680169C943CA070849D1F8F020FA
:106C700004D14FF6FF731A44C1F8F020406A104463
:106C8000C1F8F00070470000F002002094000020DE
:106C900000EBC00101EB00104FF0FF3101EB800071
:106CA00010B581B24FF47A70FFF706F80149012060
:106CB000C87510BD940000200346012000E0584331
:106CC000491EC9B2FBD2704707486FF00101026844
:106CD00011610268090CD162C16000680021416243
:106CE0000248C0F8F0107047F00200209400002025
:106CF0002DE9F041164E3088010426D51549C0B261
:106D0000154F00250D54B9681248884704000FD06C
:106D1000104800F0D1F8012801D0040014D0012C53
:106D200009D0022C09D0032C09D0042C0CD108E086
:106D3000F868804708E009A004E00BA002E00DA07D
:106D400000E00FA0F9F7C2FA3580BDE8F08100003D
:106D50000E0000208801002094000020BAAFCAFD78
:106D6000B4EDCEF3210D0A00B2CECAFDB4EDCEF3E0
:106D7000210D0A00B2CECAFDCCABB6E0210D0A004F
:106D8000CEB4D5D2B5BDC6A5C5E4B5C4BAAFCAFDAB
:106D9000210D0A0010F8011F202901D10028F9D186
:106DA000C8B270472DE9F0430E4600244FF00A08A0
:106DB0002546014634600A78A2F13003092B14D924
:106DC00003782D2B01D02B2B00D174B1A2F14103FC
:106DD000052B0AD9582A05D012F0FF0F17D0012031
:106DE000BDE8F083012C02D0F9E7412A01D34FF02E
:106DF000100802782D2A04D02B2A04D0641CE4B297
:106E000003E0022500E00125401C491CD3E70746AA
:106E1000B8F1100F01D084B112E0032C01D202208E
:106E2000DEE73878302802D17878582801D003205E
:106E3000D6E7A41EE4B2BF1C01E00420D0E70CB1E9
:106E4000641EE4B2387801463038092801D88146FA
:106E500001E0A1F1370921464046FFF72DFF3268D6
:106E600009FB0020306017F8011F0029E7D1022D2F
:106E700001D1404230600020B2E702780B789A429C
:106E800001D00120704712B1401C491CF5E70020D9
:106E9000704702780A700278002A02D0401C491C10
:106EA000F7E77047002102781AB1491CC9B2401CAB
:106EB000F9E7084670470000F0B58DB004461E2380
:106EC00008AA6946FFF786FD099000286FD19DF852
:106ED000200027180025674C8DF820509DF82000D1
:106EE00054F820106846FFF7C8FF38B19DF820001D
:106EF000401CC0B28DF820000728EFD39DF8200079
:106F000004265D4C072852D2DFE800F0040436570F
:106F10007D9CB30059A0F9F7D9F959A0F9F7D6F932
:106F200067A0F9F7D3F976A0F9F7D0F98448F9F713
:106F3000CDF984A0F9F7CAF992A0F9F7C7F99AA098
:106F4000F9F7C4F99EA0F9F7C1F9A3A0F9F7BEF9C2
:106F5000A7A0F9F7BBF9ADA0F9F7B8F9B2A0F9F716
:106F6000B5F9BFA0F9F7B2F9CBA0F9F7AFF9D7A0FF
:106F7000F9F7ACF9E2A01BE040A0F9F7A7F9F0A0FF
:106F8000F9F7A4F98DF820500BE0216806EBC0005A
:106F90000958FBA0F9F79AF99DF82000401C8DF8DC
:106FA0002000217D9DF820008142EED850E251E280
:106FB000F9F78CF900200DB0F0BD30A0F9F786F993
:106FC000F1A0F9F783F98DF8205016E0216806EB5F
:106FD000C0000BAB08580AAA6946FFF713FD9DF8DD
:106FE0002010206850F831206946F7A0F9F76EF9B3
:106FF0009DF82000401C8DF82000217D9DF8200088
:107000008142E3D824E21DA0F9F760F908AA694695
:107010003846FFF78DFC9DF82000002827D109A9EC
:107020006846FFF7BFFE8DF8200010B104281ED17E
:1070300002E0EAA00999E3E1EBA0F9F747F90120A2
:10704000E07505E20DA0F9F741F908AA694638464E
:10705000FFF76EFC9DF8200048B909A96846FFF7C4
:10706000A1FE8DF8200018B1042800D1CBE1E2E1A7
:10707000C4E1CDE158000020940000200D0A00007A
:107080002D2D2D2D2D2D2D2D2D2D2D2D2D2D2D2D30
:107090002D2D2D2D2D2D2D2D55534D4152542D2D52
:1070A0002D2D2D2D2D2D2D2D2D2D2D2D2D2D2D2D10
:1070B0002D2D2D2D2D2D2D2D2D2D200D0A000000D7
:1070C0002020202055534D415254CAC7D2BBB8F698
:1070D000C1E9C7C9B5C4B4AEBFDAB5F7CAD4BBA558
:1070E000BDBBD7E9BCFE2CCDA8B9FDCBFC2CC4E3BD
:1070F000BFC9D2D4CDA8B9FDB4AEBFDA200D0A0005
:10710000D6FACAD6B5F7D3C3B3CCD0F2C0EFC3E634
:10711000B5C4C8CEBACEBAAFCAFD2CB2A2D6B4D0CE
:10712000D02ED2F2B4CB2CC4E3BFC9D2D4CBE6D29A
:10713000E2B8FCB8C4BAAFCAFDB5C4CAE40D0A00CF
:10714000C8C30008B8F6BAAFCAFDD7EEB6E0D6A7F6
:10715000B3D63130B8F6CAE4C8EBB2CECAFD2CB211
:10716000A2D6A7B3D6BAAFCAFDB7B5BBD8D6B5CFEE
:10717000D4CABE2ED0C2D4F6B2CECAFDCFD4CABEB7
:10718000200D0A00BDF8D6C6C9E8D6C3B9A6C4DC2E
:107190002CD0C2D4F6BDF8D6C6D7AABBBBB9A6C4FC
:1071A000DC2E0D0A0000000055534D415254D3D03F
:1071B00037B8F6CFB5CDB3C3FCC1EE3A0D0A000027
:1071C0003F3A202020202020BBF1C8A1B0EFD6FA02
:1071D000D0C5CFA20D0A000068656C703A2020204F
:1071E000BBF1C8A1B0EFD6FAD0C5CFA20D0A0000FE
:1071F0006C6973743A202020BFC9D3C3B5C4BAAF39
:10720000CAFDC1D0B1ED0D0A0A00000069643A2040
:1072100020202020BFC9D3C3BAAFCAFDB5C449449A
:10722000C1D0B1ED0D0A0A006865783A202020200F
:10723000B2CECAFD3136BDF8D6C6CFD4CABE2CBA3E
:10724000F3B8FABFD5B8F12BCAFDD7D6BCB4D6B4C3
:10725000D0D0BDF8D6C6D7AABBBB0D0A0A00000025
:107260006465633A20202020B2CECAFD3130BDF8DB
:10727000D6C6CFD4CABE2CBAF3B8FABFD5B8F12B54
:10728000CAFDD7D6BCB4D6B4D0D0BDF8D6C6D7AA1E
:10729000BBBB0D0A0A00000072756E74696D653A19
:1072A000312CBFAAC6F4BAAFCAFDD4CBD0D0BCC66D
:1072B000CAB13B302CB9D8B1D5BAAFCAFDD4CBD006
:1072C000D0BCC6CAB13B0D0A0A000000C7EBB0B47F
:1072D000D5D5B3CCD0F2B1E0D0B4B8F1CABDCAE4D0
:1072E000C8EBBAAFCAFDC3FBBCB0B2CECAFDB2A2F6
:1072F000D2D4BBD8B3B5BCFCBDE1CAF82E0D0A0090
:107300002D2D2D2D2D2D2D2D2D2D2D2D2D2D2D2DAD
:107310002D2D2D2D2D2D2D2D2D2D2D2D2D2D2D2D9D
:107320002D2D2D2D2D2D2D2D2D2D2D2D2D2D2D2D8D
:107330002D2D2D2D2D2D2D2D2D200D0A0000000081
:107340002D2D2D2D2D2D2D2D2D2D2D2D2D2D2D2D6D
:107350002D2D2D2D2D2D2D2D2DBAAFCAFDC7E5B507
:10736000A52D2D2D2D2D2D2D2D2D2D2D2D2D2D2DD5
:107370002D2D2D2D2D2D2D2D2D2D2D2D200D0A00BA
:1073800025730D0A000000002D2D2D2D2D2D2D2DE6
:107390002D2D2D2D2D2D2D2D2D2D2D2D2D2D2D2D1D
:1073A0002DBAAFCAFD204944202D2D2D2D2D2D2D78
:1073B0002D2D2D2D2D2D2D2D2D2D2D2D2D2D2D2DFD
:1073C0002D2D2D2D200D0A00257320696420697351
:1073D0003A0D0A3058253038580D0A004845583AB9
:1073E000305825580D0A00003136BDF8D6C6B2CE49
:1073F000CAFDCFD4CABE210D0A00000016A009990B
:10740000F8F764FF24E017A0F8F760FFE5751FE0C8
:10741000AFF29830F8F75AFF08AA69463846FFF7E6
:1074200087FA9DF8200030B909A96846FFF7BAFC31
:107430008DF8200008B10220BDE5099810F0FF008A
:1074400084F8EC0001D00CA000E012A0F8F73EFF99
:1074500016A0ADE50120AEE54445433A256C750D17
:107460000A0000003130BDF8D6C6B2CECAFDCFD476
:10747000CABE210D0A00000052756E2054696D6568
:107480002043616C63756C6174696F6E204F4E0DA3
:107490000A00000052756E2054696D652043616CCE
:1074A00063756C6174696F6E204F46460D0A00006B
:1074B00001607047491058BFC1F140415B1058BF8F
:1074C000C3F140438B42EFF3008070474FEA115302
:1074D000A3F58063D3F11E03A8BFD3F1200C08DB12
:1074E0004FF0004242EAC12252EA505232FA03F00F
:1074F000704709420BD4102BC4BF0020704703F51E
:10750000787CBCF1FF3F05D04FF0FF3070474FF063
:107510000000704770B500F0FFF800BF499224806A
:1075200000207047F0E7B0FA80F310FA03F10AD0B8
:10753000C3F11D0303F580634FEA41504FEA035244
:1075400002EBD12170474FF00000704751EA030C65
:1075500017D41CF5801F58BFBCF5801F00F10680B2
:10756000994218BF704708BF9042704707D711F57E
:10757000801F58BF13F5801F19D499427047894264
:1075800070471CF5801F08D5BCF5801FF7D58B42CE
:1075900018BF704708BF824270474FF4001C1CEBB5
:1075A000410F38BF1CEB430F01D28B42704770B5BF
:1075B00000F0B2F8922449004FF000514FF0805390
:1075C000FFF778BFDFF848C170B51CEA111E1EBF77
:1075D0001CEA13159EEA0C0F95EA0C0F00F06F8061
:1075E00081EA030423EA4C134EEAD47E21EA4C11CB
:1075F00041F4801143F48013AE44A1FB024CA0FB84
:107600000365AEF17F7E361955EB0C05A1FB034CEB
:107610004CF10003A0FB021C16EB0C06654153F174
:107620000003094218BF46F0010613F4007F0BD196
:107630004FEA03314FEA0530340341EA155140EA7D
:1076400016506FF003020AE04FEAC3214FEAC5204B
:10765000F40241EA555140EA56506FF0020202EB43
:107660002E4201EB025585EACE710AD05FEA440C46
:1076700018BF24F0004450F1000041F1000120EA5D
:10768000D47040F2FE7C624500D270BDA84214BFA7
:107690004FF080444FF04044002E08BF0024BEF15C
:1076A000806FA8BFA1F1C041BDE8704080F2828028
:1076B0004FF0000001F1C04101F0004170479EEA27
:1076C0000C0F0CEA131518BF95EA0C0F06D04FF0FB
:1076D000000081EA030E0EF0004170BD00F01CF8BE
:1076E0008900013E00F007B800F009B84FEA430CEA
:1076F0005FEA5C5C08D081EA030100F05BB84FEA06
:10770000410C5FEA5C5CF6D14FF000000149704724
:107710000000FF070000F87F0EF1020E2EF0030EAE
:107720005EF8046B364205D4012A43EB030515F5D8
:10773000001F12D8012841EB010C1CF5001F0CD8CA
:107740000ED14FEAD17C15F5001F0CEB4C0C0CF15F
:10775000020C08BF4CEBD37C04E04FF0080C01E0B6
:107760004FEAD37C0CEB4C0526FA05F606F007062B
:10777000B6F1040C06D20EEB860CBDE870404CF05E
:10778000010C6047DFE80CF0090B02024FF00041EA
:107790004FF00000A1F5002170BD194610460128E8
:1077A00051EB010418BFD4F5001484BF002001F090
:1077B000004170BD0808A0F500114FEA3101704783
:1077C00053EA010C17D41CF5801F58BFBCF5801F6D
:1077D00000F106808B4218BF704708BF8242704795
:1077E00007D713F5801F58BF11F5801F19D48B429E
:1077F00070479B4270471CF5801F08D5BCF5801F61
:10780000F7D5994218BF704708BF904270474FF4B0
:10781000001C1CEB430F38BF1CEB410F01D29942F7
:1078200070470FB40CBC03BCFFF7C1BE2DE9F0419B
:1078300001F5801CBCF5001FC0F2A9804FEA115C65
:1078400021EA0C510CF1FD0C41F480115FEA5C0C53
:107850000CF5C07C01D34000494130A4890241EAC3
:10786000905187028E0E0A0CA45D04FB04F602FB05
:1078700006F6C6F14046A4FB0662F60D46EA42262D
:1078800006FB06F4A4FB01235242C3F1404338BF78
:107890005B1EA6FB02420024E6FB0324D20B42EA55
:1078A0004446A6FB0623A1FB02E2A3FB07E4E3FB9D
:1078B00061426442C2F1404E38BFAEF1010EA6FBF8
:1078C00004234FF00002E6FB0E32A2FB0346340015
:1078D000E2FB6264A1FB06E6A4FB07E8E4FB616847
:1078E0007642C8F1405838BFA8F10108A2FB06E46F
:1078F000A3FB08E5E2FB6854A1FB05E6A7FB04E84F
:10790000E1FB648618F1200556F10006A809A8F1EC
:107910001B08B10908F03F08B8F10A0F40EA866079
:107920001CD901EB0C51BDE8F08100BFFCF5EEE87D
:10793000E2DDD8D3CFCBC7C3C0BDB9B6B4B1AEAC0E
:10794000A9A7A5A3A19F9D9B9A9896959392908F86
:107950008D8C8B898887868584838281A0FB0068D3
:1079600000FB01F208EB4208B8EB872807D5341872
:1079700058EB0104D5D5401C51F10001D1E7341A70
:1079800078EB0104CDD4401E71F10001C9E75FEA34
:107990004C0C5FEA9C5C0DD105D34FF0000001F068
:1079A0000041BDE8F081BDE8F04170B5FFF7B4FEDD
:1079B0006DDBFFBEBDE8F0414FF0000000497047AD
:1079C0000000F87F43004FEAD30C4FEA3C0C4340E1
:1079D0001FBF40070CF1605113F0FE4F70471CF0C1
:1079E000006F03D100200CF0004170470CF0004301
:1079F00043EA507010B540EACC0000F00EF800BF2A
:107A0000000000924FEA0001FFF7D4BE4FF00041A2
:107A10004FF00000A1F5002170470EF1020E2EF08C
:107A2000030E5EF8044B244204D44FEA4102B2F143
:107A30007F4F11D84FEA4003B3F17F4F0CD80ED1DE
:107A40004FEAD07CB2F17F4F0CEB4C0C0CF1020CE6
:107A500008BF4CEBD17C04E04FF0080C01E04FEA8A
:107A6000D17C0CEB4C0324FA03F404F00704B4F1CA
:107A7000040C06D20EEB840CBDE810404CF0010C57
:107A80006047DFE80CF0070802024FF00040A0F565
:107A9000800010BD0846420018BFD2F1807288BF36
:107AA00000F0004010BD4FF04070E1EE100A70474A
:107AB00000F8E0071F0040BCE0FF000000000000ED
:107AC000000001020304060708090000000001028B
:107AD000030400000000000000000000000000009F
:107AE00000003F40000000000000000030004000A7
:107AF00030004000000009000BC03D000BC03D00FD
:107B0000090018C024407FE02240318000001800A6
:107B100024C01B000D803240018003801C402740A0
:107B20001C800740004010006000000000000000C2
:107B300000000000000000001F80204040200000E6
:107B4000402020401F8000000000090006001F8028
:107B5000060009000000040004003F800400040047
:107B600000000010006000000000000000000400A1
:107B700004000400040004000000000000400000B5
:107B8000000000000000002001C006003800400096
:107B900000001F802040204020401F800000000087
:107BA00010403FC000400000000018C021402240AB
:107BB00024401840000010802040244024401B80B6
:107BC000000002000D0011003FC0014000003C8099
:107BD000244024402440238000001F80244024406F
:107BE0003440038000003000200027C0380020000F
:107BF00000001B802440244024401B8000001C0007
:107C000022C0224022401F800000000000000840E7
:107C10000000000000000000000004600000000000
:107C20000000000004000A0011002080404009000C
:107C30000900090009000900000000004040208000
:107C400011000A000400180020002340240018003E
:107C500000001F802040274029401F4000000040B6
:107C600007C039000F0001C0004020403FC0244041
:107C700024401B8000001F80204020402040308096
:107C8000000020403FC0204020401F8000002040D6
:107C90003FC024402E4030C0000020403FC0244060
:107CA0002E00300000000F00108020402240338062
:107CB000020020403FC0040004003FC0204020409C
:107CC00020403FC0204020400000006020202020B5
:107CD0003FC02000200020403FC024400B0030C0A7
:107CE000204020403FC020400040004000C03FC036
:107CF0003C0003C03C003FC0000020403FC00C409F
:107D000023003FC020001F802040204020401F80D3
:107D1000000020403FC024402400180000001F80C5
:107D20002140214020E01FA0000020403FC024400F
:107D3000260019C0004018C0244024402240318051
:107D40000000300020403FC02040300000002000F4
:107D50003F80004000403F80200020003E0001C0E6
:107D6000070038002000380007C03C0007C038007A
:107D70000000204039C0060039C02040000020002B
:107D8000384007C0384020000000304021C0264065
:107D9000384020C00000000000007FE0402040206C
:107DA0000000000070000C00038000400000000094
:107DB000402040207FE00000000000002000400044
:107DC0002000000000000010001000100010001043
:107DD0000010000000004000000000000000000053
:107DE00002800540054003C0004020003FC0044021
:107DF000044003800000000003800440044006406B
:107E0000000000000380044024403FC00040000008
:107E100003800540054003400000000004401FC0EF
:107E2000244024402000000002E005500550065088
:107E3000042020403FC00440040003C00040000074
:107E4000044027C000400000000000100010041093
:107E500027E00000000020403FC00140070004C0B0
:107E60000440204020403FC000400040000007C0C8
:107E7000040007C0040003C00000044007C0044021
:107E8000040003C00040000003800440044003805D
:107E90000000041007F004500440038000000000BC
:107EA00003800440045007F00010044007C0024063
:107EB000040004000000000006400540054004C026
:107EC0000000000004001F80044000400000040087
:107ED00007800040044007C000400400070004C0C1
:107EE000018006000400060001C0070001C0060072
:107EF0000000044006C0010006C004400000041059
:107F0000071004E00180060004000000044005C0E2
:107F10000640044000000000000004007BE0402018
:107F20000000000000000000FFF000000000000062
:107F300040207BE004000000000040008000400082
:107F400020002000400000000000000000000000B1
:107F50000000000000000000000000001FCC000C2A
:107F60000000000000000000080030006000080071
:107F7000300060000000022003FC1E20022003FCF1
:107F80001E200220000000000E1811043FFF108484
:107F90000C78000000000F0010840F3800C0077834
:107FA00018840078000000780F8410C411240E9803
:107FB00000E4008400080800680070000000000071
:107FC00000000000000000000000000007E018189A
:107FD000200440020000000040022004181807E0BE
:107FE0000000000000000240024001800FF001800C
:107FF0000240024000000080008000800FF80080F6
:108000000080008000000001000D000E0000000054
:108010000000000000000000008000800080008060
:108020000080008000800000000C000C00000000B8
:108030000000000000000000000600180060018041
:10804000060018002000000007F0080810041004C3
:10805000080807F000000000080408041FFC0004E2
:1080600000040000000000000E0C10141024104446
:1080700011840E0C000000000C18100411041104EF
:1080800012880C700000000000E003200424082483
:108090001FFC0024000000001F981084110411042C
:1080A000108810700000000007F008881104110407
:1080B00018880070000000001C00100010FC130065
:1080C0001C001000000000000E38114410841084C1
:1080D00011440E38000000000700088C10441044C2
:1080E000088807F00000000000000000030C030CEB
:1080F0000000000000000000000000010106000078
:108100000000000000000000008001400220041078
:108110000808100400000220022002200220022091
:1081200002200220000000001004080804100220B1
:1081300001400080000000000E001200100C106CC6
:1081400010800F00000003E00C1813E4142417C47F
:10815000082807D000000004003C03C41C4007406E
:1081600000E4001C000410041FFC1104110411049D
:108170000E880070000003E00C18100410041004B6
:1081800010081C10000010041FFC10041004100440
:10819000080807F0000010041FFC1104110417C4A4
:1081A00010040818000010041FFC1104110017C06F
:1081B00010000800000003E00C1810041004104424
:1081C0001C780040000010041FFC10840080008018
:1081D00010841FFC10040000100410041FFC100485
:1081E00010040000000000030001100110011FFE38
:1081F00010001000000010041FFC11040380146420
:10820000181C1004000010041FFC100400040004DB
:108210000004000C000010041FFC1F0000FC1F00E5
:108220001FFC1004000010041FFC0C04030000E0FD
:1082300010181FFC100007F00808100410041004A8
:10824000080807F0000010041FFC10841080108044
:1082500010800F00000007F0081810241024101CD4
:10826000080A07F2000010041FFC1104110011C0DD
:1082700011300E0C000400000E1C11041084108438
:1082800010441C3800001800100010041FFC1004DB
:1082900010001800000010001FF810040004000473
:1082A00010041FF8100010001E0011E0001C0070E8
:1082B00013801C0010001FC0103C00E01F0000E0F5
:1082C000103C1FC000001004180C163401C001C07F
:1082D0001634180C100410001C00130400FC1304C6
:1082E0001C00100000000804101C1064108413040B
:1082F0001C04101800000000000000007FFE400277
:10830000400240020000000030000C0003800060CA
:10831000001C0003000000004002400240027FFEFB
:1083200000000000000000000000200040004000AD
:1083300040002000000000010001000100010001D8
:10834000000100010001000040004000200000008A
:1083500000000000000000000098012401440144D6
:10836000014400FC000410001FFC0088010401040B
:108370000088007000000000007000880104010403
:10838000010400880000000000700088010401045E
:1083900011081FFC0004000000F8014401440144DE
:1083A000014400C800000000010401040FFC110496
:1083B000110411001800000000D60129012901292B
:1083C00001C90106000010041FFC00840100010027
:1083D000010400FC000400000104190419FC00045D
:1083E0000004000000000000000300010101190169
:1083F00019FE0000000010041FFC0024004001B41E
:10840000010C010400000000100410041FFC000413
:10841000000400000000010401FC0104010001FC53
:108420000104010000FC010401FC008401000100C2
:10843000010400FC0004000000F801040104010430
:10844000010400F80000010101FF0085010401049E
:108450000088007000000000007000880104010422
:10846000010501FF00010104010401FC0084010475
:10847000010001800000000000CC0124012401243F
:1084800001240198000000000100010007F8010428
:10849000010400000000010001F8000400040004D1
:1084A000010801FC0004010001800170000C0010B3
:1084B00001600180010001F0010C003001C00030BA
:1084C000010C01F0010000000104018C0074017036
:1084D000018C01040000010101810171000E0018EE
:1084E00001600180010000000184010C013401449D
:1084F0000184010C000000000000000000000100E9
:108500003EFC400240020000000000000000FFFFAF
:108510000000000000000000400240023EFC01009C
:1085200000000000000000006000800080004000AB
:1085300040002000200000000000000000000000BB
:10854000000000000000000000000000000000002B
:10855000000000000000000000000000000000001B
:108560000000000000000000000F80380FFE380FF0
:108570008038000000000000000000000000000043
:10858000000000000100000600000C0000380000A0
:108590003100000600000C00003800003000000030
:1085A00000000000000061800067F807F9800061AA
:1085B000800061800061800061800067F807F980B9
:1085C00000618000000000000000000001C0E00326
:1085D000E0F00630080418081FFFFE040E080787A5
:1085E000F00381E000000000000001F000060C0034
:1085F000040408060C7001F9C0000E00003BE00006
:10860000EC18070808040C180003E0000000000143
:10861000E00007F003F818041C0804170807E1D06D
:1086200003C0E00023B0003C080020080000100058
:1086300000000000000100003100003200001C00BA
:10864000000000000000000000000000000000002A
:10865000000000000000000000000000000000001A
:108660000000000000007F0001FFC00780F00C0048
:10867000181000042000020000000000002000028A
:108680001000040C00180780F001FFC0007F0000FC
:1086900000000000000000000000000000000000DA
:1086A00000004200006600006600003C0000180068
:1086B00003FFC0001800003C0000660000660000D8
:1086C0004200000000000800000800000800000848
:1086D0000000080001FFC0000800000800000800BA
:1086E0000008000008000000000000010000310048
:1086F000003200001C00000000000000000000002C
:108700000000000000000000000000000000080061
:108710000008000008000008000008000008000031
:108720000800000800000800000800000000000029
:108730000000000000003800003800003800000091
:108740000000000000000000000000000000000029
:10875000000000000000000600001C000070000186
:1087600080000E0000380000C0000700001C000060
:10877000300000000000000000007F8001FFE003E7
:108780008070060018040008040008060018038022
:108790007001FFE0007F800000000000000000008A
:1087A00001000801000801000803FFF807FFF800B6
:1087B00000080000080000080000000000000000A1
:1087C0000001C03802C058040098040118040218BF
:1087D000040418061C1803F81801E0F80000000053
:1087E000000000000001C0E003C0F004000804081D
:1087F0000804080806180803F41801E7F00001E06F
:10880000000000000000000000000300000D000058
:10881000110000610000810803010807FFF80FFF45
:10882000F80001080001080000000000000000E05E
:1088300007FCD006080806100806100806100806EF
:108840001838060FF00607C0000000000000000006
:1088500000003F8001FFE003843002081804100884
:10886000041008041008071810030FF00007C000D8
:10887000000000000000000003C000070000060028
:10888000000600F80607F806180006E000070000DA
:1088900006000000000000000001E1E003F7F00620
:1088A0003410041808041808040C08040C080616F0
:1088B0001803F3F001C1E000000000000000F80020
:1088C00003FC30030638040208040208040208040A
:1088D00004100308F001FFC0007F0000000000004A
:1088E00000000000000000000000000000007038E0
:1088F0000070380070380000000000000000000028
:108900000000000000000000000000000000000067
:108910000000301A00301C000000000000000000C1
:10892000000000000000000000000000000800003F
:10893000140000220000410000808001004002007D
:1089400020040010080008000000000000002100C2
:108950000021000021000021000021000021000072
:108960002100002100002100002100000000000083
:108970000000000008000804001002002001004070
:108980000080800041000022000014000008000068
:10899000000000000003C00004C000040000080044
:1089A00038080F380808380810000C300007E000BD
:1089B00003C000000000000000003F8000FFE00353
:1089C0008070020F1006708804C088048308047F3A
:1089D0008802C09003012000FE400000080000183B
:1089E0000001F8003E0801C20007020007E2000093
:1089F000FE00001FC80001F8000038000008040055
:108A00000807FFF807FFF804080804080804080826
:108A100004080806180803F41801E7F00001E00054
:108A20000000000000003F8001FFE00380700200B2
:108A300018040008040008040008040010060020C0
:108A40000780C000000004000807FFF807FFF804D3
:108A50000008040008040008040018020010038045
:108A60007001FFE0007F8000000004000807FFF8AD
:108A700007FFF804080804080804080804080804A4
:108A80003E08040008060018010060000000040011
:108A90000807FFF807FFF8040808040800040800A6
:108AA000040800043E0006000006000001800000EB
:108AB0000000000000003F8001FFE003807006001E
:108AC000180400080402080402080203F00783F0F7
:108AD00000020000020004000807FFF807FFF80486
:108AE000080800080000080000080000080004084A
:108AF0000807FFF807FFF804000800000000000066
:108B000004000804000804000807FFF807FFF80441
:108B10000008040008040008000000000000000035
:108B2000000000060000070000010400010400012D
:108B300004000307FFFE07FFFC040000040000041C
:108B4000000004000807FFF807FFF8040C080018ED
:108B500000003E0004C7800503C80600F804003882
:108B600004001800000804000807FFF807FFF804D5
:108B700000080000080000080000080000080000CD
:108B80000800001800006000000004000807FFF85B
:108B900007800807FC00007FC00003F80007C00042
:108BA000780007800807FFF807FFF80400080400B2
:108BB0000807FFF807000803C00000E000003800C5
:108BC000001E000007000001C00400F007FFF804C9
:108BD0000000000000007F8001FFE00380700600BD
:108BE0001804000804000806001803003001FFE024
:108BF000007F8000000004000807FFF807FFF8046A
:108C00000408040400040400040400040400060C26
:108C10000003F80001F000000000000000007F8069
:108C200001FFE00380700600880400880400C80685
:108C3000003C03003E01FFE6007F840000000400CA
:108C40000807FFF807FFF8040808040800040C00F0
:108C5000040F00040BC00610F003F03801E0080018
:108C6000000800000001E0F803F03006301004189E
:108C700008041808040C08040C080206180207F07F
:108C80000781E000000001800006000004000004ED
:108C9000000004000807FFF807FFF80400080400BC
:108CA0000004000006000001800004000007FFE04F
:108CB00007FFF0040018000008000008000008008A
:108CC000000800000804001007FFE0040000040092
:108CD0000006000007E00007FE00041FE00001F8A6
:108CE0000000380001E0043E0007C0000600000458
:108CF000000004000007E00007FFC0041FF80007A1
:108D0000C007F80007FF80043FF80007C004F80020
:108D10000700000400000000000400080600180717
:108D2000C07805F1C8003E00001F800463E807809A
:108D3000F806001804000800000004000006000007
:108D400007800007E008047C08001FF80007F8000F
:108D5000180804E0080700000600000400000000F6
:108D6000000100080600380400F80403E8040F08B6
:108D7000047C0805F00807C008070018040060001C
:108D800000000000000000000000000000000000E3
:108D9000003FFFFE2000022000022000022000020F
:108DA0002000020000000000000000000800000792
:108DB000000000C0000038000006000001C00000F4
:108DC0003000000E00000100000000000000000064
:108DD0002000022000022000022000022000023FAA
:108DE000FFFE000000000000000000000000000086
:108DF000000000000000000800001000003000002B
:108E000020000030000010000008000000000000FA
:108E1000000000000100000100000100000100004E
:108E2000010000010000010000010000010000013C
:108E30000000010000010000000000000000002010
:108E400000002000001000001000000000000000E2
:108E5000000000000000000000000000000000F022
:108E60000019F8001B18002208002608002408003A
:108E70002410003FF8001FF8000008000018000050
:108E80000004000007FFF80FFFF00018180010089A
:108E9000002008002008003018001FF0000FC0005C
:108EA00000000000000007C0001FF0001830002084
:108EB00008002008002008003C08001C100000608A
:108EC0000000000000000000000007C0001FF000CC
:108ED000381800200800200800200804101007FFA0
:108EE000F80FFFF00000100000000000000000007C
:108EF0000007C0001FF000123000221800220800F6
:108F00002208003208001E10000E200000000000A1
:108F10000000200000200800200801FFF803FFF8EF
:108F20000620080420080420080720000300000091
:108F3000000000000000000E000E6E001FF3003164
:108F4000B10020B10020B1003191001F13002E1E8E
:108F500000200E00300000000004000807FFF80F9A
:108F6000FFF8001008002000002000002008003F4B
:108F7000F8001FF8000008000000000000000000DA
:108F8000002008002008002008063FF8063FF800EF
:108F900000080000080000080000000000000000B9
:108FA0000000000000000300000300200100200179
:108FB000002003063FFE063FFC000000000000000A
:108FC000000000000004000807FFF80FFFF8000190
:108FD00088000300002FC00038F800203800200867
:108FE0000000080000000000000000000400080469
:108FF000000804000807FFF80FFFF8000008000051
:1090000008000008000000000000002008003FF8F1
:10901000003FF8001008002000003FF8003FF80073
:109020001008002000003FF8003FF8000008000092
:1090300000002008003FF8003FF800100800100072
:10904000002000002008003FF8001FF80000080082
:1090500000000000000007C0000FF00018300030D2
:1090600008002008002008003008001830000FF029
:109070000007C0000000000000002001003FFF00CA
:109080003FFF0010110020090020080020080030D8
:1090900038001FF0000FC00000000000000007C0F3
:1090A000001FF000381800200800200800200900E8
:1090B0001011001FFF003FFF000001000000002012
:1090C00008002008002008003FF8003FF8000808CA
:1090D00000100800200800200000300000300000D0
:1090E0000000000000000000000C78001E18003393
:1090F000080023080021080021880021980030F092
:109100000038600000000000000020000020000087
:10911000200000FFF003FFF80020080020080020D6
:1091200008000030000000000000000000002000E7
:10913000003FF0007FF80000180000080000080061
:109140002010003FF8007FF0000010000000000039
:1091500000002000003000003C00003F800023F0B1
:10916000000078000070002380003C000030000008
:109170002000002000003C00003FE00023F8000039
:10918000E0002700003E00003FE00021F80001E081
:10919000003E000020000000000020080020080021
:1091A0003838003E680027800003C8002CF80038DB
:1091B00038002018002008000000000000002000F7
:1091C000003003003C01003F830023EC00007000EE
:1091D0002380003C00002000002000000000000070
:1091E000000000000038080020380020F80023E8C4
:1091F000002F88003E08003808002018000070008A
:10920000000000000000000000000000000000005E
:10921000000008000014001FF7FC300006200002C8
:10922000000000000000000000000000000000003E
:109230000000000000000000FFFFFF000000000031
:10924000000000000000000000000000000000001E
:109250002000023000061FF7FC0014000008000088
:1092600000000000000000000000000000000000FE
:1092700000180000600000400000400000200000D6
:109280001000000800000400000400000C000010A2
:1092900000000000000000000000000000000000CE
:1092A00000000000000000000000000000000000BE
:1092B00000000000000000000000000000000000AE
:1092C000000000000000000000000000000000009E
:1092D000000000000000000000000000000000008E
:1092E000000000000000000000000000000000007E
:1092F000000000000000000000000000000000006E
:10930000000000000000000000000000000000005D
:10931000000000000000000000000000000000004D
:109320000000000000000000000007F000C007FF80
:10933000E1E007F001E0000000C0000000000000D4
:10934000000000000000000000000000000000001D
:10935000000000000000000000000000000000000D
:1093600000000000000000000000000000000000FD
:1093700000000000000000000000000000000000ED
:1093800000000000000000000000000000000000DD
:10939000000000000000000000000020000001C0EC
:1093A0000000078000001F0000001E0000001C20BD
:1093B000000001C00000078000001F0000001E0028
:1093C00000001C0000000000000000000000000081
:1093D000000000000000000000000000000000008D
:1093E000000000000000000000000000000000007D
:1093F000000000000000000000000000000000006D
:10940000000000000000000000000000000000005C
:1094100000000000000000180C0000180C000018EC
:109420000FE0001FFC0003F80C0000180C000018EF
:109430000C0000180C0000180C0000180FE0001FB2
:10944000FC0003F80C0000180C0000180C000000D1
:10945000000000000000000000000000000000000C
:1094600000000000000000000000000000000000FC
:1094700000000000000000000000000000000000EC
:1094800000000000000000000000000000000000DC
:1094900000000000000000000000000007800078CD
:1094A00007C000FC0640010E002003070020020355
:1094B00080200FFFFFFC0201C0200200E0600130AD
:1094C000704001F03F8000F01F000000000000002D
:1094D000000000000000000000000000000000008C
:1094E000000000000000000000000000000000007C
:1094F000000000000000000000000000000000006C
:10950000000000000000000000000000000000005B
:10951000000000FE000001FF0000030180000200C7
:109520008060030181C001FF070000FE18000000F9
:10953000E0000003BF00000CFFC00071806001C1AB
:109540000020030180600000FFC000003F00000019
:10955000000000000000000000000000000000000B
:1095600000000000000000000000000000000000FB
:1095700000000000000000000000000000000000EB
:1095800000000000000000000000000000000000DB
:10959000000000001F0000007FC000FCC0C001FFF1
:1095A00080600303E0200202782002061E2003FCF4
:1095B000074001F00380000103C000011C600001AE
:1095C000E0200001002000010040000001800000B8
:1095D000000000000000000000000000000000008B
:1095E000000000000000000000000000000000007B
:1095F000000000000000000000000000000000006B
:10960000000000000000000000000000000000005A
:10961000000000000000002000001C6000001C4052
:1096200000001F8000000F0000000000000000008C
:10963000000000000000000000000000000000002A
:10964000000000000000000000000000000000001A
:10965000000000000000000000000000000000000A
:1096600000000000000000000000000000000000FA
:1096700000000000000000000000000000000000EA
:1096800000000000000000000000000000000000DA
:1096900000000000000000000000000000000000CA
:1096A00000000000000000000000000000000007B3
:1096B000F800003FFF00007807C001C000E0030091
:1096C0000030040000080800000410000002000040
:1096D000000000000000000000000000000000008A
:1096E000000000000000000000000000000000007A
:1096F000000000000000000000000000000000006A
:109700000000000000000000000000000000000059
:109710000000000000001000000208000004040027
:1097200000080300003001C000E0007807C0003FDF
:10973000FF000007F800000000000000000000002B
:109740000000000000000000000000000000000019
:109750000000000000000000000000000000000009
:1097600000000000000000000000000000000000F9
:1097700000000000000000000000000000000000E9
:1097800000000000000000000000000000000000D9
:1097900000000000000000000000000C1800000E97
:1097A0003800000E38000006300000036000006141
:1097B000438000FFFF80006143000003600000065B
:1097C0003000000E3800000E3800000C18000000B9
:1097D0000000000000000000000000000000000089
:1097E0000000000000000000000000000000000079
:1097F0000000000000000000000000000000000069
:109800000000000000000000000000000000000058
:1098100000000000000000000000000080000000C8
:109820008000000080000000800000008000000038
:109830008000007FFF00000080000000800000002A
:109840008000000080000000800000008000000018
:109850000000000000000000000000000000000008
:1098600000000000000000000000000000000000F8
:1098700000000000000000000000000000000000E8
:1098800000000000000000000000000000000000D8
:1098900000000000000000000001000000E30000E4
:1098A00000E2000000FC0000007800000000000062
:1098B00000000000000000000000000000000000A8
:1098C0000000000000000000000000000000000098
:1098D0000000000000000000000000000000000088
:1098E0000000000000000000000000000000000078
:1098F0000000000000000000000000000000000068
:109900000000000000000000000000000000000057
:109910000000000000000000800000008000000047
:109920008000000080000000800000008000000037
:109930008000000080000000800000008000000027
:109940008000000080000000800000008000000017
:109950000000000000000000000000000000000007
:1099600000000000000000000000000000000000F7
:1099700000000000000000000000000000000000E7
:1099800000000000000000000000000000000000D7
:1099900000000000000000000000000000C0000007
:1099A00001E0000001E0000000C000000000000035
:1099B00000000000000000000000000000000000A7
:1099C0000000000000000000000000000000000097
:1099D0000000000000000000000000000000000087
:1099E0000000000000000000000000000000000077
:1099F0000000000000000000000000000000000067
:109A00000000000000000000000000000000000056
:109A10000000000000000000000C00000038000002
:109A200000E00000038000000E000000380000008D
:109A3000E00000038000000E00000038000000E09D
:109A40000000038000000E0000001800000000006D
:109A50000000000000000000000000000000000006
:109A600000000000000000000000000000000000F6
:109A700000000000000000000000000000000000E6
:109A800000000000000000000000000000000000D6
:109A900000000000000000000000000FF800007F40
:109AA000FF0000F00780018000C00300006002009A
:109AB000002002000020020000200300006001805E
:109AC00000C000E00380007FFF00000FF8000000EE
:109AD0000000000000000000000000000000000086
:109AE0000000000000000000000000000000000076
:109AF0000000000000000000000000000000000066
:109B00000000000000000000000000000000000055
:109B100000000000000000000000000000000080C5
:109B2000002000800020008000200080006001FFF5
:109B3000FFE003FFFFE000000060000000200000E5
:109B400000200000002000000000000000000000D5
:109B50000000000000000000000000000000000005
:109B600000000000000000000000000000000000F5
:109B700000000000000000000000000000000000E5
:109B800000000000000000000000000000000000D5
:109B900000000000000000000000007800E00098D5
:109BA000016001000260020004600200086002001F
:109BB00010600200206002004060030080600183AA
:109BC000006001FE00E0007C078000000000000053
:109BD0000000000000000000000000000000000085
:109BE0000000000000000000000000000000000075
:109BF0000000000000000000000000000000000065
:109C00000000000000000000000000000000000054
:109C10000000000000000000000000F0078001F0DC
:109C200007C00100004002000020020100200201E4
:109C3000002002010020030380200186804001FCF7
:109C4000C0C000787F8000001E00000000000000FF
:109C50000000000000000000000000000000000004
:109C600000000000000000000000000000000000F4
:109C700000000000000000000000000000000000E4
:109C800000000000000000000000000000000000D4
:109C90000000000000000000080000003800000084
:109CA00048000001880000060800000C0810003081
:109CB00008100040081001FFFFF003FFFFF003FF52
:109CC000FFF000000810000008100000081000005D
:109CD0000000000000000000000000000000000084
:109CE0000000000000000000000000000000000074
:109CF0000000000000000000000000000000000064
:109D00000000000000000000000000000000000053
:109D10000000000000000000000000000780001F9D
:109D2000864003E100200302002003040020030416
:109D30000020030400200304002003060040030366
:109D400001C00301FF8003007E000000000000004E
:109D50000000000000000000000000000000000003
:109D600000000000000000000000000000000000F3
:109D700000000000000000000000000000000000E3
:109D800000000000000000000000000000000000D3
:109D9000000000000000000000000007FC00003F81
:109DA000FF000070C380008180C0010100600302D9
:109DB0000020020200200202002002020020020312
:109DC000004001C180C000C0FF8000007E00000094
:109DD0000000000000000000000000000000000083
:109DE0000000000000000000000000000000000073
:109DF0000000000000000000000000000000000063
:109E00000000000000000000000000000000000052
:109E10000000000000000000000000F0000003C08F
:109E200000000380000003000000030007E00300BF
:109E30003FE00301C00003060000031800000360B8
:109E4000000003800000030000000000000000008C
:109E50000000000000000000000000000000000002
:109E600000000000000000000000000000000000F2
:109E700000000000000000000000000000000000E2
:109E800000000000000000000000000000000000D2
:109E900000000000000000001F0000783F8000FC70
:109EA00060C0018EC0400307802002030020020131
:109EB0008020020180200201C0200301E0400186D1
:109EC00070C000FC3F8000781F0000000000000010
:109ED0000000000000000000000000000000000082
:109EE0000000000000000000000000000000000072
:109EF0000000000000000000000000000000000062
:109F00000000000000000000000000000000000051
:109F1000000000000000003F000000FF81C001C001
:109F2000C1C00100602002002020020020200200A9
:109F3000202002002060020040C00100C18000C15A
:109F40008F00007FFE00001FF000000000000000F6
:109F50000000000000000000000000000000000001
:109F600000000000000000000000000000000000F1
:109F700000000000000000000000000000000000E1
:109F800000000000000000000000000000000000D1
:109F900000000000000000000000000000000000C1
:109FA00000000000000000000000000300C00007E7
:109FB00081E0000781E0000300C000000000000015
:109FC0000000000000000000000000000000000091
:109FD0000000000000000000000000000000000081
:109FE0000000000000000000000000000000000071
:109FF0000000000000000000000000000000000061
:10A000000000000000000000000000000000000050
:10A010000000000000000000000000000000000040
:10A0200000000000000000000000000600660006BE
:10A0300000780000000000000000000000000000A8
:10A040000000000000000000000000000000000010
:10A050000000000000000000000000000000000000
:10A0600000000000000000000000000000000000F0
:10A0700000000000000000000000000000000000E0
:10A0800000000000000000000000000000000000D0
:10A09000000000000000000000000000800000013F
:10A0A000C0000003600000063000000C180000181B
:10A0B0000C00003006000060030000C001800100B9
:10A0C000004002000020040000100000000000001A
:10A0D0000000000000000000000000000000000080
:10A0E0000000000000000000000000000000000070
:10A0F0000000000000000000000000000000000060
:10A10000000000000000000000000000000000004F
:10A110000000000000000004100000041000000413
:10A1200010000004100000041000000410000004DF
:10A1300010000004100000041000000410000004CF
:10A1400010000004100000041000000410000000C3
:10A1500000000000000000000000000000000000FF
:10A1600000000000000000000000000000000000EF
:10A1700000000000000000000000000000000000DF
:10A1800000000000000000000000000000000000CF
:10A1900000000000000000000000040000100200A9
:10A1A00000200100004000C001800060030000307A
:10A1B000060000180C00000C180000063000000318
:10A1C00060000001C00000008000000000000000EE
:10A1D000000000000000000000000000000000007F
:10A1E000000000000000000000000000000000006F
:10A1F000000000000000000000000000000000005F
:10A20000000000000000000000000000000000004E
:10A21000000000000000000000000078000001F8CD
:10A2200000000238000002000000040000C004002A
:10A2300079E0040081E0040100C004030000020290
:10A2400000000306000001FC000000F80000000010
:10A2500000000000000000000000000000000000FE
:10A2600000000000000000000000000000000000EE
:10A2700000000000000000000000000000000000DE
:10A2800000000000000000000000000000000000CE
:10A29000000000000000000FF800003FFE0000700A
:10A2A000078000C000C00101F8400307FC20021E27
:10A2B00004200230082002203020023FFC20013F11
:10A2C000044001800CC000E03180001FC20000008B
:10A2D000000000000000000000000000000000007E
:10A2E000000000000000000000000000000000006E
:10A2F000000000000000000000000000000000005E
:10A30000000000000000000000000000000000004D
:10A3100000000000002000000060000003E00000DA
:10A320003E200003E020003E200003E020000380E8
:10A33000200007FC2000003FE0000003FE2000009A
:10A340003FE0000001E000000020000000200000CD
:10A3500000000000000000000000000000000000FD
:10A3600000000000000000000000000000000000ED
:10A3700000000000000000000000000000000000DD
:10A3800000000000000000000000000000000000CD
:10A39000000000000000020000200200002003FF77
:10A3A000FFE003FFFFE002010020020100200201A4
:10A3B000002002010020020100200303002001868A
:10A3C000806001FCC0C000F87F8000001F0000001A
:10A3D000000000000000000000000000000000007D
:10A3E000000000000000000000000000000000006D
:10A3F000000000000000000000000000000000005D
:10A40000000000000000000000000000000000004C
:10A410000000000000000007F800003FFF0000708F
:10A42000078000C000C001000040030000200200BF
:10A430000020020000200200002002000020010095
:10A440000040018000C003C0018000300600000011
:10A4500000000000000000000000000000000000FC
:10A4600000000000000000000000000000000000EC
:10A4700000000000000000000000000000000000DC
:10A4800000000000000000000000000000000000CC
:10A49000000000000000020000200200002003FF76
:10A4A000FFE003FFFFE002000020020000200200A6
:10A4B0000020020000200300006001000040018035
:10A4C00000C000F00780007FFE00000FF8000000D1
:10A4D000000000000000000000000000000000007C
:10A4E000000000000000000000000000000000006C
:10A4F000000000000000000000000000000000005C
:10A50000000000000000000000000000000000004B
:10A51000000000000000020000200200002003FFF5
:10A52000FFE003FFFFE00201002002010020020122
:10A530000020020100200201002002038020020FFF
:10A54000E0200300006003C000E0006003000000A2
:10A5500000000000000000000000000000000000FB
:10A5600000000000000000000000000000000000EB
:10A5700000000000000000000000000000000000DB
:10A5800000000000000000000000000000000000CB
:10A59000000000000000020000200200002003FF75
:10A5A000FFE003FFFFE002010020020100200201A2
:10A5B000000002010000020100000201000002038D
:10A5C0008000030FE0000300000003C000000060F3
:10A5D000000000000000000000000000000000007B
:10A5E000000000000000000000000000000000006B
:10A5F000000000000000000000000000000000005B
:10A60000000000000000000000000000000000004A
:10A610000000000000000007F800003FFE0000708E
:10A62000078001C001C001000040030000200200BB
:10A630000020020000200200002001002020010074
:10A64000204003C03F8000303F8000002000000019
:10A6500020000000000000000000000000000000DA
:10A6600000000000000000000000000000000000EA
:10A6700000000000000000000000000000000000DA
:10A6800000000000000000000000000000000000CA
:10A690000000020000200200002003FFFFE003FF93
:10A6A000FFE0020080200200802000008000000007
:10A6B000800000008000020080200200802003FF54
:10A6C000FFE003FFFFE00200002002000020000086
:10A6D000000000000000000000000000000000007A
:10A6E000000000000000000000000000000000006A
:10A6F000000000000000000000000000000000005A
:10A700000000000000000000000000000000000049
:10A710000000000000000000000000000000020037
:10A72000002002000020020000200200002003FFA1
:10A73000FFE003FFFFE00200002002000020020013
:10A7400000200200002000000000000000000000C7
:10A7500000000000000000000000000000000000F9
:10A7600000000000000000000000000000000000E9
:10A7700000000000000000000000000000000000D9
:10A7800000000000000000000000000000000000C9
:10A790000000000000000000000E0000000F00009C
:10A7A000000F000000010200000102000001020091
:10A7B00000030200000603FFFFFC03FFFFF8020096
:10A7C0000000020000000200000002000000000083
:10A7D0000000000000000000000000000000000079
:10A7E0000000000000000000000000000000000069
:10A7F0000000000000000000000000000000000059
:10A800000000000000000000000000000000000048
:10A81000000000000000020000200200002003FFF2
:10A82000FFE003FFFFE00200C0200201002000075C
:10A830008000000FE0000030F80002603E2003803E
:10A840000F20030003E0020000E0020000200000EF
:10A8500000200000000000000000000000000000D8
:10A8600000000000000000000000000000000000E8
:10A8700000000000000000000000000000000000D8
:10A8800000000000000000000000000000000000C8
:10A89000000000000000020000200200002003FF72
:10A8A000FFE003FFFFE002000020020000200000A4
:10A8B0000020000000200000002000000020000018
:10A8C000002000000060000000E000000300000025
:10A8D0000000000000000000000000000000000078
:10A8E0000000000000000000000000000000000068
:10A8F0000000000000000000000000000000000058
:10A900000000000000000000000000000000000047
:10A910000000020000200200002003FFFFE003E02F
:10A92000002003FF0020001FF0000001FF80000056
:10A930000FE000001E000003E000003E002003E0E6
:10A94000002003FFFFE003FFFFE002000020020001
:10A9500000200000000000000000000000000000D7
:10A9600000000000000000000000000000000000E7
:10A9700000000000000000000000000000000000D7
:10A9800000000000000000000000000000000000C7
:10A990000000020000200200002003FFFFE003800F
:10A9A000002003F0002000FC0000001F0000000752
:10A9B000C0000001F00000007C0002001F800200C7
:10A9C00007E003FFFFE002000000020000000000BB
:10A9D0000000000000000000000000000000000077
:10A9E0000000000000000000000000000000000067
:10A9F0000000000000000000000000000000000057
:10AA00000000000000000000000000000000000046
:10AA1000000000000000000FF800003FFE0000F002
:10AA20000780018000C001000040020000200200F9
:10AA300000200200002002000020010000400180F0
:10AA400000C000F00380003FFE00000FF80000008F
:10AA500000000000000000000000000000000000F6
:10AA600000000000000000000000000000000000E6
:10AA700000000000000000000000000000000000D6
:10AA800000000000000000000000000000000000C6
:10AA9000000000000000020000200200002003FF70
:10AAA000FFE003FFFFE002008020020080200200A0
:10AAB000800002008000020080000200800003018C
:10AAC00080000183000000FE0000007C0000000008
:10AAD0000000000000000000000000000000000076
:10AAE0000000000000000000000000000000000066
:10AAF0000000000000000000000000000000000056
:10AB00000000000000000000000000000000000045
:10AB1000000000000000000FF800007FFF0000F0C0
:10AB20000380018001C001000640020004200200F1
:10AB3000042002000620020003E0010000F801806A
:10AB4000005C00E0038C003FFF0C000FFC180000CD
:10AB500000000000000000000000000000000000F5
:10AB600000000000000000000000000000000000E5
:10AB700000000000000000000000000000000000D5
:10AB800000000000000000000000000000000000C5
:10AB9000000000000000020000200200002003FF6F
:10ABA000FFE003FFFFE0020100200201002002019C
:10ABB00080000201E0000201FC0003033F800186E7
:10ABC00007E001FC00E000F8002000000020000089
:10ABD0000000000000000000000000000000000075
:10ABE0000000000000000000000000000000000065
:10ABF0000000000000000000000000000000000055
:10AC00000000000000000000000000000000000044
:10AC1000000000000000000000000078060000FEB8
:10AC200001E0018600C0030300400203002002018E
:10AC30008020020180200201C0200200C02001000B
:10AC4000E060018070C003E03F8000001F00000052
:10AC500000000000000000000000000000000000F4
:10AC600000000000000000000000000000000000E4
:10AC700000000000000000000000000000000000D4
:10AC800000000000000000000000000000000000C4
:10AC900000000000000000600000038000000300CE
:10ACA000000002000000020000200200002003FF5C
:10ACB000FFE003FFFFE0020000200200002002008E
:10ACC0000000020000000380000000E0000000001F
:10ACD0000000000000000000000000000000000074
:10ACE0000000000000000000000000000000000064
:10ACF0000000000000000000000000000000000054
:10AD00000000000000000000000000000000000043
:10AD10000000020000000200000003FFFF0003FF2C
:10AD2000FFC00200004002000060000000200000A0
:10AD3000002000000020000000200200004002006F
:10AD4000008003FFFF00020000000200000000007E
:10AD500000000000000000000000000000000000F3
:10AD600000000000000000000000000000000000E3
:10AD700000000000000000000000000000000000D3
:10AD800000000000000000000000000000000000C3
:10AD9000000000000000020000000200000003C0EC
:10ADA000000003FC0000023FC0000003F8000000A8
:10ADB0007F80000007E000000780000078000203A9
:10ADC000C000023C000003C00000020000000200BE
:10ADD0000000000000000000000000000000000073
:10ADE0000000000000000000000000000000000063
:10ADF0000000000000000000000000000000000053
:10AE00000000000000000000000000000000000042
:10AE100000000200000003C0000003FF8000023FAA
:10AE2000FE0002007FE000000F000200F00003EFD0
:10AE3000000003FF8000020FFE0000003FE0000062
:10AE40001F000207E00003F80000030000000200FA
:10AE500000000000000000000000000000000000F2
:10AE600000000000000000000000000000000000E2
:10AE700000000000000000000000000000000000D2
:10AE800000000000000000000000000000000000C2
:10AE900000000000000002000020020000200380EB
:10AEA00000E003F0032002FC0C20021F300000072A
:10AEB000C0000007F00002187C0002601F20038021
:10AEC00003E0020000E0020000200000002000007B
:10AED0000000000000000000000000000000000072
:10AEE0000000000000000000000000000000000062
:10AEF0000000000000000000000000000000000052
:10AF00000000000000000000000000000000000041
:10AF1000000000000000020000000300000003C069
:10AF2000000003F80000023E0020020FC0200001D4
:10AF3000FFE000007FE000038020021C0020027080
:10AF4000000003800000020000000200000000007A
:10AF500000000000000000000000000000000000F1
:10AF600000000000000000000000000000000000E1
:10AF700000000000000000000000000000000000D1
:10AF800000000000000000000000000000000000C1
:10AF900000000000000000000020006000E00380CE
:10AFA00003E003000FA002003E200200F82002038D
:10AFB000E020020F8020023E00200278002003E003
:10AFC0000060038000E002000300000000000000B9
:10AFD0000000000000000000000000000000000071
:10AFE0000000000000000000000000000000000061
:10AFF0000000000000000000000000000000000051
:10B000000000000000000000000000000000000040
:10B010000000000000000000000000000000000030
:10B02000000000000000000000001FFFFFFC1000F7
:10B0300000041000000410000004100000041000C0
:10B0400000041000000410000004000000000000D4
:10B0500000000000000000000000000000000000F0
:10B0600000000000000000000000000000000000E0
:10B0700000000000000000000000000000000000D0
:10B0800000000000000000000000000000000000C0
:10B0900000000000000000000000000000000700A9
:10B0A000000003C0000000780000001E0000000344
:10B0B000C0000000F00000001E000000078000003B
:10B0C00000F00000003C000000060000000000004E
:10B0D0000000000000000000000000000000000070
:10B0E0000000000000000000000000000000000060
:10B0F0000000000000000000000000000000000050
:10B10000000000000000000000000000000000003F
:10B11000000000000000000000001000000410000B
:10B1200000041000000410000004100000041000CF
:10B130000004100000041FFFFFFC000000000000DE
:10B1400000000000000000000000000000000000FF
:10B1500000000000000000000000000000000000EF
:10B1600000000000000000000000000000000000DF
:10B1700000000000000000000000000000000000CF
:10B1800000000000000000000000000000000000BF
:10B1900000000000000000000000000000000000AF
:10B1A0000000020000000400000008000000180079
:10B1B000000010000000180000001800000004004B
:10B1C000000002000000000000000000000000007D
:10B1D000000000000000000000000000000000006F
:10B1E000000000000000000000000000000000005F
:10B1F000000000000000000000000000000000004F
:10B20000000000000000000000000000000000003E
:10B21000000000000001000000010000000100002B
:10B22000000100000001000000010000000100001A
:10B23000000100000001000000010000000100000A
:10B2400000010000000100000001000000010000FA
:10B2500000010000000000000000000000000000ED
:10B2600000000000000000000000000000000000DE
:10B2700000000000000000000000000000000000CE
:10B2800000000000000000000000000000000000BE
:10B29000000000000000000000000000000010009E
:10B2A000000010000000100000001800000008005E
:10B2B000000004000000000000000000000000008A
:10B2C000000000000000000000000000000000007E
:10B2D000000000000000000000000000000000006E
:10B2E000000000000000000000000000000000005E
:10B2F000000000000000000000000000000000004E
:10B30000000000000000000000000000000000003D
:10B310000000000000000000038000018FC0000357
:10B320008C60000618200004102000041020000487
:10B33000202000042040000620400003FFC0000140
:10B34000FFE00000002000000020000000C000001E
:10B3500000000000000000000000000000000000ED
:10B3600000000000000000000000000000000000DD
:10B3700000000000000000000000000000000000CD
:10B3800000000000000000000000000000000000BD
:10B39000000000000000020000000200000003FFA7
:10B3A000FFE007FFFFC0000180C000020060000254
:10B3B00000200004002000040020000400200006FB
:10B3C0000040000300C00001FF800000FE000000FC
:10B3D000000000000000000000000000000000006D
:10B3E000000000000000000000000000000000005D
:10B3F000000000000000000000000000000000004D
:10B40000000000000000000000000000000000003C
:10B410000000000000000000000000007E000001AD
:10B42000FF80000381C000020040000600200004ED
:10B43000002000040020000400200006002000037B
:10B44000C0400001C08000000300000000000000B8
:10B4500000000000000000000000000000000000EC
:10B4600000000000000000000000000000000000DC
:10B4700000000000000000000000000000000000CC
:10B4800000000000000000000000000000000000BC
:10B490000000000000000000000000007E0000012D
:10B4A000FF80000380C0000600600004002000044C
:10B4B000002000040020020400400202008003FF7C
:10B4C000FFE007FFFFC00000004000000040000058
:10B4D000000000000000000000000000000000006C
:10B4E000000000000000000000000000000000005C
:10B4F000000000000000000000000000000000004C
:10B50000000000000000000000000000000000003B
:10B510000000000000000000000000007E000001AC
:10B52000FF80000311C000021040000410600004FE
:10B53000102000041020000410200006102000033A
:10B5400010400001F0C00000710000000000000089
:10B5500000000000000000000000000000000000EB
:10B5600000000000000000000000000000000000DB
:10B5700000000000000000000000000000000000CB
:10B5800000000000000000000000000000000000BB
:10B5900000000000000000000000000400000004A3
:10B5A00000200004002000040020007FFFE001FFD5
:10B5B000FFE0010400200304002002040020020434
:10B5C0000020020400000200000001C0000001C0D1
:10B5D000000000000000000000000000000000006B
:10B5E000000000000000000000000000000000005B
:10B5F000000000000000000000000000000000004B
:10B60000000000000000000000000000000000003A
:10B61000000000000000000000000000001C00000E
:10B62000E33E0003FFC200020CC3000404C1000497
:10B6300004C1000404C1000404C100060CC10003DD
:10B64000F8C30005F0620006007E0006003C000022
:10B6500000000000000000000000000000000000EA
:10B6600000000000000000000000000000000000DA
:10B6700000000000000000000000000000000000CA
:10B6800000000000000000000000000000000000BA
:10B69000000000000000020000200200002003FF64
:10B6A000FFE007FFFFE0000100200002002000068D
:10B6B0000000000400000004000000040020000658
:10B6C00000200003FFE00001FFE000000020000078
:10B6D000002000000000000000000000000000004A
:10B6E000000000000000000000000000000000005A
:10B6F000000000000000000000000000000000004A
:10B700000000000000000000000000000000000039
:10B710000000000000000000000000000000000425
:10B720000020000400200004002000040020038703
:10B73000FFE0038FFFE003800020000000200000F6
:10B7400000200000002000000000000000000000B9
:10B7500000000000000000000000000000000000E9
:10B7600000000000000000000000000000000000D9
:10B7700000000000000000000000000000000000C9
:10B7800000000000000000000000000000000000B9
:10B7900000000000000000000000000000000000A9
:10B7A0000006000000070000000100000001000486
:10B7B00000010004000100040003000400060387E8
:10B7C000FFFC038FFFF80380000000000000000072
:10B7D0000000000000000000000000000000000069
:10B7E0000000000000000000000000000000000059
:10B7F0000000000000000000000000000000000049
:10B800000000000000000000000000000000000038
:10B81000000000000000020000200200002003FFE2
:10B82000FFE007FFFFE000000820000010200000FC
:10B8300030000000FC0000058E00000707A0000695
:10B8400001E0000400E000040020000000200000EF
:10B8500000000000000000000000000000000000E8
:10B8600000000000000000000000000000000000D8
:10B8700000000000000000000000000000000000C8
:10B8800000000000000000000000000000000000B8
:10B8900000000000000000000000000000000200A6
:10B8A000002002000020020000200200002003FF10
:10B8B000FFE007FFFFE00000002000000020000084
:10B8C0000020000000200000000000000000000038
:10B8D0000000000000000000000000000000000068
:10B8E0000000000000000000000000000000000058
:10B8F0000000000000000000000000000000000048
:10B900000000000000000000000000000000000037
:10B91000000000000000000400200007FFE0000F0E
:10B92000FFE00002002000040000000400200007E7
:10B93000FFE00003FFE0000200200004000000041C
:10B9400000200007FFE00003FFE0000000200000EF
:10B9500000000000000000000000000000000000E7
:10B9600000000000000000000000000000000000D7
:10B9700000000000000000000000000000000000C7
:10B9800000000000000000000000000000000000B7
:10B990000000000000000004002000040020000758
:10B9A000FFE0000FFFE00001002000020020000285
:10B9B0000000000400000004000000040020000655
:10B9C00000200003FFE00001FFE000000020000075
:10B9D0000020000000000000000000000000000047
:10B9E0000000000000000000000000000000000057
:10B9F0000000000000000000000000000000000047
:10BA00000000000000000000000000000000000036
:10BA10000000000000000000000000007E000000A8
:10BA2000FF80000381C000020040000600200004E7
:10BA30000020000400200004002000060020000276
:10BA40000040000381C00001FF8000007E00000074
:10BA500000000000000000000000000000000000E6
:10BA600000000000000000000000000000000000D6
:10BA700000000000000000000000000000000000C6
:10BA800000000000000000000000000000000000B6
:10BA90000000000000000004000100040001000795
:10BAA000FFFF000FFFFF000100C100020041000482
:10BAB00000200004002000040020000400200006F4
:10BAC0000040000301C00001FF8000007E00000074
:10BAD0000000000000000000000000000000000066
:10BAE0000000000000000000000000000000000056
:10BAF0000000000000000000000000000000000046
:10BB00000000000000000000000000000000000035
:10BB10000000000000000000000000007E000001A6
:10BB2000FF80000380C000020060000400200004C9
:10BB30000020000400200004002000020041000357
:10BB400000C10003FFFF0007FFFF0000000100002D
:10BB500000010000000000000000000000000000E4
:10BB600000000000000000000000000000000000D5
:10BB700000000000000000000000000000000000C5
:10BB800000000000000000000000000000000000B5
:10BB90000000000000000004002000040020000459
:10BBA000002000040020000FFFE0000FFFE0000075
:10BBB000C020000100200002002000060020000438
:10BBC0000000000400000007000000030000000067
:10BBD0000000000000000000000000000000000065
:10BBE0000000000000000000000000000000000055
:10BBF0000000000000000000000000000000000045
:10BC00000000000000000000000000000000000034
:10BC100000000000000000000000000003E0000140
:10BC2000C0E00003E04000063020000430200004A3
:10BC30001820000418200004182000040C20000222
:10BC40000C60000307C000078380000000000000B4
:10BC500000000000000000000000000000000000E4
:10BC600000000000000000000000000000000000D4
:10BC700000000000000000000000000000000000C4
:10BC800000000000000000000000000000000000B4
:10BC9000000000000000000000000004000000049C
:10BCA000000000040000000C0000001FFF8000FFE7
:10BCB000FFC0000400600004002000040020000415
:10BCC000002000040040000001800000000000008F
:10BCD0000000000000000000000000000000000064
:10BCE0000000000000000000000000000000000054
:10BCF0000000000000000000000000000000000044
:10BD00000000000000000000000000000000000033
:10BD10000000000000000004000000040000000714
:10BD2000FF80000FFFC00000006000000020000046
:10BD3000002000000020000000200004004000045B
:10BD400000800007FFE0000FFFC00000004000007F
:10BD500000400000000000000000000000000000A3
:10BD600000000000000000000000000000000000D3
:10BD700000000000000000000000000000000000C3
:10BD800000000000000000000000000000000000B3
:10BD90000000000000000004000000040000000794
:10BDA00080000007F0000004FE0000041FC0000037
:10BDB00003E00000038000001C0000046000000796
:10BDC00080000006000000040000000000000000E9
:10BDD0000000000000000000000000000000000063
:10BDE0000000000000000000000000000000000053
:10BDF0000000000000000000000000000000000043
:10BE00000000000000000000000000000000000032
:10BE1000000000040000000600000007C00000074A
:10BE2000FC0000043F80000003E000040F800006D7
:10BE3000F0000007F0000007FF8000040FE00000A2
:10BE4000038000043C000007C0000006000000045E
:10BE500000000000000000000000000000000000E2
:10BE600000000000000000000000000000000000D2
:10BE700000000000000000000000000000000000C2
:10BE800000000000000000000000000000000000B2
:10BE9000000000000000000000200004002000045A
:10BEA0000060000700E0000783200007E6000004B0
:10BEB000F80000003C0000045E20000587A000069A
:10BEC00001E00004006000040020000000200000E9
:10BED0000000000000000000000000000000000062
:10BEE0000000000000000000000000000000000052
:10BEF0000000000000000000000000000000000042
:10BF00000000000000000000000000000000000031
:10BF1000000000000000000400000004000300070F
:10BF200000030007E0010004F80100041F02000004
:10BF300007FC000000E000000700000438000007D4
:10BF4000C000000600000004000000040000000023
:10BF500000000000000000000000000000000000E1
:10BF600000000000000000000000000000000000D1
:10BF700000000000000000000000000000000000C1
:10BF800000000000000000000000000000000000B1
:10BF900000000000000000000000000780600006B4
:10BFA00000E0000403E0000407A000040E200004E9
:10BFB0003C20000470200005E020000780200007DE
:10BFC0000060000400E000000380000000000000AA
:10BFD0000000000000000000000000000000000061
:10BFE0000000000000000000000000000000000051
:10BFF0000000000000000000000000000000000041
:10C000000000000000000000000000000000000030
:10C010000000000000000000000000000000000020
:10C020000000000000000000000000000000000010
:10C030008000000080000001400007FE3FF808007B
:10C0400000041000000210000002000000000000C8
:10C0500000000000000000000000000000000000E0
:10C0600000000000000000000000000000000000D0
:10C0700000000000000000000000000000000000C0
:10C0800000000000000000000000000000000000B0
:10C0900000000000000000000000000000000000A0
:10C0A0000000000000000000000000000000000090
:10C0B0000000FFFFFFFF0000000000000000000084
:10C0C0000000000000000000000000000000000070
:10C0D0000000000000000000000000000000000060
:10C0E0000000000000000000000000000000000050
:10C0F0000000000000000000000000000000000040
:10C10000000000000000000000000000000000002F
:10C1100000000000000000000000100000021000FD
:10C1200000020800000407FE3FF800014000000084
:10C1300080000000800000000000000000000000FF
:10C1400000000000000000000000000000000000EF
:10C1500000000000000000000000000000000000DF
:10C1600000000000000000000000000000000000CF
:10C1700000000000000000000000000000000000BF
:10C1800000000000000000000000000000000000AF
:10C190000000000000001800000030000000400017
:10C1A00000004000000040000000200000003000BF
:10C1B000000008000000040000000200000002006F
:10C1C0000000020000000C00000018000000000049
:10C1D000000000000000000000000000000000005F
:10C1E000000000000000000000000000000000004F
:10C1F000000000000000000000000000000000003F
:10C20000000000000000000000000000000000002E
:10C21000000000004CC3000863E0012003053D045A
:10C220000008090F553733110003085600000000BD
:10C230000000004800003C080A281E50000082B49C
:10C24000D200000000000000000000000000852572
:10C25000104143310D00AD22247D1D1D32DF4F44BE
:10C260000F802C505000000000D3000000000F2869
:10C270001EFFF03703000000000000000000000077
:10C2800050B4C094532D0A02BE60A2718F82809276
:10C2900074A36B010F14031E0000000000000000D7
:10C2A0000000000000000000000D0E0F101213141B
:10C2B000151F1D1B1A19181716FFFFFFFFFFFFFFA1
:10C2C000FFFFFFFFFFFFFFFFFF06080C121314150F
:10C2D000171819FFFFFFFFFFFFFFFFFFFFFFFFFF23
:10C2E000FFFFFFFFFFFFFFFFFF00C4092323505D97
:10C2F000544B3C0F32FFE40440008A054000AA0082
:10C3000022220000732201005081588160816881DF
:10C310007081303132333435363738394142434415
:10C3200045464030580030313233343536373839AD
:10C3300061626364656640307800040000080000B4
:10C34000000000000002000100001000506C656158
:10C3500073652075736520746865207374796C75D6
:10C360007320636C69636B207468652063726F73FC
:10C3700073206F6E207468652073637265656E2E1E
:10C380005468652063726F73732077696C6C2061E9
:10C390006C77617973206D6F766520756E74696C4A
:10C3A000207468652073637265656E2061646A75C8
:10C3B00073746D656E7420697320636F6D706C6546
:10C3C0007465642E00000000C8EBB2CECAFD28D60A
:10C3D000A7B3D6CAFDD7D62831302F3136BDF8D60F
:10C3E000C629A1A2D7D6B7FBB4AEA1A2BAAFCAFDE7
:10C3F000C8EBBFDAB5D8D6B7B5C8D7F7CEAAB2CE94
:10C40000CAFD292CB5A50D0A000000003F00000060
:10C41000646563006964000072756E74696D65001F
:10C4200068656C70000000006C69737400000000A7
:10C4300068657800766F69642077726974655F61FA
:10C440006464722875333220616464722C753332EF
:10C450002076616C290000007533322072656164BA
:10C460005F616464722875333220616464722900EC
:10C47000766F69642064656C61795F6D73287531CE
:10C4800036206E6D73290000766F69642064656CD8
:10C4900061795F757328753332206E7573290000DA
:10C4A000C0C400080000002088010000C40100088A
:10C4B00024C50008880100200808000020020008A8
:10C4C00011031324F434FFFF0123D09013CD58142B
:10C4D00008B95B14083552022C08130CC41B082041
:10C4E000041A28041A14041A30041A10041A18041E
:10C4F0001361651B08580813B1741B083408137DB9
:10C50000621B0870081A99081A880822741420916E
:10C510006C14083D661B08D1041AF10C22042993FF
:04C5200001D900003D
:040000050800018965
:00000001FF
